333,p_vb,frmt2,sell,strm,,,83,49,1355,2712,1355.0
667,p_vb,frmt2,strm,sell,,,49,83,2712,1355,2712.0
304,p_vb,frmt2,sell,strm,category,CRIME,33,45,452,1033,452.0
696,p_vb,frmt2,strm,sell,category,CRIME,45,33,1033,452,1033.0
321,p_vb,frmt2,sell,strm,translation,no,46,44,649,1375,649.0
443,p_vb,frmt2,sell,strm,translation,transl,37,5,82,103,82.0
679,p_vb,frmt2,strm,sell,translation,no,44,46,1375,649,1375.0
557,p_vb,frmt2,strm,sell,translation,transl,5,37,103,82,103.0
585,p_vb,translation,no,transl,,,125,47,3436,2439,3436.0
415,p_vb,translation,transl,no,,,47,125,2439,3436,2439.0
474,p_nn,frmt2,sell,strm,,,83,49,1927,2140,1927.0
526,p_nn,frmt2,strm,sell,,,49,83,2140,1927,2140.0
473,p_nn,frmt2,sell,strm,category,CRIME,33,45,703,782,703.0
527,p_nn,frmt2,strm,sell,category,CRIME,45,33,782,703,782.0
546,p_nn,frmt2,sell,strm,translation,no,46,44,1105,919,1105.0
546,p_nn,frmt2,sell,strm,translation,transl,37,5,101,84,101.0
454,p_nn,frmt2,strm,sell,translation,no,44,46,919,1105,919.0
454,p_nn,frmt2,strm,sell,translation,transl,5,37,84,101,84.0
657,p_nn,translation,no,transl,,,125,47,3860,2015,3860.0
343,p_nn,translation,transl,no,,,47,125,2015,3860,2015.0
571,p_pn,frmt2,sell,strm,,,83,49,2324,1743,2324.0
429,p_pn,frmt2,strm,sell,,,49,83,1743,2324,1743.0
509,p_pn,frmt2,sell,strm,category,CRIME,33,45,756,729,756.0
491,p_pn,frmt2,strm,sell,category,CRIME,45,33,729,756,729.0
500,p_pn,frmt2,sell,strm,translation,no,46,44,1013,1011,1013.0
438,p_pn,frmt2,sell,strm,translation,transl,37,5,81,104,81.0
500,p_pn,frmt2,strm,sell,translation,no,44,46,1011,1013,1011.0
562,p_pn,frmt2,strm,sell,translation,transl,5,37,104,81,104.0
307,p_pn,translation,no,transl,,,125,47,1806,4069,1806.0
693,p_pn,translation,transl,no,,,47,125,4069,1806,4069.0
438,p_pp,frmt2,sell,strm,,,83,49,1781,2286,1781.0
562,p_pp,frmt2,strm,sell,,,49,83,2286,1781,2286.0
459,p_pp,frmt2,sell,strm,category,CRIME,33,45,681,804,681.0
541,p_pp,frmt2,strm,sell,category,CRIME,45,33,804,681,804.0
461,p_pp,frmt2,sell,strm,translation,no,46,44,933,1091,933.0
465,p_pp,frmt2,sell,strm,translation,transl,37,5,86,99,86.0
539,p_pp,frmt2,strm,sell,translation,no,44,46,1091,933,1091.0
535,p_pp,frmt2,strm,sell,translation,transl,5,37,99,86,99.0
593,p_pp,translation,no,transl,,,125,47,3483,2392,3483.0
407,p_pp,translation,transl,no,,,47,125,2392,3483,2392.0
612,p_ab,frmt2,sell,strm,,,83,49,2491,1576,2491.0
388,p_ab,frmt2,strm,sell,,,49,83,1576,2491,1576.0
621,p_ab,frmt2,sell,strm,category,CRIME,33,45,922,563,922.0
379,p_ab,frmt2,strm,sell,category,CRIME,45,33,563,922,563.0
740,p_ab,frmt2,sell,strm,translation,no,46,44,1498,526,1498.0
314,p_ab,frmt2,sell,strm,translation,transl,37,5,58,127,58.0
260,p_ab,frmt2,strm,sell,translation,no,44,46,526,1498,526.0
686,p_ab,frmt2,strm,sell,translation,transl,5,37,127,58,127.0
606,p_ab,translation,no,transl,,,125,47,3559,2316,3559.0
394,p_ab,translation,transl,no,,,47,125,2316,3559,2316.0
355,p_ma,frmt2,sell,strm,,,83,49,1445.5,2621.5,1445.5
645,p_ma,frmt2,strm,sell,,,49,83,2621.5,1445.5,2621.5
427,p_ma,frmt2,sell,strm,category,CRIME,33,45,634.5,850.5,634.5
573,p_ma,frmt2,strm,sell,category,CRIME,45,33,850.5,634.5,850.5
344,p_ma,frmt2,sell,strm,translation,no,46,44,696.5,1327.5,696.5
670,p_ma,frmt2,sell,strm,translation,transl,37,5,124,61,124.0
656,p_ma,frmt2,strm,sell,translation,no,44,46,1327.5,696.5,1327.5
330,p_ma,frmt2,strm,sell,translation,transl,5,37,61,124,61.0
668,p_ma,translation,no,transl,,,125,47,3926,1949,3926.0
332,p_ma,translation,transl,no,,,47,125,1949,3926,1949.0
650,p_mi,frmt2,sell,strm,,,83,49,2643,1424,2643.0
350,p_mi,frmt2,strm,sell,,,49,83,1424,2643,1424.0
654,p_mi,frmt2,sell,strm,category,CRIME,33,45,971,514,971.0
346,p_mi,frmt2,strm,sell,category,CRIME,45,33,514,971,514.0
620,p_mi,frmt2,sell,strm,translation,no,46,44,1254,770,1254.0
551,p_mi,frmt2,sell,strm,translation,transl,37,5,102,83,102.0
380,p_mi,frmt2,strm,sell,translation,no,44,46,770,1254,770.0
449,p_mi,frmt2,strm,sell,translation,transl,5,37,83,102,83.0
342,p_mi,translation,no,transl,,,125,47,2010,3865,2010.0
658,p_mi,translation,transl,no,,,47,125,3865,2010,3865.0
539,p_kn,frmt2,sell,strm,,,83,49,2191,1876,2191.0
461,p_kn,frmt2,strm,sell,,,49,83,1876,2191,1876.0
455,p_kn,frmt2,sell,strm,category,CRIME,33,45,676,809,676.0
545,p_kn,frmt2,strm,sell,category,CRIME,45,33,809,676,809.0
570,p_kn,frmt2,sell,strm,translation,no,46,44,1154,870,1154.0
454,p_kn,frmt2,sell,strm,translation,transl,37,5,84,101,84.0
430,p_kn,frmt2,strm,sell,translation,no,44,46,870,1154,870.0
546,p_kn,frmt2,strm,sell,translation,transl,5,37,101,84,101.0
523,p_kn,translation,no,transl,,,125,47,3072,2803,3072.0
477,p_kn,translation,transl,no,,,47,125,2803,3072,2803.0
712,p_jj,frmt2,sell,strm,,,83,49,2896,1171,2896.0
288,p_jj,frmt2,strm,sell,,,49,83,1171,2896,1171.0
650,p_jj,frmt2,sell,strm,category,CRIME,33,45,965,520,965.0
350,p_jj,frmt2,strm,sell,category,CRIME,45,33,520,965,520.0
675,p_jj,frmt2,sell,strm,translation,no,46,44,1366,658,1366.0
778,p_jj,frmt2,sell,strm,translation,transl,37,5,144,41,144.0
325,p_jj,frmt2,strm,sell,translation,no,44,46,658,1366,658.0
222,p_jj,frmt2,strm,sell,translation,transl,5,37,41,144,41.0
369,p_jj,translation,no,transl,,,125,47,2165,3710,2165.0
631,p_jj,translation,transl,no,,,47,125,3710,2165,3710.0
511,p_dt,frmt2,sell,strm,,,83,49,2077,1990,2077.0
489,p_dt,frmt2,strm,sell,,,49,83,1990,2077,1990.0
594,p_dt,frmt2,sell,strm,category,CRIME,33,45,882,603,882.0
406,p_dt,frmt2,strm,sell,category,CRIME,45,33,603,882,603.0
555,p_dt,frmt2,sell,strm,translation,no,46,44,1124,900,1124.0
514,p_dt,frmt2,sell,strm,translation,transl,37,5,95,90,95.0
445,p_dt,frmt2,strm,sell,translation,no,44,46,900,1124,900.0
486,p_dt,frmt2,strm,sell,translation,transl,5,37,90,95,90.0
546,p_dt,translation,no,transl,,,125,47,3209,2666,3209.0
454,p_dt,translation,transl,no,,,47,125,2666,3209,2666.0
201,p_pm,frmt2,sell,strm,,,83,49,818,3249,818.0
799,p_pm,frmt2,strm,sell,,,49,83,3249,818,3249.0
230,p_pm,frmt2,sell,strm,category,CRIME,33,45,342,1143,342.0
770,p_pm,frmt2,strm,sell,category,CRIME,45,33,1143,342,1143.0
215,p_pm,frmt2,sell,strm,translation,no,46,44,435,1589,435.0
411,p_pm,frmt2,sell,strm,translation,transl,37,5,76,109,76.0
785,p_pm,frmt2,strm,sell,translation,no,44,46,1589,435,1589.0
589,p_pm,frmt2,strm,sell,translation,transl,5,37,109,76,109.0
757,p_pm,translation,no,transl,,,125,47,4446,1429,4446.0
243,p_pm,translation,transl,no,,,47,125,1429,4446,1429.0
309,p_pl,frmt2,sell,strm,,,83,49,1255.0,2812.0,1255.0
691,p_pl,frmt2,strm,sell,,,49,83,2812.0,1255.0,2812.0
412,p_pl,frmt2,sell,strm,category,CRIME,33,45,611.5,873.5,611.5
588,p_pl,frmt2,strm,sell,category,CRIME,45,33,873.5,611.5,873.5
333,p_pl,frmt2,sell,strm,translation,no,46,44,673.0,1351.0,673.0
449,p_pl,frmt2,sell,strm,translation,transl,37,5,83,102,83.0
667,p_pl,frmt2,strm,sell,translation,no,44,46,1351.0,673.0,1351.0
551,p_pl,frmt2,strm,sell,translation,transl,5,37,102,83,102.0
661,p_pl,translation,no,transl,,,125,47,3882.5,1992.5,3882.5
339,p_pl,translation,transl,no,,,47,125,1992.5,3882.5,1992.5
507,p_sn,frmt2,sell,strm,,,83,49,2060,2007,2060.0
493,p_sn,frmt2,strm,sell,,,49,83,2007,2060,2007.0
451,p_sn,frmt2,sell,strm,category,CRIME,33,45,670,815,670.0
549,p_sn,frmt2,strm,sell,category,CRIME,45,33,815,670,815.0
472,p_sn,frmt2,sell,strm,translation,no,46,44,955,1069,955.0
384,p_sn,frmt2,sell,strm,translation,transl,37,5,71,114,71.0
528,p_sn,frmt2,strm,sell,translation,no,44,46,1069,955,1069.0
616,p_sn,frmt2,strm,sell,translation,transl,5,37,114,71,114.0
351,p_sn,translation,no,transl,,,125,47,2061.5,3813.5,2061.5
649,p_sn,translation,transl,no,,,47,125,3813.5,2061.5,3813.5
535,p_pa,frmt2,sell,strm,,,83,49,2175,1892,2175.0
465,p_pa,frmt2,strm,sell,,,49,83,1892,2175,1892.0
557,p_pa,frmt2,sell,strm,category,CRIME,33,45,827,658,827.0
443,p_pa,frmt2,strm,sell,category,CRIME,45,33,658,827,658.0
436,p_pa,frmt2,sell,strm,translation,no,46,44,883,1141,883.0
557,p_pa,frmt2,sell,strm,translation,transl,37,5,103,82,103.0
564,p_pa,frmt2,strm,sell,translation,no,44,46,1141,883,1141.0
443,p_pa,frmt2,strm,sell,translation,transl,5,37,82,103,82.0
243,p_pa,translation,no,transl,,,125,47,1429,4446,1429.0
757,p_pa,translation,transl,no,,,47,125,4446,1429,4446.0
566,p_hp,frmt2,sell,strm,,,83,49,2301,1766,2301.0
434,p_hp,frmt2,strm,sell,,,49,83,1766,2301,1766.0
655,p_hp,frmt2,sell,strm,category,CRIME,33,45,973,512,973.0
345,p_hp,frmt2,strm,sell,category,CRIME,45,33,512,973,512.0
571,p_hp,frmt2,sell,strm,translation,no,46,44,1156,868,1156.0
514,p_hp,frmt2,sell,strm,translation,transl,37,5,95,90,95.0
429,p_hp,frmt2,strm,sell,translation,no,44,46,868,1156,868.0
486,p_hp,frmt2,strm,sell,translation,transl,5,37,90,95,90.0
495,p_hp,translation,no,transl,,,125,47,2908,2967,2908.0
505,p_hp,translation,transl,no,,,47,125,2967,2908,2967.0
619,p_ps,frmt2,sell,strm,,,83,49,2518,1549,2518.0
381,p_ps,frmt2,strm,sell,,,49,83,1549,2518,1549.0
582,p_ps,frmt2,sell,strm,category,CRIME,33,45,864,621,864.0
418,p_ps,frmt2,strm,sell,category,CRIME,45,33,621,864,621.0
578,p_ps,frmt2,sell,strm,translation,no,46,44,1169,855,1169.0
514,p_ps,frmt2,sell,strm,translation,transl,37,5,95,90,95.0
422,p_ps,frmt2,strm,sell,translation,no,44,46,855,1169,855.0
486,p_ps,frmt2,strm,sell,translation,transl,5,37,90,95,90.0
315,p_ps,translation,no,transl,,,125,47,1853,4022,1853.0
685,p_ps,translation,transl,no,,,47,125,4022,1853,4022.0
594,p_ie,frmt2,sell,strm,,,83,49,2415.0,1652.0,2415.0
406,p_ie,frmt2,strm,sell,,,49,83,1652.0,2415.0,1652.0
562,p_ie,frmt2,sell,strm,category,CRIME,33,45,834.0,651.0,834.0
438,p_ie,frmt2,strm,sell,category,CRIME,45,33,651.0,834.0,651.0
583,p_ie,frmt2,sell,strm,translation,no,46,44,1181.0,843.0,1181.0
400,p_ie,frmt2,sell,strm,translation,transl,37,5,74,111,74.0
417,p_ie,frmt2,strm,sell,translation,no,44,46,843.0,1181.0,843.0
600,p_ie,frmt2,strm,sell,translation,transl,5,37,111,74,111.0
389,p_ie,translation,no,transl,,,125,47,2287.0,3588.0,2287.0
611,p_ie,translation,transl,no,,,47,125,3588.0,2287.0,3588.0
387,p_ha,frmt2,sell,strm,,,83,49,1574,2493,1574.0
613,p_ha,frmt2,strm,sell,,,49,83,2493,1574,2493.0
387,p_ha,frmt2,sell,strm,category,CRIME,33,45,575,910,575.0
613,p_ha,frmt2,strm,sell,category,CRIME,45,33,910,575,910.0
438,p_ha,frmt2,sell,strm,translation,no,46,44,887,1137,887.0
200,p_ha,frmt2,sell,strm,translation,transl,37,5,37,148,37.0
562,p_ha,frmt2,strm,sell,translation,no,44,46,1137,887,1137.0
800,p_ha,frmt2,strm,sell,translation,transl,5,37,148,37,148.0
536,p_ha,translation,no,transl,,,125,47,3146.5,2728.5,3146.5
464,p_ha,translation,transl,no,,,47,125,2728.5,3146.5,2728.5
398,p_pc,frmt2,sell,strm,,,83,49,1620,2447,1620.0
602,p_pc,frmt2,strm,sell,,,49,83,2447,1620,2447.0
401,p_pc,frmt2,sell,strm,category,CRIME,33,45,596,889,596.0
599,p_pc,frmt2,strm,sell,category,CRIME,45,33,889,596,889.0
390,p_pc,frmt2,sell,strm,translation,no,46,44,789,1235,789.0
503,p_pc,frmt2,sell,strm,translation,transl,37,5,93,92,93.0
610,p_pc,frmt2,strm,sell,translation,no,44,46,1235,789,1235.0
497,p_pc,frmt2,strm,sell,translation,transl,5,37,92,93,92.0
521,p_pc,translation,no,transl,,,125,47,3060,2815,3060.0
479,p_pc,translation,transl,no,,,47,125,2815,3060,2815.0
451,p_rg,frmt2,sell,strm,,,83,49,1836.0,2231.0,1836.0
549,p_rg,frmt2,strm,sell,,,49,83,2231.0,1836.0,2231.0
522,p_rg,frmt2,sell,strm,category,CRIME,33,45,775.0,710.0,775.0
478,p_rg,frmt2,strm,sell,category,CRIME,45,33,710.0,775.0,710.0
511,p_rg,frmt2,sell,strm,translation,no,46,44,1034.0,990.0,1034.0
432,p_rg,frmt2,sell,strm,translation,transl,37,5,80,105,80.0
489,p_rg,frmt2,strm,sell,translation,no,44,46,990.0,1034.0,990.0
568,p_rg,frmt2,strm,sell,translation,transl,5,37,105,80,105.0
568,p_rg,translation,no,transl,,,125,47,3339,2536,3339.0
432,p_rg,translation,transl,no,,,47,125,2536,3339,2536.0
438,p_in,frmt2,sell,strm,,,83,49,1781,2286,1781.0
562,p_in,frmt2,strm,sell,,,49,83,2286,1781,2286.0
346,p_in,frmt2,sell,strm,category,CRIME,33,45,514,971,514.0
654,p_in,frmt2,strm,sell,category,CRIME,45,33,971,514,971.0
434,p_in,frmt2,sell,strm,translation,no,46,44,878,1146,878.0
470,p_in,frmt2,sell,strm,translation,transl,37,5,87,98,87.0
566,p_in,frmt2,strm,sell,translation,no,44,46,1146,878,1146.0
530,p_in,frmt2,strm,sell,translation,transl,5,37,98,87,98.0
484,p_in,translation,no,transl,,,125,47,2844.5,3030.5,2844.5
516,p_in,translation,transl,no,,,47,125,3030.5,2844.5,3030.5
724,p_ro,frmt2,sell,strm,,,83,49,2942.5,1124.5,2942.5
276,p_ro,frmt2,strm,sell,,,49,83,1124.5,2942.5,1124.5
771,p_ro,frmt2,sell,strm,category,CRIME,33,45,1144.5,340.5,1144.5
229,p_ro,frmt2,strm,sell,category,CRIME,45,33,340.5,1144.5,340.5
773,p_ro,frmt2,sell,strm,translation,no,46,44,1564,460,1564.0
422,p_ro,frmt2,sell,strm,translation,transl,37,5,78,107,78.0
227,p_ro,frmt2,strm,sell,translation,no,44,46,460,1564,460.0
578,p_ro,frmt2,strm,sell,translation,transl,5,37,107,78,107.0
428,p_ro,translation,no,transl,,,125,47,2516.5,3358.5,2516.5
572,p_ro,translation,transl,no,,,47,125,3358.5,2516.5,3358.5
650,p_uo,frmt2,sell,strm,,,83,49,2644.5,1422.5,2644.5
350,p_uo,frmt2,strm,sell,,,49,83,1422.5,2644.5,1422.5
588,p_uo,frmt2,sell,strm,category,CRIME,33,45,873.0,612.0,873.0
412,p_uo,frmt2,strm,sell,category,CRIME,45,33,612.0,873.0,612.0
615,p_uo,frmt2,sell,strm,translation,no,46,44,1244.0,780.0,1244.0
670,p_uo,frmt2,sell,strm,translation,transl,37,5,124,61,124.0
385,p_uo,frmt2,strm,sell,translation,no,44,46,780.0,1244.0,780.0
330,p_uo,frmt2,strm,sell,translation,transl,5,37,61,124,61.0
366,p_uo,translation,no,transl,,,125,47,2149.0,3726.0,2149.0
634,p_uo,translation,transl,no,,,47,125,3726.0,2149.0,3726.0
347,p_hd,frmt2,sell,strm,,,83,49,1412.0,2655.0,1412.0
653,p_hd,frmt2,strm,sell,,,49,83,2655.0,1412.0,2655.0
262,p_hd,frmt2,sell,strm,category,CRIME,33,45,388.5,1096.5,388.5
738,p_hd,frmt2,strm,sell,category,CRIME,45,33,1096.5,388.5,1096.5
322,p_hd,frmt2,sell,strm,translation,no,46,44,651.5,1372.5,651.5
414,p_hd,frmt2,sell,strm,translation,transl,37,5,76.5,108.5,76.5
678,p_hd,frmt2,strm,sell,translation,no,44,46,1372.5,651.5,1372.5
586,p_hd,frmt2,strm,sell,translation,transl,5,37,108.5,76.5,108.5
526,p_hd,translation,no,transl,,,125,47,3093.0,2782.0,3093.0
474,p_hd,translation,transl,no,,,47,125,2782.0,3093.0,2782.0
623,p_hs,frmt2,sell,strm,,,83,49,2535.5,1531.5,2535.5
377,p_hs,frmt2,strm,sell,,,49,83,1531.5,2535.5,1531.5
628,p_hs,frmt2,sell,strm,category,CRIME,33,45,932.0,553.0,932.0
372,p_hs,frmt2,strm,sell,category,CRIME,45,33,553.0,932.0,553.0
605,p_hs,frmt2,sell,strm,translation,no,46,44,1224.5,799.5,1224.5
465,p_hs,frmt2,sell,strm,translation,transl,37,5,86,99,86.0
395,p_hs,frmt2,strm,sell,translation,no,44,46,799.5,1224.5,799.5
535,p_hs,frmt2,strm,sell,translation,transl,5,37,99,86,99.0
305,p_hs,translation,no,transl,,,125,47,1793.0,4082.0,1793.0
695,p_hs,translation,transl,no,,,47,125,4082.0,1793.0,4082.0
594,common,frmt2,sell,strm,,,83,49,2415.5,1651.5,2415.5
406,common,frmt2,strm,sell,,,49,83,1651.5,2415.5,1651.5
548,common,frmt2,sell,strm,category,CRIME,33,45,813.5,671.5,813.5
452,common,frmt2,strm,sell,category,CRIME,45,33,671.5,813.5,671.5
534,common,frmt2,sell,strm,translation,no,46,44,1080.5,943.5,1080.5
508,common,frmt2,sell,strm,translation,transl,37,5,94.0,91.0,94.0
466,common,frmt2,strm,sell,translation,no,44,46,943.5,1080.5,943.5
492,common,frmt2,strm,sell,translation,transl,5,37,91.0,94.0,91.0
321,common,translation,no,transl,,,125,47,1886.5,3988.5,1886.5
679,common,translation,transl,no,,,47,125,3988.5,1886.5,3988.5
612,rare,frmt2,sell,strm,,,83,49,2489.0,1578.0,2489.0
388,rare,frmt2,strm,sell,,,49,83,1578.0,2489.0,1578.0
654,rare,frmt2,sell,strm,category,CRIME,33,45,971.5,513.5,971.5
346,rare,frmt2,strm,sell,category,CRIME,45,33,513.5,971.5,513.5
663,rare,frmt2,sell,strm,translation,no,46,44,1342.0,682.0,1342.0
476,rare,frmt2,sell,strm,translation,transl,37,5,88.0,97.0,88.0
337,rare,frmt2,strm,sell,translation,no,44,46,682.0,1342.0,682.0
524,rare,frmt2,strm,sell,translation,transl,5,37,97.0,88.0,97.0
506,rare,translation,no,transl,,,125,47,2972.0,2903.0,2972.0
494,rare,translation,transl,no,,,47,125,2903.0,2972.0,2903.0
474,ttrall,frmt2,sell,strm,,,83,49,1929.5,2137.5,1929.5
526,ttrall,frmt2,strm,sell,,,49,83,2137.5,1929.5,2137.5
562,ttrall,frmt2,sell,strm,category,CRIME,33,45,834.0,651.0,834.0
438,ttrall,frmt2,strm,sell,category,CRIME,45,33,651.0,834.0,651.0
521,ttrall,frmt2,sell,strm,translation,no,46,44,1055.0,969.0,1055.0
486,ttrall,frmt2,sell,strm,translation,transl,37,5,90.0,95.0,90.0
479,ttrall,frmt2,strm,sell,translation,no,44,46,969.0,1055.0,969.0
514,ttrall,frmt2,strm,sell,translation,transl,5,37,95.0,90.0,95.0
593,ttrall,translation,no,transl,,,125,47,3484.5,2390.5,3484.5
407,ttrall,translation,transl,no,,,47,125,2390.5,3484.5,2390.5
491,ttrNN,frmt2,sell,strm,,,83,49,1998.0,2069.0,1998.0
509,ttrNN,frmt2,strm,sell,,,49,83,2069.0,1998.0,2069.0
548,ttrNN,frmt2,sell,strm,category,CRIME,33,45,813.5,671.5,813.5
452,ttrNN,frmt2,strm,sell,category,CRIME,45,33,671.5,813.5,671.5
509,ttrNN,frmt2,sell,strm,translation,no,46,44,1031.0,993.0,1031.0
538,ttrNN,frmt2,sell,strm,translation,transl,37,5,99.5,85.5,99.5
491,ttrNN,frmt2,strm,sell,translation,no,44,46,993.0,1031.0,993.0
462,ttrNN,frmt2,strm,sell,translation,transl,5,37,85.5,99.5,85.5
558,ttrNN,translation,no,transl,,,125,47,3279.5,2595.5,3279.5
442,ttrNN,translation,transl,no,,,47,125,2595.5,3279.5,2595.5
535,ttrVB,frmt2,sell,strm,,,83,49,2174.0,1893.0,2174.0
465,ttrVB,frmt2,strm,sell,,,49,83,1893.0,2174.0,1893.0
615,ttrVB,frmt2,sell,strm,category,CRIME,33,45,913.5,571.5,913.5
385,ttrVB,frmt2,strm,sell,category,CRIME,45,33,571.5,913.5,571.5
611,ttrVB,frmt2,sell,strm,translation,no,46,44,1236.0,788.0,1236.0
449,ttrVB,frmt2,sell,strm,translation,transl,37,5,83.0,102.0,83.0
389,ttrVB,frmt2,strm,sell,translation,no,44,46,788.0,1236.0,788.0
551,ttrVB,frmt2,strm,sell,translation,transl,5,37,102.0,83.0,102.0
578,ttrVB,translation,no,transl,,,125,47,3395.0,2480.0,3395.0
422,ttrVB,translation,transl,no,,,47,125,2480.0,3395.0,2480.0
372,ttrJJ,frmt2,sell,strm,,,83,49,1514.5,2552.5,1514.5
628,ttrJJ,frmt2,strm,sell,,,49,83,2552.5,1514.5,2552.5
396,ttrJJ,frmt2,sell,strm,category,CRIME,33,45,588.0,897.0,588.0
604,ttrJJ,frmt2,strm,sell,category,CRIME,45,33,897.0,588.0,897.0
365,ttrJJ,frmt2,sell,strm,translation,no,46,44,739.0,1285.0,739.0
289,ttrJJ,frmt2,sell,strm,translation,transl,37,5,53.5,131.5,53.5
635,ttrJJ,frmt2,strm,sell,translation,no,44,46,1285.0,739.0,1285.0
711,ttrJJ,frmt2,strm,sell,translation,transl,5,37,131.5,53.5,131.5
501,ttrJJ,translation,no,transl,,,125,47,2941.0,2934.0,2941.0
499,ttrJJ,translation,transl,no,,,47,125,2934.0,2941.0,2934.0
650,wc,frmt2,sell,strm,,,83,49,2642,1425,2642.0
350,wc,frmt2,strm,sell,,,49,83,1425,2642,1425.0
778,wc,frmt2,sell,strm,category,CRIME,33,45,1155,330,1155.0
222,wc,frmt2,strm,sell,category,CRIME,45,33,330,1155,330.0
704,wc,frmt2,sell,strm,translation,no,46,44,1424,600,1424.0
314,wc,frmt2,sell,strm,translation,transl,37,5,58,127,58.0
296,wc,frmt2,strm,sell,translation,no,44,46,600,1424,600.0
686,wc,frmt2,strm,sell,translation,transl,5,37,127,58,127.0
369,wc,translation,no,transl,,,125,47,2166,3709,2166.0
631,wc,translation,transl,no,,,47,125,3709,2166,3709.0
608,plm,frmt2,sell,strm,,,83,49,2471,1596,2471.0
392,plm,frmt2,strm,sell,,,49,83,1596,2471,1596.0
520,plm,frmt2,sell,strm,category,CRIME,33,45,772,713,772.0
480,plm,frmt2,strm,sell,category,CRIME,45,33,713,772,713.0
580,plm,frmt2,sell,strm,translation,no,46,44,1173,851,1173.0
422,plm,frmt2,sell,strm,translation,transl,37,5,78,107,78.0
420,plm,frmt2,strm,sell,translation,no,44,46,851,1173,851.0
578,plm,frmt2,strm,sell,translation,transl,5,37,107,78,107.0
321,plm,translation,no,transl,,,125,47,1885,3990,1885.0
679,plm,translation,transl,no,,,47,125,3990,1885,3990.0
735,ddm,frmt2,sell,strm,,,83,49,2988.5,1078.5,2988.5
265,ddm,frmt2,strm,sell,,,49,83,1078.5,2988.5,1078.5
692,ddm,frmt2,sell,strm,category,CRIME,33,45,1028.0,457.0,1028.0
308,ddm,frmt2,strm,sell,category,CRIME,45,33,457.0,1028.0,457.0
734,ddm,frmt2,sell,strm,translation,no,46,44,1485.0,539.0,1485.0
389,ddm,frmt2,sell,strm,translation,transl,37,5,72,113,72.0
266,ddm,frmt2,strm,sell,translation,no,44,46,539.0,1485.0,539.0
611,ddm,frmt2,strm,sell,translation,transl,5,37,113,72,113.0
238,ddm,translation,no,transl,,,125,47,1401.0,4474.0,1401.0
762,ddm,translation,transl,no,,,47,125,4474.0,1401.0,4474.0
