id,title,author1,author2,author_gender,publication_date,publisher,translation,category,storytel_category,thema_codes,narrator
SvB_BS_001,Da Vinci-koden,"Brown, Dan",,M,2004,Bonniers,transl,CRIME,Thrillers,"F, FH",Jan Waldecranz
SvB_BS_002,Tjuvarnas marknad,"Guillou, Jan",,M,2004,Piratförlaget,no,CRIME,Thrillers,"F, FH",Tomas Bolme
SvB_BS_003,Asyl,"Marklund, Liza",Maria Eriksson,F,2004,Piratförlaget,no,OTHER,Biographies,DNB,Lia Boysen
SvB_BS_004,Skuggorna och regnet,"Nesser, Håkan",,M,2004,Bonniers,no,CRIME,Fiction,FB,Torsten Wahlund
SvB_BS_005,I skuggan av ett brott,"Henschen, Helena",,F,2004,Brombergs,no,OTHER,Fiction,FB,Irene Lindh
SvB_BS_006,Boken om Blanche och Marie,"Enquist, Per Olov",,M,2004,Norstedts,no,PRESTIGE,Fiction,"F, FBA",Anita Björk
SvB_BS_007,Gregorius,"Ohlsson, Bengt",,M,2004,Bonniers,no,PRESTIGE,Fiction,"F, FB",Johan Rabaeus
SvB_BS_008,Den röda vargen,"Marklund, Liza",,F,2003,Piratförlaget,no,CRIME,Crime,"FF, FH",Katarina Ewerlöf
SvB_BS_009,"En annan tid, ett annat liv","Persson, Leif GW",,M,2003,Bonniers,no,CRIME,Crime,"FF, FB",Thomas Pontén
SvB_BS_010,Bortom sanningen,"Holt, Anne",,F,2003,Piratförlaget,transl,CRIME,Crime,"FF, FH",Torsten Wahlund
SvB_BS_011,Ett öga rött,"Khemiri, Jonas Hassen",,M,2003,Bonniers,no,OTHER,Fiction,"F, FB",Hamadi Khemiri
SvB_BS_012,Solstorm,"Larsson, Åsa",,F,2003,Bonniers,no,CRIME,Crime,"FF, FF, FH",Marie Richardson
SvB_BS_013,Änglar och demoner,"Brown, Dan",,M,2005,Bonniers,transl,CRIME,Crime,"F, FF, FH",Johan Rabaeus
SvB_BS_014,I cirkelns mitt,"Brown, Dan",,M,2005,Bonniers,transl,CRIME,Crime,"F, FF, FH",Per Mattsson
SvB_BS_015,Linda - som i Lindamordet,"Persson, Leif GW",,M,2005,Bonniers,no,CRIME,NONE,NONE,NONE
SvB_BS_016,Gangsters,"Östergren, Klas",,M,2005,Bonniers,no,PRESTIGE,NONE,NONE,NONE
SvB_BS_017,Kennedys hjärna,"Mankell, Henning",,M,2005,Leopard,no,CRIME,Thrillers,"F, FH",Helena Bergström
SvB_BS_018,Stenhuggaren,"Läckberg, Camilla",,F,2005,Forum,no,CRIME,Crime,"FF, FF, FH",Katarina Ewerlöf
SvB_BS_019,Efter alla år av saknad,"Robinson, Peter",,M,2003,Minotaur,transl,CRIME,Crime,"FF, FF, FH",Tomas Bolme
SvB_BS_020,Det blod som spillts,"Larsson, Åsa",,F,2004,Bonniers,no,CRIME,Crime,"FF, FF, FH",Katarina Ewerlöf
SvB_BS_021,Predikanten,"Läckberg, Camilla",,F,2004,Forum,no,CRIME,Crime,"FF, FF, FH",Eva Röse
SvB_BS_022,Små citroner gula,"Ingemarsson, Kajsa",,F,2004,Norstedts,no,OTHER,Fiction,"F, FBA",Kajsa Ingemarsson
SvB_BS_023,Tillsammans är man mindre ensam,"Gavalda, Anna",,F,2005,Bonniers,transl,OTHER,Romance,"F, FR",Eva Röse
SvB_BS_024,Madame Terror,"Guillou, Jan",,M,2006,Piratförlaget,no,CRIME,Thrillers,"F, FH",Tomas Bolme
SvB_BS_025,Nobels testamente,"Marklund, Liza",,F,2006,Piratförlaget,no,CRIME,Crime,"FF, FH",Katarina Ewerlöf
SvB_BS_026,Flickan som lekte med elden,"Larsson, Stieg",,M,2006,Norstedts,no,CRIME,Thrillers,"F, FH","Reine Brynolfsson, Sherman Howard"
SvB_BS_027,Olycksfågeln,"Läckberg, Camilla",,F,2006,Forum,no,CRIME,Crime,"FF, FF, FH",Katarina Ewerlöf
SvB_BS_028,Svart stig,"Larsson, Åsa",,F,2006,Bonniers,no,CRIME,Crime,"FF, FF, FH",Katarina Ewerlöf
SvB_BS_029,Människa utan hund,"Nesser, Håkan",,M,2006,Bonniers,no,CRIME,Fiction,FB,Håkan Nesser
SvB_BS_030,Svinalängorna,"Alakoski, Susanna",,F,2006,Bonniers,no,PRESTIGE,Fiction,"F, FB",Sannamari Patjas
SvB_BS_031,Mannen som dog som en lax,"Niemi, Mikael",,M,2006,Norstedts,no,OTHER,Fiction,"F, FBA",Mikael Niemi
SvB_BS_032,Skam,"Alvtegen, Karin",,F,2005,Natur & Kultur,no,OTHER,Crime,"FF, FH",Karin Alvtegen
SvB_BS_033,Den amerikanska flickan,"Fagerholm, Monika",,F,2005,Bonniers,no,PRESTIGE,Fiction,"F, FB",NONE
SvB_BS_034,Den ryske vännen,"Ingemarsson, Kajsa",,F,2005,Forum,no,OTHER,Thrillers,"F, FH",Pia Johansson
SvB_BS_035,En lek med eld,"Robinson, Peter",,M,2004,Minotaur,transl,CRIME,Crime,"FF, FF, FH",Tomas Bolme
SvB_BS_036,Män som hatar kvinnor,"Larsson, Stieg",,M,2005,Norstedts,no,CRIME,Thrillers,"F, FH",Reine Brynolfsson
SvB_BS_037,Isprinsessan,"Läckberg, Camilla",,F,2003,Warne,no,CRIME,Crime,"FF, FF, FH",Katarina Ewerlöf
SvB_BS_038,Mordet på Harriet Krohn,"Fossum, Karin",,F,2005,Forum,transl,CRIME,Crime,"FF, FF, FH",Torsten Wahlund
SvB_BS_039,Mossvikenfruar. Chansen,"Hamberg, Emma",,F,2005,Bonniers,no,OTHER,Fiction,"F, FB",Emma Hamberg
SvB_BS_040,Box 21,"Roslund, Anders",Börge Hellström,M,2004,Piratförlaget,no,CRIME,Crime,"FF, FH",Thomas Hanzon
SvB_BS_041,Flickan med majblommorna,"Wahlberg, Karin",,F,2004,Wahlström & Widstrand,no,CRIME,Crime,"FF, FF, FH",Torsten Wahlund
SvB_BS_042,Luftslottet som sprängdes,"Larsson, Stieg",,M,2007,Norstedts,no,CRIME,Thrillers,"F, FH",Reine Brynolfsson
SvB_BS_043,Tyskungen,"Läckberg, Camilla",,F,2007,Forum,no,CRIME,Crime,"FF, FF, FH",Katarina Ewerlöf
SvB_BS_044,Livstid,"Marklund, Liza",,F,2007,Piratförlaget,no,CRIME,Crime,"FF, FH",Katarina Ewerlöf
SvB_BS_045,Faller fritt som i en dröm,"Persson, Leif GW",,M,2007,Bonniers,no,CRIME,Crime,"FF, FF, FH",Peter Andersson
SvB_BS_046,En helt annan historia,"Nesser, Håkan",,M,2007,Bonniers,no,CRIME,Fiction,FB,Håkan Nesser
SvB_BS_047,Fienden inom oss,"Guillou, Jan",,M,2007,Piratförlaget,no,CRIME,Thrillers,"F, FH",Tomas Bolme
SvB_BS_048,Norrlands akvavit,"Lindgren, Torgny",,M,2007,Norstedts,no,PRESTIGE,Fiction,"F, FBA",Torgny Lindgren
SvB_BS_049,Tusen strålande solar,"Hosseini, Khaled",,M,2007,Wahlström & Widstrand,transl,OTHER,Fiction,"F, FB",Sharon Dyall
SvB_BS_050,Skugga,"Alvtegen, Karin",,F,2007,Natur & Kultur,no,CRIME,Crime,"FF, FH",Karin Alvtegen
SvB_BS_051,En märklig affär,"Robinson, Peter",,M,2005,Minotaur,transl,CRIME,Crime,"FF, FF, FH",Tomas Bolme
SvB_BS_052,Flyga drake,"Hosseini, Khaled",,M,2004,Wahlström & Widstrand,transl,OTHER,Fiction,"F, FB",Krister Henriksson
SvB_BS_053,Den döende dandyn,"Jungstedt, Mari",,F,2006,Bonniers,no,CRIME,Crime,"FF, FH",Katarina Ewerlöf
SvB_BS_054,Snabba cash,"Lapidus, Jens",,M,2006,Wahlström & Widstrand,no,CRIME,Crime,"F, FF, FH",Morgan Alling
SvB_BS_055,Montecore. En unik tiger,"Khemiri, Jonas Hassen",,M,2006,Bonniers,no,PRESTIGE,Fiction,"F, FB","Hamadi Khemiri, Rikard Wolff"
SvB_BS_056,Nu vill jag sjunga dig milda sånger,"Olsson, Linda",,F,2006,Bonniers,transl,OTHER,Fiction,FB,Linda Olsson
SvB_BS_057,Aldrig fucka upp,"Lapidus, Jens",,M,2008,Wahlström & Widstrand,no,CRIME,Crime,"F, FF, FH",Jonas Malmsjö
SvB_BS_058,Men inte om det gäller din dotter,"Guillou, Jan",,M,2008,Piratförlaget,no,CRIME,Thrillers,"F, FH",Tomas Bolme
SvB_BS_059,Sjöjungfrun,"Läckberg, Camilla",,F,2008,Forum,no,CRIME,Crime,"FF, FF, FH",Katarina Ewerlöf
SvB_BS_060,Kinesen,"Mankell, Henning",,M,2008,Leopard,no,CRIME,Crime,"FF, FH",Johan Rabaeus
SvB_BS_061,En plats i solen,"Marklund, Liza",,F,2008,Piratförlaget,no,CRIME,Crime,"FF, FH",Katarina Ewerlöf
SvB_BS_062,Den som dödar draken,"Persson, Leif GW",,M,2008,Bonniers,no,CRIME,Crime,"FF, FF, FH",Peter Andersson
SvB_BS_063,Till dess din vrede upphör,"Larsson, Åsa",,F,2008,Bonniers,no,CRIME,Crime,"FF, FF, FH",Katarina Ewerlöf
SvB_BS_064,Nattfåk,"Theorin, Johan",,M,2008,Wahlström & Widstrand,no,CRIME,Crime,"F, FF, FH",Magnus Krepper
SvB_BS_065,Midvinterblod,"Kallentoft, Mons",,M,2007,Natur & Kultur,no,CRIME,Crime,"FF, FF, FH",Torsten Wahlund
SvB_BS_066,Mig äger ingen,"Linderborg, Åsa",,F,2007,Atlas,no,PRESTIGE,Fiction,"F, FBA","Katarina Ewerlöf, Steve Jenkins"
SvB_BS_067,Den förlorade symbolen,"Brown, Dan",,M,2009,Bonniers,transl,CRIME,Crime,"F, FF, FH",Jonas Malmsjö
SvB_BS_068,Fyrvaktaren,"Läckberg, Camilla",,F,2009,Forum,no,CRIME,Crime,FF,Katarina Ewerlöf
SvB_BS_069,Den orolige mannen,"Mankell, Henning",,M,2009,Leopard,no,CRIME,Crime,"FF, FH",Krister Henriksson
SvB_BS_070,Hypnotisören,"Kepler, Lars",,2,2009,Bonniers,no,CRIME,Crime,FF,Jonas Malmsjö
SvB_BS_071,Tre sekunder,"Roslund, Anders",Börge Hellström,M,2009,Piratförlaget,no,CRIME,Crime,"FF, FH",Peter Andersson
SvB_BS_072,Hundraåringen som klev ut genom fönstret och försvann,"Jonasson, Jonas",,M,2009,Piratförlaget,no,OTHER,Fiction,"F, FBA",Björn Granath
SvB_BS_073,Den dubbla tystnaden,"Jungstedt, Mari",,F,2009,Bonniers,no,CRIME,Crime,"FF, FH",Katarina Ewerlöf
SvB_BS_074,Den mörka ängeln,"Jungstedt, Mari",,F,2008,Bonniers,no,CRIME,Crime,"FF, FH",Katarina Ewerlöf
SvB_BS_075,Sommardöden,"Kallentoft, Mons",,M,2008,Natur & Kultur,no,CRIME,Crime,"FF, FF, FH",Torsten Wahlund
SvB_BS_076,Snömannen,"Nesbø, Jo",,M,2008,Bonniers,transl,CRIME,Crime,"FF, FH",Jonas Malmsjö
SvB_BS_077,Paganinikontraktet,"Kepler, Lars",,2,2010,Bonniers,no,CRIME,Crime,"FF, FF, FH",Jonas Malmsjö
SvB_BS_078,Blodläge,"Theorin, Johan",,M,2010,Wahlström & Widstrand,no,CRIME,Crime,"F, FF, FH",Magnus Krepper
SvB_BS_079,Den döende detektiven,"Persson, Leif GW",,M,2010,Bonniers,no,CRIME,Crime,"FF, FF, FH",Peter Andersson
SvB_BS_080,Postcard Killers,"Marklund, Liza",James Patterson,2,2009,Piratförlaget,no,CRIME,Crime,"FF, FH",Reine Brynolfsson
SvB_BS_081,1222 över havet,"Holt, Anne",,F,2008,Piratförlaget,transl,CRIME,Crime,"FF, FH",Marie Richardson
SvB_BS_082,Bara vanligt vatten,"Ingemarsson, Kajsa",,F,2009,Norstedts,no,OTHER,Fiction,"F, FBA",Kajsa Ingemarsson
SvB_BS_083,Boktjuven,"Zusak, Markus",,M,2008,B. Wahlströms,transl,OTHER,Fiction,"F, FBA",Björn Pedersen
SvB_BS_084,Igelkottens elegans,"Barbery, Muriel",,F,2009,Sekwa,transl,OTHER,Fiction,"F, FBA",Kerstin Andersson
SvB_BS_085,Höstoffer,"Kallentoft, Mons",,M,2009,Natur & Kultur,no,CRIME,Crime,"FF, FF, FH",Torsten Wahlund
SvB_BS_086,I den innersta kretsen,"Sten, Viveca",,F,2008,Forum,no,CRIME,Crime,"FF, FF, FH",Katarina Ewerlöf
SvB_BS_087,Eldvittnet,"Kepler, Lars",,2,2011,Bonniers,no,CRIME,Crime,"FF, FF, FH",Jonas Malmsjö
SvB_BS_088,Änglamakerskan,"Läckberg, Camilla",,F,2011,Forum,no,CRIME,Crime,"FF, FF, FH",Katarina Ewerlöf
SvB_BS_089,En dag,"Nicholls, David",,M,2010,Printz Publishing,transl,OTHER,Fiction,"F, FBA",Anders Ekborg
SvB_BS_090,Livet deluxe,"Lapidus, Jens",,M,2011,Wahlström & Widstrand,no,CRIME,Crime,"F, FF, FH",Jonas Malmsjö
SvB_BS_091,Brobyggarna,"Guillou, Jan",,M,2011,Piratförlaget,no,OTHER,Fiction,"F, FBA",Tomas Bolme
SvB_BS_092,Niceville,"Stockett, Kathryn",,F,2010,Forum,transl,OTHER,Fiction,"F, FB",Anna Maria Käll
SvB_BS_093,"Du gamla, du fria","Marklund, Liza",,F,2011,Piratförlaget,no,CRIME,Crime,"FF, FH","Eva Röse, Kauko Helovirta, Aila Svedberg"
SvB_BS_094,Pansarhjärta,"Nesbø, Jo",,M,2010,Bonniers,transl,CRIME,Thrillers,FH,Jonas Malmsjö
SvB_BS_095,Det fjärde offret,"Jungstedt, Mari",,F,2011,Bonniers,no,CRIME,Crime,"FF, FH",Katarina Ewerlöf
SvB_BS_096,Drömmen förde dej vilse,"Jansson, Anna",,F,2010,Norstedts,no,CRIME,Crime,"FF, FH",Marie Richardson
SvB_BS_097,Grand final i skojarbranschen,"Ekman, Kerstin",,F,2011,Bonniers,no,OTHER,Fiction,"F, FB",Katarina Ewerlöf
SvB_BS_098,Det fördolda,"Hjorth, Michael",Hans Rosenfeldt,M,2010,Norstedts,no,CRIME,Crime,"FF, FH",Niklas Falk
SvB_BS_099,Huvudjägarna,"Nesbø, Jo",,M,2010,Piratförlaget,transl,CRIME,Crime,"FF, FH",Jonas Malmsjö
SvB_BS_100,Spill,"Combüchen, Sigrid",,F,2010,Norstedts,no,PRESTIGE,Fiction,"F, FBA",Irene Lindh
SvB_BS_101,Sankta Psyko,"Theorin, Johan",,M,2011,Wahlström & Widstrand,no,CRIME,Crime,"F, FF, FH",Magnus Krepper
SvB_BS_102,Tusenskönor,"Ohlsson, Kristina",,F,2010,Piratförlaget,no,CRIME,Crime,"FF, FH",Mirja Turestedt
SvB_BS_103,I grunden utan skuld,"Sten, Viveca",,F,2010,Forum,no,CRIME,Crime,"FF, FF, FH",Anna Maria Käll
SvB_BS_104,I natt är du död,"Sten, Viveca",,F,2011,Forum,no,CRIME,Crime,"FF, FF, FH",Katarina Ewerlöf
SvB_BS_105,Den femte årstiden,"Kallentoft, Mons",,M,2011,Forum,no,CRIME,Crime,"FF, FF, FH",Torsten Wahlund
SvB_BS_106,Utrensning,"Oksanen, Sofi",,F,2010,Bonniers,transl,PRESTIGE,Fiction,"F, FB",Gunilla Nyroos
SvB_BS_107,Ensamma hjärtan och hemlösa hundar,"Dillon, Lucy",,F,2011,Forum,transl,OTHER,Fiction,"F, FB",Katarina Ewerlöf
SvB_BS_108,Strindbergs stjärna,"Wallentin, Jan",,M,2010,Bonniers,no,CRIME,Fiction,"F, FB",Johan Rabaeus
SvB_BS_109,Sandmannen,"Kepler, Lars",,2,2012,Bonniers,no,CRIME,Crime,"FF, FF, FH",Jonas Malmsjö
SvB_BS_110,Änglavakter,"Ohlsson, Kristina",,F,2011,Piratförlaget,no,CRIME,Crime,"FF, FH",Mirja Turestedt
SvB_BS_111,Någonstans inom oss,"Ingemarsson, Kajsa",,F,2011,Norstedts,no,OTHER,Fiction,"F, FBA",Kajsa Ingemarsson
SvB_BS_112,Torka aldrig tårar utan handskar 1. Kärleken,"Gardell, Jonas",,M,2012,Norstedts,no,OTHER,Fiction,"F, FBA",Jonas Gardell
SvB_BS_113,Hungerspelen,"Collins, Suzanne",,F,2008,Bonnier Carlsen,transl,OTHER,Teens & Young Adult,"YFB, 5AS",Rebecka Hemse
SvB_BS_114,Dandy,"Guillou, Jan",,M,2012,Piratförlaget,no,OTHER,Fiction,"F, FBA",Tomas Bolme
SvB_BS_115,Den sista akten,"Jungstedt, Mari",,F,2012,Bonniers,no,CRIME,Crime,"FF, FH",Katarina Ewerlöf
SvB_BS_116,Cirkeln,"Strandberg, Mats",Sara Bergmark Elfgren,2,2011,Rabén & Sjögren,no,OTHER,Teens & Young Adult,"YFB, JBSP2",Julia Dufvenius
SvB_BS_117,Två soldater,"Roslund, Anders",Börge Hellström,M,2012,Piratförlaget,no,CRIME,Crime,"FF, FH",Peter Andersson
SvB_BS_118,Lärjungen,"Hjorth, Michael",Hans Rosenfeldt,M,2011,Norstedts,no,CRIME,Crime,"FF, FH",Niklas Falk
SvB_BS_119,I stundens hetta,"Sten, Viveca",,F,2012,Forum,no,CRIME,Crime,"FF, FF, FH",Katarina Ewerlöf
SvB_BS_120,Till offer åt Molok,"Larsson, Åsa",,F,2012,Bonniers,no,CRIME,Crime,"FF, FF, FH",Åsa Larsson
SvB_BS_121,Gengångare,"Nesbø, Jo",,M,2011,Piratförlaget,transl,CRIME,Crime,"FF, FH",Jonas Malmsjö
SvB_BS_122,En man som heter Ove,"Backman, Fredrik",,M,2012,Forum,no,OTHER,Fiction,"F, FB",Torsten Wahlund
SvB_BS_123,Fjällgraven,"Hjorth, Michael",Hans Rosenfeldt,M,2012,Norstedts,no,CRIME,Crime,"FF, FH",Niklas Falk
SvB_BS_124,Helgonet,"Gerhardsen, Carin",,F,2011,Norstedts,no,CRIME,Crime,"FF, FH",Katarina Ewerlöf
SvB_BS_125,Fatta eld,"Collins, Suzanne",,F,2009,Bonnier Carlsen,transl,OTHER,Teens & Young Adult,"YFB, 5AS",Rebecka Hemse
SvB_BS_126,Felicia försvann,"Feldt, Felicia",,F,2011,Weyler,no,OTHER,Fiction,"F, FBA","Julia Dufvenius, Wietske Janssen"
SvB_BS_127,Den tomma stolen,"Rowling, J.K.",,F,2012,Wahlström & Widstrand,transl,OTHER,NONE,NONE,NONE
SvB_BS_128,Revolt,"Collins, Suzanne",,F,2010,Bonnier Carlsen,transl,OTHER,Teens & Young Adult,"YFB, 5AS",Rebecka Hemse
SvB_BS_129,Vattenänglar,"Kallentoft, Mons",,M,2012,Forum,no,CRIME,Crime,"FF, FF, FH",Torsten Wahlund
SvB_BS_130,Livet efter dig,"Moyes, Jojo",,F,2012,Printz Publishing,transl,OTHER,Fiction,"F, FBA",Gunilla Leining
SvB_BS_131,Inferno,"Brown, Dan",,M,2013,Bonniers,transl,CRIME,Crime,"F, FF, FH",Jonas Malmsjö
SvB_BS_132,Little bee,"Cleave, Chris",,M,2012,Brombergs,transl,OTHER,Fiction,"F, FBA",Malena Laszlo
SvB_BS_133,Den sanna historien om Pinocchios näsa,"Persson, Leif GW",,M,2013,Bonniers,no,CRIME,Crime,"FF, FF, FH",Peder Falk
SvB_BS_134,Analfabeten som kunde räkna,"Jonasson, Jonas",,M,2013,Piratförlaget,no,OTHER,Fiction,"F, FBA",Björn Granath
SvB_BS_135,Innan floden tar oss,"Thorfinn, Helena",,F,2012,Norstedts,no,OTHER,Fiction,FBA,Jens Lindvall
SvB_BS_136,Mellan rött och svart,"Guillou, Jan",,M,2013,Piratförlaget,no,OTHER,Fiction,"F, FBA",Tomas Bolme
SvB_BS_137,Paradisoffer,"Ohlsson, Kristina",,F,2012,Piratförlaget,no,CRIME,Crime,"FF, FH",Mirja Turestedt
SvB_BS_138,Du går inte ensam,"Jungstedt, Mari",,F,2013,Bonniers,no,CRIME,Crime,"FF, FH",Katarina Ewerlöf
SvB_BS_139,Lyckliga gatan,"Marklund, Liza",,F,2013,Piratförlaget,no,CRIME,Crime,"FF, FH",Marie Richardson
SvB_BS_140,När skönheten kom till Bro,"Jansson, Anna",,F,2012,Norstedts,no,CRIME,Crime,"FF, FH",Marie Richardson
SvB_BS_141,Polis,"Nesbø, Jo",,M,2013,Piratförlaget,transl,CRIME,Crime,"FF, FH",Jonas Malmsjö
SvB_BS_142,För mycket lycka,"Munro, Alice",,F,2010,Atlas,transl,PRESTIGE,Short stories,"F, FYB",Helena Brodin
SvB_BS_143,Kaffe med rån,"Ingelman-Sundberg, Catharina",,F,2012,Forum,no,CRIME,Fiction,"F, FB",Helge Skoog
SvB_BS_144,I farans riktning,"Sten, Viveca",,F,2013,Forum,no,CRIME,Crime,"FF, FF, FH",Katarina Ewerlöf
SvB_BS_145,Min mormor hälsar och säger förlåt,"Backman, Fredrik",,M,2013,Forum,no,OTHER,Fiction,"F, FB",Anna Maria Käll
SvB_BS_146,Mörka platser,"Flynn, Gillian",,F,2012,Modernista,transl,CRIME,Crime,FF,Anna Maria Käll
SvB_BS_147,Gideons ring,"Gerhardsen, Carin",,F,2012,Norstedts,no,CRIME,Crime,"FF, FH",Katarina Ewerlöf
SvB_BS_148,Och bergen svarade,"Hosseini, Khaled",,M,2013,Wahlström & Widstrand,transl,OTHER,Fiction,"F, FB",Björn Granath
SvB_BS_149,Flaskpost från P,"Adler-Olsen, Jussi",,M,2011,Bra Böcker,transl,CRIME,Crime,"FF, FF, FH",Stefan Sauk
SvB_BS_150,Torka aldrig tårar utan handskar 2. Sjukdomen,"Gardell, Jonas",,M,2013,Norstedts,no,OTHER,Fiction,"F, FBA",Jonas Gardell
SvB_BS_151,Egenmäktigt förfarande,"Andersson, Lena",,F,2013,Natur & Kultur,no,PRESTIGE,Fiction,"F, FBA",Lena Andersson
SvB_BS_152,Handen,"Mankell, Henning",,M,2013,Leopard,no,CRIME,Crime,"FF, FH",Krister Henriksson
SvB_BS_153,Rörgast,"Theorin, Johan",,M,2013,Wahlström & Widstrand,no,CRIME,Crime,"F, FF, FH",Magnus Roosmann
SvB_BS_154,Att inte vilja se,"Guillou, Jan",,M,2014,Piratförlaget,no,OTHER,Fiction,"F, FBA",Tomas Bolme
SvB_BS_155,Stalker,"Kepler, Lars",,2,2014,Bonniers,no,CRIME,Crime,"FF, FF, FH",Jonas Malmsjö
SvB_BS_156,Gone Girl,"Flynn, Gillian",,F,2013,Modernista,transl,CRIME,Crime,"FF, FH",Anna Maria Käll
SvB_BS_157,Lejontämjaren,"Läckberg, Camilla",,F,2014,Forum,no,CRIME,Crime,"FF, FF, FH",Katarina Ewerlöf
SvB_BS_158,VIP-rummet,"Lapidus, Jens",,M,2014,Wahlström & Widstrand,no,CRIME,Crime,"F, FF, FH",Jonas Malmsjö
SvB_BS_159,Sophies historia,"Moyes, Jojo",,F,2014,Printz Publishing,transl,OTHER,Fiction,"F, FBA",Gunilla Leining
SvB_BS_160,Utan personligt ansvar,"Andersson, Lena",,F,2014,Natur & Kultur,no,OTHER,Fiction,"F, FBA",Anna Godenius
SvB_BS_161,Sonen,"Nesbø, Jo",,M,2014,Piratförlaget,transl,CRIME,Crime,"FF, FH",Christian Fex
SvB_BS_162,Än klappar hjärtan,"Zweigbergk, Helena von",,F,2013,Norstedts,no,OTHER,Fiction,"F, FBA",Helena von Zweigbergk
SvB_BS_163,Jag heter inte Miriam,"Axelsson, Majgull",,F,2014,Brombergs,no,OTHER,Fiction,"F, FBA",Katarina Ewerlöf
SvB_BS_164,Steglitsan,"Tartt, Donna",,F,2013,Bonniers,transl,PRESTIGE,Fiction,"F, FB",NONE
SvB_BS_165,De underkända,"Hjorth, Michael",Hans Rosenfeldt,M,2015,Norstedts,no,CRIME,Crime,"FF, FH",Niklas Falk
SvB_BS_166,Blå stjärnan,"Guillou, Jan",,M,2015,Piratförlaget,no,OTHER,Fiction,"F, FBA",Tomas Bolme
SvB_BS_167,Det som inte dödar oss,"Lagercrantz, David",,M,2015,Norstedts,no,CRIME,Thrillers,"F, FH",Stefan Sauk
SvB_BS_168,Bombmakaren och hans kvinna,"Persson, Leif GW",,M,2015,Bonniers,no,CRIME,Crime,"FF, FF, FH",Reine Brynolfsson
SvB_BS_169,Britt-Marie var här,"Backman, Fredrik",,M,2014,Forum,no,OTHER,Fiction,FB,Marie Richardson
SvB_BS_170,Mördar-Anders och hans vänner samt en och annan ovän,"Jonasson, Jonas",,M,2015,Piratförlaget,no,OTHER,Fiction,"F, FBA",Björn Granath
SvB_BS_171,Allt jag inte minns,"Khemiri, Jonas Hassen",,M,2015,Bonniers,no,PRESTIGE,Fiction,"F, FB",Hamadi Khemiri
SvB_BS_172,STHLM Delete,"Lapidus, Jens",,M,2015,Wahlström & Widstrand,no,CRIME,Crime,"F, FF, FH",Jonas Malmsjö
SvB_BS_173,Det är något som inte stämmer,"Haag, Martina",,F,2015,Piratförlaget,no,OTHER,Fiction,"F, FBA",Martina Haag
SvB_BS_174,Playground,"Kepler, Lars",,2,2015,Bonniers,no,CRIME,Crime,"F, FF, FH",Angela Kovács
SvB_BS_175,Järnblod,"Marklund, Liza",,F,2015,Piratförlaget,no,CRIME,Crime,"FF, FH",Marie Richardson
SvB_BS_176,Arvet efter dig,"Moyes, Jojo",,F,2015,Printz Publishing,transl,OTHER,Fiction,"F, FBA",Gunilla Leining
SvB_BS_177,Björndansen,"Roslund, Anders",Stefan Thunberg,M,2014,Piratförlaget,no,CRIME,Crime,"FF, FH",Thomas Hanzon
SvB_BS_178,Liv till varje pris,"Sandberg, Kristina",,F,2014,Norstedts,no,PRESTIGE,Fiction,"F, FBA",Andrea Irving
SvB_BS_179,Konsten att höra hjärtslag,"Sendker, Jan-Philipp",,M,2014,Forum,transl,OTHER,Fiction,"F, FB",Anna Maria Käll
SvB_BS_180,Etthundra mil,"Moyes, Jojo",,F,2014,Printz Publishing,transl,OTHER,Fiction,"F, FBA",Gunilla Leining
SvB_BS_181,Sista brevet från din älskade,"Moyes, Jojo",,F,2014,Printz Publishing,transl,OTHER,Fiction,"F, FBA",Gunilla Leining
SvB_BS_182,Visning pågår,"Sarenbrant, Sofie",,F,2014,Damm,no,CRIME,Crime,"FF, FH",Katarina Ewerlöf
SvB_BS_183,Att föda ett barn,"Sandberg, Kristina",,F,2010,Norstedts,no,OTHER,Fiction,"F, FBA",Andrea Irving
SvB_BS_184,Lotus blues,"Ohlsson, Kristina",,F,2014,Piratförlaget,no,CRIME,Thrillers,"F, FH",Oscar Skagerberg
SvB_BS_185,Offer utan ansikte,"Ahnhem, Stefan",,M,2014,Forum,no,CRIME,Crime,"FF, FH",Magnus Roosmann
SvB_BS_186,Öppnas i händelse av min död,"Moriarty, Liane",,F,2015,Bonniers,transl,OTHER,Romance,"F, FR",Kerstin Andersson
SvB_BS_187,Stoner,"Williams, John",,M,2014,Natur & Kultur,transl,OTHER,Fiction,"F, FBA",Björn Granath
SvB_BS_188,I skymningen sjunger koltrasten,"Olsson, Linda",,F,2014,Brombergs,no,OTHER,Fiction,"F, FBA",Kristina Adolphson
SvB_BS_189,I maktens skugga,"Sten, Viveca",,F,2014,Forum,no,CRIME,Crime,"FF, FF, FH",Katarina Ewerlöf
SvB_BS_190,Jakthundarna,"Lier Horst, Jørn",,M,2014,Lind & Co,transl,CRIME,Crime,"FF, FH",Mattias Linderoth
SvB_BS_191,Den stumma flickan,"Hjorth, Michael",Hans Rosenfeldt,M,2014,Norstedts,no,CRIME,Crime,"FF, FH",Niklas Falk
SvB_BS_192,Tre minuter,"Roslund, Anders",Börge Hellström,M,2016,Piratförlaget,no,CRIME,Crime,"FF, FH",Thomas Hanzon
SvB_BS_193,Kaninjägaren,"Kepler, Lars",,2,2016,Bonniers,no,CRIME,Crime,"FF, FF, FH",Jonas Malmsjö
SvB_BS_194,Kan man dö två gånger?,"Persson, Leif GW",,M,2016,Bonniers,no,CRIME,Crime,"FF, FF, FH",Magnus Roosmann
SvB_BS_195,Äkta amerikanska jeans,"Guillou, Jan",,M,2016,Piratförlaget,no,OTHER,Fiction,"F, FBA",Tomas Bolme
SvB_BS_196,Simma med de drunknade,"Mytting, Lars",,M,2015,Wahlström & Widstrand,transl,OTHER,Fiction,"F, FV",Johan Svensson
SvB_BS_197,Ljuset vi inte ser,"Doerr, Anthony",,M,2015,Bookmark,transl,OTHER,Fiction,"F, FBA",NONE
SvB_BS_198,Avdelning 73,"Sarenbrant, Sofie",,F,2015,Massolit,no,CRIME,Crime,"FF, FH",Katarina Ewerlöf
SvB_BS_199,Det andra ansiktet,"Jungstedt, Mari",,F,2016,Bonniers,no,CRIME,Crime,"FF, FH",Katarina Ewerlöf
SvB_BS_200,Störst av allt,"Persson Giolito, Malin",,F,2016,Wahlström & Widstrand,no,CRIME,Thrillers,FH,Lo Kauppi
SvB_BS_201,Snövit ska dö,"Neuhaus, Nele",,F,2015,Bonniers,transl,CRIME,Crime,"FF, FH",Gerhard Hoberstorfer
SvB_BS_202,Glöm mig,"Schulman, Alex",,M,2016,Bookmark,no,OTHER,Fiction,"F, FBA",Alex Schulman
SvB_BS_203,De oroliga,"Ullmann, Linn",,F,2016,Bonniers,no,PRESTIGE,Biographies,"DNB, FB",Julia Dufvenius
SvB_BS_204,I varje ögonblick är vi fortfarande vid liv,"Malmquist, Tom",,M,2015,Natur & Kultur,no,PRESTIGE,Fiction,"F, FBA",Björn Wahlberg
SvB_BS_205,Kvinna inför rätta,"Doughty, Louise",,F,2015,Forum,transl,CRIME,Fiction,"F, FB",Louise Raeder
SvB_BS_206,Tiggaren,"Sarenbrant, Sofie",,F,2016,Bookmark,no,CRIME,Crime,"FF, FH",Katarina Ewerlöf
SvB_BS_207,Bakom din rygg,"Sarenbrant, Sofie",,F,2017,Bookmark,no,CRIME,Thrillers,"F, FH",Katarina Ewerlöf
SvB_BS_208,1968,"Guillou, Jan",,M,2017,Piratförlaget,no,OTHER,Fiction,"F, FBA",Tomas Bolme
SvB_BS_209,Slutet på sommaren,"Motte, Anders de la",,M,2016,Forum,no,CRIME,Crime,"FF, FH",Mirja Turestedt
SvB_BS_210,Arton grader minus,"Ahnhem, Stefan",,M,2016,Forum,no,CRIME,Crime,"FF, FH",Magnus Roosmann
SvB_BS_211,Återstoden av dagen,"Ishiguro, Kazuo",,M,1990,Viva,transl,PRESTIGE,Fiction,"F, FB",Reine Brynolfsson
SvB_BS_212,Ett litet liv,"Yanagihara, Hanya",,F,2016,Bonniers,transl,PRESTIGE,Fiction,"F, FB",NONE
SvB_BS_213,Hjärtats innersta röst,"Sendker, Jan-Philipp",,M,2016,Forum,transl,OTHER,Fiction,"F, FB",Anna Maria Käll
SvB_BS_214,Vänd dig inte om,"Alsterdal, Tove",,F,2016,Lind & Co,no,CRIME,Crime,"FF, FH",Gunilla Leining
SvB_BS_215,De kommer att drunkna i sina mödrars tårar,"Anyuru, Johannes",,M,2017,Norstedts,no,PRESTIGE,Fiction,FBA,Johannes Anyuru
SvB_BS_216,Björnstad,"Backman, Fredrik",,M,2016,Forum,no,OTHER,Fiction,FB,Marie Richardson
SvB_BS_217,Italienska skor,"Mankell, Henning",,M,2006,Leopard,no,OTHER,Fiction,"F, FBA",Philip Zanden
SvB_BS_218,Kejsaren. Krigets gudar,"Iggulden, Conn",,M,2006,Bonniers,transl,OTHER,Fiction,"F, FB",Torsten Wahlund
SvB_BS_219,Vänaste land,"Edwardson, Åke",,M,2006,Norstedts,no,CRIME,Crime,"FF, FH",Torsten Wahlund
SvB_BS_220,I denna ljuva sommartid,"Jungstedt, Mari",,F,2007,Bonniers,no,CRIME,Crime,"FF, FH",Katarina Ewerlöf
SvB_BS_221,Lyckans hjul,"Ingemarsson, Kajsa",,F,2007,Norstedts,no,OTHER,Fiction,"F, FBA",Kajsa Ingemarsson
SvB_BS_222,Flickan under gatan,"Roslund, Anders",Börge Hellström,M,2007,Piratförlaget,no,CRIME,Crime,"FF, FH",Shanti Roney
SvB_BS_223,Tröstaren,"Wahlberg, Karin",,F,2007,Wahlström & Widstrand,no,CRIME,Crime,"FF, FF, FH",Torsten Wahlund
SvB_BS_224,Skumtimmen,"Theorin, Johan",,M,2007,Wahlström & Widstrand,no,CRIME,Crime,"FF, FB",Magnus Krepper
SvB_BS_225,Tårtgeneralen,"Hammar, Filip",Fredrik Wikingsson,M,2009,Bonniers,no,OTHER,Fiction,"F, FB","Filip Hammar, Fredrik Wikingsson"
SvB_BS_226,Ängelns lek,"Ruiz Zafón, Carlos",,M,2009,Bonniers,transl,OTHER,Fiction,"F, FB",NONE
SvB_BS_227,Matthandlare Olssons död,"Wahlberg, Karin",,F,2009,Wahlström & Widstrand,no,CRIME,Crime,"FF, FF, FH",Torsten Wahlund
SvB_BS_228,Bergens väktare,"Iggulden, Conn",,M,2009,Bonniers,transl,OTHER,Fiction,"F, FB",Torsten Wahlund
SvB_BS_229,Maskarna på Carmine Street,"Nesser, Håkan",,M,2009,Bonniers,no,CRIME,Crime,"FF, FB",Håkan Nesser
SvB_BS_230,Den farliga leken,"Jungstedt, Mari",,F,2010,Bonniers,no,CRIME,Crime,"FF, FH",Katarina Ewerlöf
SvB_BS_231,De ensamma,"Nesser, Håkan",,M,2010,Bonniers,no,CRIME,Crime,"FF, FB",Håkan Nesser
SvB_BS_232,Vårlik,"Kallentoft, Mons",,M,2010,Natur & Kultur,no,CRIME,Crime,"FF, FF, FH",Torsten Wahlund
SvB_BS_233,Skynda att älska,"Schulman, Alex",,M,2009,Forum,no,OTHER,Biographies,"DNB, DN",Alex Schulman
SvB_BS_234,Alkemisten,"Coelho, Paulo",,M,1995,Bazar,transl,OTHER,NONE,NONE,NONE
SvB_BS_235,Elva minuter,"Coelho, Paulo",,M,2004,Bazar,transl,OTHER,NONE,NONE,NONE
SvB_BS_236,Andningsgunga,"Müller, Herta",,F,2009,Wahlström & Widstrand,transl,PRESTIGE,Fiction,"F, FB",NONE
SvB_BS_237,Låt den rätte komma in,"Ajvide Lindqvist, John",,M,2004,Ordfront,no,OTHER,Thrillers,"F, FH",John Ajvide Lindqvist
SvB_BS_238,Shantaram,"Roberts, Gregory",,M,2007,Brombergs,transl,OTHER,Fiction,"F, FBA",Per Juhlin
SvB_BS_239,Hjärtdjur,"Müller, Herta",,F,1996,Bonniers,transl,PRESTIGE,Fiction,"F, FB",NONE
SvB_BS_240,Femtio nyanser av honom,"James, E.L.",,F,2012,Norstedts,transl,OTHER,Erotica,FP,Julia Dufvenius
SvB_BS_241,Femtio nyanser av mörker,"James, E.L.",,F,2012,Norstedts,transl,OTHER,Erotica,FP,Julia Dufvenius
SvB_BS_242,Morgon i Jenin,"Abulhawa, Susan",,F,2010,Norstedts,transl,OTHER,Fiction,"F, FBA",Cecilia Nilsson
SvB_BS_243,Femtio nyanser av frihet,"James, E.L.",,F,2012,Norstedts,transl,OTHER,Erotica,FP,Julia Dufvenius
SvB_BS_244,Min fantastiska väninna,"Ferrante, Elena",,F,2016,Norstedts,transl,OTHER,Fiction,"F, FBA",Odile Nunes
SvB_BS_245,Hennes nya namn,"Ferrante, Elena",,F,2016,Norstedts,transl,OTHER,Fiction,"F, FBA",Odile Nunes
SvB_BS_246,Toner i natten,"Moyes, Jojo",,F,2016,Printz Publishing,transl,OTHER,Fiction,"F, FBA",Gunilla Leining
SvB_BS_247,Kvinnan på tåget,"Hawkins, Paula",,F,2015,Massolit,transl,CRIME,Thrillers,"F, FH",Angela Kovács
SvB_BS_248,Det lilla bageriet på strandpromenaden,"Colgan, Jenny",,F,2015,Massolit,transl,OTHER,Fiction,"F, FBA",Kerstin Andersson
SvB_BS_249,Mannen som sökte sin skugga,"Lagercrantz, David",,M,2017,Norstedts,no,CRIME,Thrillers,"F, FH",Stefan Sauk
SvB_BS_250,Begynnelse,"Brown, Dan",,M,2017,Bonniers,transl,CRIME,Crime,"F, FF, FH",Niklas Falk
SvB_BS_251,Häxan,"Läckberg, Camilla",,F,2017,Forum,no,CRIME,Crime,"FF, FF, FH",Katarina Ewerlöf
SvB_BS_252,Det förlorade barnet,"Ferrante, Elena",,F,2017,Norstedts,transl,PRESTIGE,Fiction,"F, FBA",Odile Nunes
SvB_BS_253,"Den som stannar, den som går","Ferrante, Elena",,F,2016,Norstedts,transl,OTHER,Fiction,"F, FBA",Odile Nunes
SvB_BS_254,Top Dogg,"Lapidus, Jens",,M,2017,Wahlström & Widstrand,no,CRIME,Crime,"F, FF, FH",Jonas Malmsjö
SvB_BS_255,Törst,"Nesbø, Jo",,M,2017,Bonniers,transl,CRIME,Crime,"FF, FF, FH",Jonas Malmsjö
SvB_BS_256,Never let me go,"Ishiguro, Kazuo",,M,2005,Wahlström & Widstrand,transl,PRESTIGE,Fiction,"F, FB",Anna Maria Käll
SvB_BS_257,Det förlovade landet,"Jungstedt, Mari",,F,2017,Bonniers,no,CRIME,Crime,FF,Katarina Ewerlöf
SvB_BS_258,Selfies,"Adler-Olsen, Jussi",,M,2017,Bonniers,transl,CRIME,Crime,"FF, FF, FH",Stefan Sauk
SvB_BS_259,Sommar på strandpromenaden,"Colgan, Jenny",,F,2016,Massolit,transl,OTHER,Fiction,"F, FBA",Kerstin Andersson
SvB_BS_260,Jul i det lilla bageriet på strandpromenaden,"Colgan, Jenny",,F,2016,Massolit,transl,OTHER,Fiction,"F, FBA",Kerstin Andersson
SvB_BS_261,Lazarus,"Kepler, Lars",,2,2018,Bonniers,no,CRIME,Crime,"FF, FH",Jonas Malmsjö
SvB_BS_262,Till minne av en villkorslös kärlek,"Gardell, Jonas",,M,2018,Norstedts,no,OTHER,Fiction,"F, FBA",Jonas Gardell
SvB_BS_263,Bränn alla mina brev,"Schulman, Alex",,M,2018,Bookmark,no,OTHER,Fiction,"F, FBA",Alex Schulman
SvB_BS_264,De som dödar drömmar sover aldrig,"Guillou, Jan",,M,2018,Piratförlaget,no,OTHER,Fiction,"F, FBA",Tomas Bolme
SvB_BS_265,En andra chans,"Moyes, Jojo",,F,2018,Printz Publishing,transl,OTHER,Fiction,"F, FBA",Gunilla Leining
SvB_BS_266,Ett mörker mitt ibland oss,"Jungstedt, Mari",,F,2018,Bonniers,no,CRIME,Crime,FF,Katarina Ewerlöf
SvB_BS_267,I fel sällskap,"Sten, Viveca",,F,2018,Forum,no,CRIME,Crime,"FF, FH",Katarina Ewerlöf
SvB_BS_268,Syndabocken,"Sarenbrant, Sofie",,F,2018,Bookmark,no,CRIME,Crime,"FF, FH",Katarina Ewerlöf
SvB_BS_269,En högre rättvisa,"Hjorth, Michael",Hans Rosenfeldt,M,2018,Norstedts,no,CRIME,Crime,FF,Niklas Falk
SvB_BS_270,De vänsterhäntas förening,"Nesser, Håkan",,M,2018,Bonniers,no,CRIME,Fiction,"F, FB",Reine Brynolfsson
SvB_BS_271,Tre timmar,"Roslund, Anders",,M,2018,Piratförlaget,no,CRIME,Crime,"FF, FH",Thomas Hanzon
SvB_BS_272,Vardagar,"Lundell, Ulf",,M,2018,Wahlström & Widstrand,no,OTHER,Biographies,"DNB, FB",Ulf Lundell
SvB_BS_273,1793,"Natt och Dag, Niklas",,M,2017,Forum,no,CRIME,Fiction,FB,Martin Wallström
SvB_BS_274,Den lilla bokhandeln runt hörnet,"Colgan, Jenny",,F,2017,Massolit,transl,OTHER,Fiction,"F, FBA",Kerstin Andersson
SvB_BS_275,Silvervägen,"Jackson, Stina",,F,2018,Bonniers,no,CRIME,Crime,"FF, FH",Marie Richardson
SvB_BS_276,Bara ett barn,"Persson Giolito, Malin",,F,2010,Piratförlaget,no,CRIME,Crime,"FF, FH",Anja Lundqvist
SvB_BS_277,Ensam i Paris och andra historier,"Moyes, Jojo",,F,2017,Printz Publishing,transl,OTHER,Fiction,"F, FBA",Gunilla Leining
SvB_BS_278,Husdjuret,"Grebe, Camilla",,F,2017,Wahlström & Widstrand,no,CRIME,Crime,FF,Katarina Ewerlöf
SvB_BS_279,Den tyska flickan,"Correa, Armando Lucas",,M,2017,Louise Bäckelin Förlag,transl,OTHER,Fiction,FV,Anna Maria Käll
SvB_BS_280,Strandcaféet,"Diamond, Lucy",,F,2017,Printz Publishing,transl,OTHER,Fiction,"F, FBA",Gabriella Boris
SvB_BS_281,Kvinnan i fönstret,"Finn, A.J.",,M,2017,Bonniers,transl,CRIME,Thrillers,"F, FH",Angela Kovács
SvB_BS_282,Blodlokan,"Boije af Gennäs, Louise",,F,2018,Bookmark,no,CRIME,Thrillers,"F, FH",Louise Boije af Gennäs
SvB_BS_283,Syndafloder,"Ohlsson, Kristina",,F,2017,Piratförlaget,no,CRIME,Crime,"FF, FH",Mirja Turestedt
SvB_BS_284,Höstdåd,"Motte, Anders de la",,M,2017,Forum,no,CRIME,Crime,FF,Mirja Turestedt
SvB_BS_285,Pappas pojke,"Schepp, Emelie",,F,2017,HarperCollins Nordic,no,CRIME,Crime,"FF, FH",Gunilla Leining
SvB_BS_286,Hon som måste dö,"Lagercrantz, David",,M,2019,Norstedts,no,CRIME,Thrillers,FH,Stefan Sauk
SvB_BS_287,En bur av guld,"Läckberg, Camilla",,F,2019,Forum,no,CRIME,Fiction,FB,Mirja Turestedt
SvB_BS_288,1794,"Natt och Dag, Niklas",,M,2019,Forum,no,CRIME,Fiction,F,Martin Wallström
SvB_BS_289,Den andra dödssynden,"Guillou, Jan",,M,2019,Piratförlaget,no,OTHER,Fiction,F,Tomas Bolme
SvB_BS_290,Jag ser dig,"Jungstedt, Mari",,F,2019,Bonniers,no,CRIME,Crime,FF,Katarina Ewerlöf
SvB_BS_291,Kniv,"Nesbø, Jo",,M,2019,Bonniers,transl,CRIME,Crime,FF,Jonas Malmsjö
SvB_BS_292,Broder Jakob,"Schepp, Emelie",,F,2019,HarperCollins Nordic,no,CRIME,Crime,"FF, FH",Gunilla Leining
SvB_BS_293,Löparna,"Tokarczuk, Olga",,F,2009,Bonniers/Ariel,transl,PRESTIGE,Fiction,FB,Anna Maria Käll
SvB_BS_294,Bergens stjärnor,"Moyes, Jojo",,F,2019,Printz Publishing,transl,OTHER,Fiction,F,Gunilla Leining
SvB_BS_295,Skamvrån,"Sarenbrant, Sofie",,F,2019,Bookmark,no,CRIME,Crime,"FF, FH",Katarina Ewerlöf
SvB_BS_296,Folk med ångest,"Backman, Fredrik",,M,2019,Forum,no,OTHER,Fiction,FB,Anna Maria Käll
SvB_BS_297,I hemlighet begravd,"Sten, Viveca",,F,2019,Forum,no,CRIME,Crime,FF,Katarina Ewerlöf
SvB_BS_298,Hundraettåringen som tänkte att han tänkte för mycket,"Jonasson, Jonas",,M,2018,Piratförlaget,no,OTHER,Fiction,"F, FBA",Magnus Roosman
SvB_BS_299,Jamåhonleva,"Roslund, Anders",,M,2019,Bonniers,no,CRIME,Thrillers,FH,Thomas Hanzon
SvB_BS_300,Jag for ner till bror,"Smirnoff, Karin",,F,2018,Polaris,no,PRESTIGE,Fiction,"F, FBA",Lo Kauppi
SvB_BS_301,En helt vanlig familj,"Edvardsson, Mattias",,M,2018,Forum,no,CRIME,Thrillers,"F, FH","Magnus Roosmann, Rebecka Hemse, Johanna Lazcano"
SvB_BS_302,Bokhandeln på Riverside Drive,"Skybäck, Frida",,F,2018,Louise Bäckelin Förlag,no,OTHER,Fiction,F,Janna Eriksson
SvB_BS_303,Tatueraren i Auschwitz,"Morris, Heather",,F,2018,NoNa,transl,OTHER,Fiction,"F, FBA",Viktoria Flodström
SvB_BS_304,Sommar på den lilla ön i havet,"Colgan, Jenny",,F,2018,Massolit,transl,OTHER,Fiction,"F, FYT",Kerstin Andersson
SvB_BS_305,Det som göms i snö,"Gerhardsen, Carin",,F,2018,Bookmark,no,CRIME,Crime,"FF, FH",Stefan Sauk
SvB_BS_306,Motiv X,"Ahnhem, Stefan",,M,2018,Forum,no,CRIME,Crime,FF,Magnus Roosmann
SvB_BS_307,Arv och miljö,"Hjorth, Vigdis",,F,2018,Natur & Kultur,transl,PRESTIGE,Fiction,FBA,Gunilla Leining
SvB_BS_308,På egen hand,"Keyes, Marian",,M,2018,Norstedts,transl,OTHER,Fiction,F,Emma Peters
bstream_001,Alla kan se dig,"Jansson, Anna",,F,2015-03-19,Norstedts,no,CRIME,Crime,"FF, FH",Marie Richardson
bstream_002,"Falleri, fallera, falleralla","Gerhardsen, Carin",,F,2015-05-21,Norstedts,no,CRIME,Crime,"FF, FH",Stefan Sauk
bstream_003,Hämnaren,"Buthler, Dan",Dag Öhrlund,M,2015-04-15,Lind & Co,no,CRIME,Crime,"FF, FH",Stefan Sauk
bstream_004,Vita spår,"Schepp, Emelie",,F,2015-05-19,Wahlström & Widstrand,no,CRIME,Crime,"FF, FH",Katarina Ewerlöf
bstream_005,Dominodöden,"Moström, Jonas",,M,2015-07-20,Lind & Co,no,CRIME,Crime,"FF, FH",Marie Richardson
bstream_006,Den gränslöse,"Adler-Olsen, Jussi",,M,2015-05-04,Bonniers,transl,CRIME,Crime,"FF, FF, FH",Stefan Sauk
bstream_007,Skymningsflickan,"Wennstam, Katarina",,F,2015-07-31,Bonniers,no,CRIME,Crime,"FF, FF, FH",Alexandra Rapaport
bstream_008,En mörkare himmel : Gran Canaria,"Jungstedt, Mari",Ruben Eliassen,2,2014-12-30,Bonniers,no,CRIME,Crime,"FF, FF",Magnus Roosmann
bstream_009,I sanningens namn,"Sten, Viveca",,F,2015-11-04,Forum,no,CRIME,Crime,"FF, FF, FH",Katarina Ewerlöf
bstream_010,Rädslans fångar,"Jansson, Anna",,F,2016-03-10,Norstedts,no,CRIME,Crime,"FF, FH",Marie Richardson
bstream_011,Kärlek sökes,"Hjulström, Carin",,F,2016-04-12,Forum,no,OTHER,Fiction,"F, FB",Gunilla Leining
bstream_012,Där inga ögon ser,"Öhrlund, Dag",,M,2016-05-23,Lind & Co,no,CRIME,Crime,"FF, FH",Stefan Sauk
bstream_013,Motvind,"Buthler, Dan",Dag Öhrlund,M,2015-12-23,Lind & Co,no,CRIME,Crime,"FF, FH",Stefan Sauk
bstream_014,På sex meters djup,"Rudberg, Denise",,F,2016-10-19,Forum,no,CRIME,Crime,"FF, FF, FH",Anna Maria Käll
bstream_015,Prio ett,"Schepp, Emelie",,F,2016-05-16,Wahlström & Widstrand,no,CRIME,Crime,"FF, FF, FH",Katarina Ewerlöf
bstream_016,Svart stjärna - S1E1,"Ersgård, Jesper",Joakim Ersgård,M,2016-07-05,Storytel,no,OTHER,Fantasy & SciFi,"FM, FL",Stefan Sauk
bstream_017,Mordbrännaren,"Kant, Johan",Anders Gustafson,M,2016-04-15,Bokfabriken,no,CRIME,Crime,"FF, FH",Katarina Ewerlöf
bstream_018,Midnattsflickor,"Moström, Jonas",,M,2016-07-04,Lind & Co,no,CRIME,Crime,"FF, FH",Marie Richardson
bstream_019,När livet börjar om,"Dillon, Lucy",,F,2016-01-27,Forum,transl,OTHER,Fiction,"F, FB",Anna Maria Käll
bstream_020,Välkommen hem,"Schulman, Ninni",,F,2016-08-17,Forum,no,CRIME,Crime,"FF, FF, FH",Angela Kovács
bstream_021,Sov du lilla videung,"Börjlind, Rolf",Cilla Börjlind,2,2016-08-11,Norstedts,no,CRIME,Crime,"FF, FH",Katarina Ewerlöf
bstream_022,Den hemliga kvinnan,"Ekberg, Anna",,F,2017-03-30,Massolit,no,CRIME,Thrillers,"F, FH",Eva Röse
bstream_023,Det du inte vet,"Jansson, Anna",,F,2017-03-09,Norstedts,no,CRIME,Crime,"FF, FH",Marie Richardson
bstream_024,Tryggare kan ingen vara,"Öhrlund, Dag",,M,2016-12-23,Lind & Co,no,CRIME,Crime,"FF, FH",Stefan Sauk
bstream_025,Uppståndelsen,"Buthler, Dan",Dag Öhrlund,M,2017-05-29,Lind & Co,no,CRIME,Crime,"FF, FH",Stefan Sauk
bstream_026,De sju som såg,"Rudberg, Denise",,F,2017-10-11,Forum,no,CRIME,Crime,FF,Anna Maria Käll
bstream_027,Trogen intill döden,"Moström, Jonas",,M,2017-07-19,Lind & Co,no,CRIME,Crime,"FF, FH",Marie Richardson
bstream_028,Prästens lilla flicka,"Casserfelt, Susan",,F,2013,Egenutgiven,no,CRIME,Crime,"FF, FH",Katarina Ewerlöf
bstream_029,Den tatuerade cirkeln,"Casserfelt, Susan",,F,2016,Egenutgiven,no,CRIME,Crime,"FF, FH",Katarina Ewerlöf
bstream_030,Kvinnan på bänken,"Jansson, Anna",,F,2018-03-08,Norstedts,no,CRIME,Crime,"FF, FH",Marie Richardson
bstream_031,Bakom stängda dörrar,"Paris, B.A.",,F,2017-11-10,Jentas,transl,CRIME,Thrillers,"F, FH",Kerstin Andersson
bstream_032,Mikael Persbrandt : Så som jag minns det,"Vallgren, Carl-Johan",,M,2018-04-19,Bonniers,no,NONFIC,Biographies,DNB,Mikael Persbrandt
bstream_033,5:e Moseboken,"Larsson, Christina",,F,2007,Tre böcker,no,CRIME,Crime,"FF, FH",Kjell ”Coach” Bengtsson
bstream_034,Nådastöten,"Larsson, Christina",,F,2018-02-16,HarperCollins Nordic,no,CRIME,Crime,"FF, FH",Katarina Ewerlöf
bstream_035,Se till mig som liten är,"Öhrlund, Dag",,M,2018-01-25,Lind & Co,no,CRIME,Crime,"FF, FH",Stefan Sauk
bstream_036,Domaren,"Öhrlund, Dag",,M,2018-08-20,Lind & Co,no,CRIME,Crime,"FF, FH",Anna Maria Käll
bstream_037,Hämndens pris,"Lewin, Erik",,M,2018-06-07,NoNa,no,CRIME,Crime,"FF, FH",Stefan Sauk
bstream_038,Änglabarnet,"Kant, Johan",Anders Gustafson,M,2018-02-12,Bokfabriken,no,CRIME,Crime,"FF, FH",Katarina Ewerlöf
bstream_039,Skuggorna ruva,"Moström, Jonas",,M,2018-09-17,Lind & Co,no,CRIME,Crime,"FF, FH",Marie Richardson
bstream_040,Ondskans ansikte,"Ahlstedt, Mats",,M,2018-03-15,Bokfabriken,no,CRIME,Crime,"FF, FH",Katarina Ewerlöf
bstream_041,Omgiven av idioter,"Erikson, Thomas",,M,2016-04-13,Hoi,no,NONFIC,Personal Development,VS,Mattias Linderoth
bstream_042,Mitt hjärta är ditt,"Jansson, Anna",,F,2019-03-10,Norstedts,no,CRIME,Crime,"FF, FH",Marie Richardson
bstream_043,Dotter saknad,"Jansson, Anna",,F,2019-09-05,Norstedts,no,CRIME,Crime,FF,Niklas Engdahl
bstream_044,Ingen lämnas kvar,"Öhrlund, Dag",,M,2019-05-31,Lind & Co,no,CRIME,Crime,"FF, FH",Stefan Sauk
bstream_045,Under nio nätter,"Rudberg, Denise",,F,2019-10-09,Forum,no,CRIME,Crime,FF,Anna Maria Käll
bstream_046,Snödrev,"Tursten, Helene",,F,2018-12-20,Massolit,no,CRIME,Crime,"FF, FH, F",Mirja Turestedt
bstream_047,Offer 2117,"Adler-Olsen, Jussi",,M,2019-11-05,Bonniers,transl,CRIME,Crime,FF,Stefan Sauk
bstream_048,Sista färjan från Ystad,"Alfredsson, Karin",,F,2019-04-14,Bokfabriken,no,CRIME,Crime,"FF, FH",Katarina Ewerlöf
bstream_049,Trojanen,"Ahlstedt, Mats",,M,2019-03-09,Bokfabriken,no,CRIME,Crime,"FF, FH",Katarina Ewerlöf
bstream_050,Morden på Mörkö,"Karlsson, Samuel",,M,2019-01-15,Lind & Co,no,CRIME,Crime,"FF, FH",Gunilla Leining
bstream_051,Allt jag fått lära mig,"Westover, Tara",,F,2019-03-13,Natur & Kultur,transl,OTHER,Biographies,"DNBA, QRMB",Katharina Cohen
