id,title,author1,author2,publication_date,hb_year,hb_pos,pb_year,pb_pos,str_year,str_pos,comment
SvB_BS_001,Da Vinci-koden,"Brown, Dan",,2004,2004,1,na,na,na,na,
SvB_BS_002,Tjuvarnas marknad,"Guillou, Jan",,2004,2004,2,na,na,na,na,
SvB_BS_003,Asyl,"Marklund, Liza",Maria Eriksson,2004,2004,3,na,na,na,na,
SvB_BS_004,Skuggorna och regnet,"Nesser, Håkan",,2004,2004,4,na,na,na,na,
SvB_BS_005,I skuggan av ett brott,"Henschen, Helena",,2004,2004,5,na,na,na,na,
SvB_BS_006,Boken om Blanche och Marie,"Enquist, Per Olov",,2004,2004,7,na,na,na,na,
SvB_BS_007,Gregorius,"Ohlsson, Bengt",,2004,2004,8,na,na,na,na,
SvB_BS_008,Den röda vargen,"Marklund, Liza",,2003,2004,9,na,na,na,na,
SvB_BS_009,"En annan tid, ett annat liv","Persson, Leif GW",,2003,2004,10,na,na,na,na,
SvB_BS_010,Bortom sanningen,"Holt, Anne",,2003,no,no,2004,5,na,na,
SvB_BS_011,Ett öga rött,"Khemiri, Jonas Hassen",,2003,no,no,2004,3,na,na,
SvB_BS_012,Solstorm,"Larsson, Åsa",,2003,no,no,2004,6,na,na,
SvB_BS_013,Änglar och demoner,"Brown, Dan",,2005,2005,1,na,na,na,na,
SvB_BS_014,I cirkelns mitt,"Brown, Dan",,2005,2005,3,na,na,na,na,
SvB_BS_015,Linda - som i Lindamordet,"Persson, Leif GW",,2005,2005,5,na,na,na,na,
SvB_BS_016,Gangsters,"Östergren, Klas",,2005,2005,6,na,na,na,na,
SvB_BS_017,Kennedys hjärna,"Mankell, Henning",,2005,2005,8,na,na,na,na,
SvB_BS_018,Stenhuggaren,"Läckberg, Camilla",,2005,2005,10,na,na,na,na,
SvB_BS_019,Efter alla år av saknad,"Robinson, Peter",,2003,no,no,2005,5,na,na,
SvB_BS_020,Det blod som spillts,"Larsson, Åsa",,2004,no,no,2005,7,na,na,
SvB_BS_021,Predikanten,"Läckberg, Camilla",,2004,no,no,2005,3,na,na,
SvB_BS_022,Små citroner gula,"Ingemarsson, Kajsa",,2004,no,no,2005,1,na,na,
SvB_BS_023,Tillsammans är man mindre ensam,"Gavalda, Anna",,2005,no,no,2006,3,na,na,
SvB_BS_024,Madame Terror,"Guillou, Jan",,2006,2006,1,na,na,na,na,
SvB_BS_025,Nobels testamente,"Marklund, Liza",,2006,2006,2,na,na,na,na,
SvB_BS_026,Flickan som lekte med elden,"Larsson, Stieg",,2006,2006,3,na,na,na,na,
SvB_BS_027,Olycksfågeln,"Läckberg, Camilla",,2006,2006,5,na,na,na,na,
SvB_BS_028,Svart stig,"Larsson, Åsa",,2006,2006,7,na,na,na,na,
SvB_BS_029,Människa utan hund,"Nesser, Håkan",,2006,2006,8,na,na,na,na,
SvB_BS_030,Svinalängorna,"Alakoski, Susanna",,2006,2006,9,na,na,na,na,
SvB_BS_031,Mannen som dog som en lax,"Niemi, Mikael",,2006,2006,10,na,na,na,na,
SvB_BS_032,Skam,"Alvtegen, Karin",,2005,no,no,2006,12,na,na,
SvB_BS_033,Den amerikanska flickan,"Fagerholm, Monika",,2005,no,no,2006,10,na,na,
SvB_BS_034,Den ryske vännen,"Ingemarsson, Kajsa",,2005,no,no,2006,11,na,na,
SvB_BS_035,En lek med eld,"Robinson, Peter",,2004,no,no,2006,15,na,na,
SvB_BS_036,Män som hatar kvinnor,"Larsson, Stieg",,2005,no,no,2006,1,na,na,
SvB_BS_037,Isprinsessan,"Läckberg, Camilla",,2003,no,no,2006,6,na,na,
SvB_BS_038,Mordet på Harriet Krohn,"Fossum, Karin",,2005,no,no,2006,20,na,na,
SvB_BS_039,Mossvikenfruar. Chansen,"Hamberg, Emma",,2005,no,no,2006,18,na,na,
SvB_BS_040,Box 21,"Roslund, Anders",Börge Hellström,2004,no,no,2006,16,na,na,
SvB_BS_041,Flickan med majblommorna,"Wahlberg, Karin",,2004,no,no,2006,19,na,na,
SvB_BS_042,Luftslottet som sprängdes,"Larsson, Stieg",,2007,2007,1,na,na,na,na,
SvB_BS_043,Tyskungen,"Läckberg, Camilla",,2007,2007,2,na,na,na,na,
SvB_BS_044,Livstid,"Marklund, Liza",,2007,2007,3,na,na,na,na,
SvB_BS_045,Faller fritt som i en dröm,"Persson, Leif GW",,2007,2007,4,na,na,na,na,
SvB_BS_046,En helt annan historia,"Nesser, Håkan",,2007,2007,5,na,na,na,na,
SvB_BS_047,Fienden inom oss,"Guillou, Jan",,2007,2007,6,na,na,na,na,
SvB_BS_048,Norrlands akvavit,"Lindgren, Torgny",,2007,2007,7,na,na,na,na,
SvB_BS_049,Tusen strålande solar,"Hosseini, Khaled",,2007,2007,8,na,na,na,na,
SvB_BS_050,Skugga,"Alvtegen, Karin",,2007,2007,10,na,na,na,na,
SvB_BS_051,En märklig affär,"Robinson, Peter",,2005,no,no,2007,19,na,na,
SvB_BS_052,Flyga drake,"Hosseini, Khaled",,2004,no,no,2007,12,na,na,
SvB_BS_053,Den döende dandyn,"Jungstedt, Mari",,2006,no,no,2007,16,na,na,
SvB_BS_054,Snabba cash,"Lapidus, Jens",,2006,no,no,2007,3,na,na,
SvB_BS_055,Montecore. En unik tiger,"Khemiri, Jonas Hassen",,2006,no,no,2007,18,na,na,
SvB_BS_056,Nu vill jag sjunga dig milda sånger,"Olsson, Linda",,2006,2007,14,na,na,na,na,
SvB_BS_057,Aldrig fucka upp,"Lapidus, Jens",,2008,2008,1,na,na,na,na,
SvB_BS_058,Men inte om det gäller din dotter,"Guillou, Jan",,2008,2008,2,na,na,na,na,
SvB_BS_059,Sjöjungfrun,"Läckberg, Camilla",,2008,2008,3,na,na,na,na,
SvB_BS_060,Kinesen,"Mankell, Henning",,2008,2008,4,na,na,na,na,
SvB_BS_061,En plats i solen,"Marklund, Liza",,2008,2008,5,na,na,na,na,
SvB_BS_062,Den som dödar draken,"Persson, Leif GW",,2008,2008,6,na,na,na,na,
SvB_BS_063,Till dess din vrede upphör,"Larsson, Åsa",,2008,2008,8,na,na,na,na,
SvB_BS_064,Nattfåk,"Theorin, Johan",,2008,2008,10,na,na,na,na,
SvB_BS_065,Midvinterblod,"Kallentoft, Mons",,2007,no,no,2008,8,na,na,
SvB_BS_066,Mig äger ingen,"Linderborg, Åsa",,2007,no,no,2008,4,na,na,
SvB_BS_067,Den förlorade symbolen,"Brown, Dan",,2009,2009,1,na,na,na,na,
SvB_BS_068,Fyrvaktaren,"Läckberg, Camilla",,2009,2009,2,na,na,na,na,
SvB_BS_069,Den orolige mannen,"Mankell, Henning",,2009,2009,3,na,na,na,na,
SvB_BS_070,Hypnotisören,"Kepler, Lars",,2009,2009,4,na,na,na,na,
SvB_BS_071,Tre sekunder,"Roslund, Anders",Börge Hellström,2009,2009,5,na,na,na,na,
SvB_BS_072,Hundraåringen som klev ut genom fönstret och försvann,"Jonasson, Jonas",,2009,2009,7,na,na,na,na,
SvB_BS_073,Den dubbla tystnaden,"Jungstedt, Mari",,2009,2009,8,na,na,na,na,
SvB_BS_074,Den mörka ängeln,"Jungstedt, Mari",,2008,no,no,2009,20,na,na,
SvB_BS_075,Sommardöden,"Kallentoft, Mons",,2008,no,no,2009,8,na,na,
SvB_BS_076,Snömannen,"Nesbø, Jo",,2008,no,no,2009,14,na,na,
SvB_BS_077,Paganinikontraktet,"Kepler, Lars",,2010,2010,4,na,na,na,na,
SvB_BS_078,Blodläge,"Theorin, Johan",,2010,2010,6,na,na,na,na,
SvB_BS_079,Den döende detektiven,"Persson, Leif GW",,2010,2010,7,na,na,na,na,
SvB_BS_080,Postcard Killers,"Marklund, Liza",James Patterson,2009,2010,10,na,na,na,na,
SvB_BS_081,1222 över havet,"Holt, Anne",,2008,no,no,2010,9,na,na,
SvB_BS_082,Bara vanligt vatten,"Ingemarsson, Kajsa",,2009,no,no,2010,15,na,na,
SvB_BS_083,Boktjuven,"Zusak, Markus",,2008,no,no,2010,6,na,na,
SvB_BS_084,Igelkottens elegans,"Barbery, Muriel",,2009,2009,12,na,na,na,na,
SvB_BS_085,Höstoffer,"Kallentoft, Mons",,2009,no,no,2010,7,na,na,
SvB_BS_086,I den innersta kretsen,"Sten, Viveca",,2008,no,no,2010,11,na,na,
SvB_BS_087,Eldvittnet,"Kepler, Lars",,2011,2011,1,na,na,na,na,
SvB_BS_088,Änglamakerskan,"Läckberg, Camilla",,2011,2011,2,na,na,na,na,
SvB_BS_089,En dag,"Nicholls, David",,2010,no,no,2011,2,na,na,
SvB_BS_090,Livet deluxe,"Lapidus, Jens",,2011,2011,3,na,na,na,na,
SvB_BS_091,Brobyggarna,"Guillou, Jan",,2011,2011,5,na,na,na,na,
SvB_BS_092,Niceville,"Stockett, Kathryn",,2010,no,no,2011,5,na,na,
SvB_BS_093,"Du gamla, du fria","Marklund, Liza",,2011,2011,7,na,na,na,na,
SvB_BS_094,Pansarhjärta,"Nesbø, Jo",,2010,2010,14,na,na,na,na,
SvB_BS_095,Det fjärde offret,"Jungstedt, Mari",,2011,2011,11,na,na,na,na,
SvB_BS_096,Drömmen förde dej vilse,"Jansson, Anna",,2010,no,no,2011,11,na,na,
SvB_BS_097,Grand final i skojarbranschen,"Ekman, Kerstin",,2011,2011,12,na,na,na,na,
SvB_BS_098,Det fördolda,"Hjorth, Michael",Hans Rosenfeldt,2010,no,no,2011,12,na,na,
SvB_BS_099,Huvudjägarna,"Nesbø, Jo",,2010,no,no,2011,13,na,na,
SvB_BS_100,Spill,"Combüchen, Sigrid",,2010,2011,13,na,na,na,na,
SvB_BS_101,Sankta Psyko,"Theorin, Johan",,2011,2011,15,na,na,na,na,
SvB_BS_102,Tusenskönor,"Ohlsson, Kristina",,2010,no,no,2011,16,na,na,
SvB_BS_103,I grunden utan skuld,"Sten, Viveca",,2010,no,no,2011,17,na,na,
SvB_BS_104,I natt är du död,"Sten, Viveca",,2011,2011,17,na,na,na,na,
SvB_BS_105,Den femte årstiden,"Kallentoft, Mons",,2011,2011,18,na,na,na,na,
SvB_BS_106,Utrensning,"Oksanen, Sofi",,2010,no,no,2011,19,na,na,
SvB_BS_107,Ensamma hjärtan och hemlösa hundar,"Dillon, Lucy",,2011,no,no,2011,20,na,na,
SvB_BS_108,Strindbergs stjärna,"Wallentin, Jan",,2010,2011,20,na,na,na,na,
SvB_BS_109,Sandmannen,"Kepler, Lars",,2012,2012,2,na,na,na,na,
SvB_BS_110,Änglavakter,"Ohlsson, Kristina",,2011,no,no,2012,2,na,na,
SvB_BS_111,Någonstans inom oss,"Ingemarsson, Kajsa",,2011,no,no,2012,4,na,na,
SvB_BS_112,Torka aldrig tårar utan handskar 1. Kärleken,"Gardell, Jonas",,2012,2012,4,na,na,na,na,
SvB_BS_113,Hungerspelen,"Collins, Suzanne",,2008,no,no,2012,5,na,na,
SvB_BS_114,Dandy,"Guillou, Jan",,2012,2012,5,na,na,na,na,
SvB_BS_115,Den sista akten,"Jungstedt, Mari",,2012,2012,6,na,na,na,na,
SvB_BS_116,Cirkeln,"Strandberg, Mats",Sara Bergmark Elfgren,2011,no,no,2012,6,na,na,
SvB_BS_117,Två soldater,"Roslund, Anders",Börge Hellström,2012,2012,7,na,na,na,na,
SvB_BS_118,Lärjungen,"Hjorth, Michael",Hans Rosenfeldt,2011,no,no,2012,9,na,na,
SvB_BS_119,I stundens hetta,"Sten, Viveca",,2012,2012,9,na,na,na,na,
SvB_BS_120,Till offer åt Molok,"Larsson, Åsa",,2012,2012,11,na,na,na,na,
SvB_BS_121,Gengångare,"Nesbø, Jo",,2011,2012,11,na,na,na,na,
SvB_BS_122,En man som heter Ove,"Backman, Fredrik",,2012,2012,13,na,na,na,na,
SvB_BS_123,Fjällgraven,"Hjorth, Michael",Hans Rosenfeldt,2012,2012,14,na,na,na,na,
SvB_BS_124,Helgonet,"Gerhardsen, Carin",,2011,no,no,2012,15,na,na,
SvB_BS_125,Fatta eld,"Collins, Suzanne",,2009,no,no,2012,16,na,na,
SvB_BS_126,Felicia försvann,"Feldt, Felicia",,2011,2012,17,na,na,na,na,
SvB_BS_127,Den tomma stolen,"Rowling, J.K.",,2012,2012,18,na,na,na,na,
SvB_BS_128,Revolt,"Collins, Suzanne",,2010,no,no,2012,20,na,na,
SvB_BS_129,Vattenänglar,"Kallentoft, Mons",,2012,2012,20,na,na,na,na,
SvB_BS_130,Livet efter dig,"Moyes, Jojo",,2012,no,no,2013,2,na,na,
SvB_BS_131,Inferno,"Brown, Dan",,2013,2013,4,na,na,na,na,
SvB_BS_132,Little bee,"Cleave, Chris",,2012,no,no,2013,5,na,na,
SvB_BS_133,Den sanna historien om Pinocchios näsa,"Persson, Leif GW",,2013,2013,5,na,na,na,na,
SvB_BS_134,Analfabeten som kunde räkna,"Jonasson, Jonas",,2013,2013,6,na,na,na,na,
SvB_BS_135,Innan floden tar oss,"Thorfinn, Helena",,2012,no,no,2013,6,na,na,
SvB_BS_136,Mellan rött och svart,"Guillou, Jan",,2013,2013,7,na,na,na,na,
SvB_BS_137,Paradisoffer,"Ohlsson, Kristina",,2012,no,no,2013,7,na,na,
SvB_BS_138,Du går inte ensam,"Jungstedt, Mari",,2013,2013,8,na,na,na,na,
SvB_BS_139,Lyckliga gatan,"Marklund, Liza",,2013,2013,9,na,na,na,na,
SvB_BS_140,När skönheten kom till Bro,"Jansson, Anna",,2012,no,no,2013,10,na,na,
SvB_BS_141,Polis,"Nesbø, Jo",,2013,2013,10,na,na,na,na,
SvB_BS_142,För mycket lycka,"Munro, Alice",,2010,no,no,2013,11,na,na,
SvB_BS_143,Kaffe med rån,"Ingelman-Sundberg, Catharina",,2012,no,no,2013,12,na,na,
SvB_BS_144,I farans riktning,"Sten, Viveca",,2013,2013,12,na,na,na,na,
SvB_BS_145,Min mormor hälsar och säger förlåt,"Backman, Fredrik",,2013,2013,13,na,na,na,na,
SvB_BS_146,Mörka platser,"Flynn, Gillian",,2012,no,no,2013,13,na,na,
SvB_BS_147,Gideons ring,"Gerhardsen, Carin",,2012,no,no,2013,14,na,na,
SvB_BS_148,Och bergen svarade,"Hosseini, Khaled",,2013,2013,14,na,na,na,na,
SvB_BS_149,Flaskpost från P,"Adler-Olsen, Jussi",,2011,no,no,2013,15,na,na,
SvB_BS_150,Torka aldrig tårar utan handskar 2. Sjukdomen,"Gardell, Jonas",,2013,2013,15,na,na,na,na,
SvB_BS_151,Egenmäktigt förfarande,"Andersson, Lena",,2013,2013,16,na,na,na,na,
SvB_BS_152,Handen,"Mankell, Henning",,2013,2013,18,na,na,na,na,
SvB_BS_153,Rörgast,"Theorin, Johan",,2013,2013,20,na,na,na,na,
SvB_BS_154,Att inte vilja se,"Guillou, Jan",,2014,2014,2,na,na,na,na,
SvB_BS_155,Stalker,"Kepler, Lars",,2014,2014,1,2015,13,2015,2,
SvB_BS_156,Gone Girl,"Flynn, Gillian",,2013,no,no,2015,16,no,no,2015-2019
SvB_BS_157,Lejontämjaren,"Läckberg, Camilla",,2014,2014,3,no,no,2015,7,
SvB_BS_158,VIP-rummet,"Lapidus, Jens",,2014,2015,14,no,no,no,no,2015-2019
SvB_BS_159,Sophies historia,"Moyes, Jojo",,2014,no,no,2014,5,na,na,
SvB_BS_160,Utan personligt ansvar,"Andersson, Lena",,2014,2014,6,na,na,na,na,
SvB_BS_161,Sonen,"Nesbø, Jo",,2014,2014,7,2015,20,no,no,2015-2019
SvB_BS_162,Än klappar hjärtan,"Zweigbergk, Helena von",,2013,no,no,2014,8,na,na,
SvB_BS_163,Jag heter inte Miriam,"Axelsson, Majgull",,2014,2014,9,2015,6,no,no,2015-2019
SvB_BS_164,Steglitsan,"Tartt, Donna",,2013,no,no,2014,9,na,na,
SvB_BS_165,De underkända,"Hjorth, Michael",Hans Rosenfeldt,2015,2015,19,na,na,2015,8,
SvB_BS_166,Blå stjärnan,"Guillou, Jan",,2015,2015,6,na,na,no,no,
SvB_BS_167,Det som inte dödar oss,"Lagercrantz, David",,2015,2015,1,2016,14,2015,1,
SvB_BS_168,Bombmakaren och hans kvinna,"Persson, Leif GW",,2015,2015,4,no,no,2015,9,
SvB_BS_169,Britt-Marie var här,"Backman, Fredrik",,2014,2015,5,2015,4,no,no,
SvB_BS_170,Mördar-Anders och hans vänner samt en och annan ovän,"Jonasson, Jonas",,2015,2015,8,2016,5,2015,16,
SvB_BS_171,Allt jag inte minns,"Khemiri, Jonas Hassen",,2015,2015,9,2016,10,no,no,
SvB_BS_172,STHLM Delete,"Lapidus, Jens",,2015,2015,10,2016,20,2015,18,
SvB_BS_173,Det är något som inte stämmer,"Haag, Martina",,2015,2015,11,2016,4,2015,10,
SvB_BS_174,Playground,"Kepler, Lars",,2015,2015,12,no,no,no,no,
SvB_BS_175,Järnblod,"Marklund, Liza",,2015,2015,13,2016,13,2015,3,
SvB_BS_176,Arvet efter dig,"Moyes, Jojo",,2015,2015,15,2016,2,2016,3,
SvB_BS_177,Björndansen,"Roslund, Anders",Stefan Thunberg,2014,2015,17,no,no,no,no,
SvB_BS_178,Liv till varje pris,"Sandberg, Kristina",,2014,2015,18,no,no,no,no,
SvB_BS_179,Konsten att höra hjärtslag,"Sendker, Jan-Philipp",,2014,no,no,2015,1,no,no,
SvB_BS_180,Etthundra mil,"Moyes, Jojo",,2014,no,no,2015,2,no,no,
SvB_BS_181,Sista brevet från din älskade,"Moyes, Jojo",,2014,no,no,2015,3,no,no,
SvB_BS_182,Visning pågår,"Sarenbrant, Sofie",,2014,no,no,2015,5,no,no,
SvB_BS_183,Att föda ett barn,"Sandberg, Kristina",,2010,no,no,2015,7,no,no,
SvB_BS_184,Lotus blues,"Ohlsson, Kristina",,2014,no,no,2015,8,no,no,
SvB_BS_185,Offer utan ansikte,"Ahnhem, Stefan",,2014,no,no,2015,9,no,no,
SvB_BS_186,Öppnas i händelse av min död,"Moriarty, Liane",,2015,no,no,2015,11,no,no,
SvB_BS_187,Stoner,"Williams, John",,2014,no,no,2015,14,no,no,
SvB_BS_188,I skymningen sjunger koltrasten,"Olsson, Linda",,2014,no,no,2015,15,no,no,
SvB_BS_189,I maktens skugga,"Sten, Viveca",,2014,no,no,2015,17,no,no,
SvB_BS_190,Jakthundarna,"Lier Horst, Jørn",,2014,no,no,2015,18,no,no,
SvB_BS_191,Den stumma flickan,"Hjorth, Michael",Hans Rosenfeldt,2014,no,no,2015,19,no,no,
SvB_BS_192,Tre minuter,"Roslund, Anders",Börge Hellström,2016,2016,13,no,no,no,no,
SvB_BS_193,Kaninjägaren,"Kepler, Lars",,2016,2016,1,2017,13,2016,1,
SvB_BS_194,Kan man dö två gånger?,"Persson, Leif GW",,2016,2016,3,2017,18,2016,8,
SvB_BS_195,Äkta amerikanska jeans,"Guillou, Jan",,2016,2016,5,no,no,no,no,
SvB_BS_196,Simma med de drunknade,"Mytting, Lars",,2015,no,no,2016,7,no,no,
SvB_BS_197,Ljuset vi inte ser,"Doerr, Anthony",,2015,no,no,2016,8,no,no,
SvB_BS_198,Avdelning 73,"Sarenbrant, Sofie",,2015,no,no,2016,9,2015,4,
SvB_BS_199,Det andra ansiktet,"Jungstedt, Mari",,2016,2016,11,2017,7,2016,4,
SvB_BS_200,Störst av allt,"Persson Giolito, Malin",,2016,2016,14,2017,2,2017,18,
SvB_BS_201,Snövit ska dö,"Neuhaus, Nele",,2015,no,no,2016,16,no,no,
SvB_BS_202,Glöm mig,"Schulman, Alex",,2016,2016,16,2017,19,no,no,
SvB_BS_203,De oroliga,"Ullmann, Linn",,2016,2016,17,no,no,no,no,
SvB_BS_204,I varje ögonblick är vi fortfarande vid liv,"Malmquist, Tom",,2015,no,no,2016,18,no,no,
SvB_BS_205,Kvinna inför rätta,"Doughty, Louise",,2015,no,no,2016,19,no,no,
SvB_BS_206,Tiggaren,"Sarenbrant, Sofie",,2016,2016,19,2017,6,2016,5,
SvB_BS_207,Bakom din rygg,"Sarenbrant, Sofie",,2017,2017,19,2018,7,2017,5,
SvB_BS_208,1968,"Guillou, Jan",,2017,2017,9,no,no,no,no,
SvB_BS_209,Slutet på sommaren,"Motte, Anders de la",,2016,no,no,2017,9,no,no,
SvB_BS_210,Arton grader minus,"Ahnhem, Stefan",,2016,no,no,2017,10,no,no,
SvB_BS_211,Återstoden av dagen,"Ishiguro, Kazuo",,1990,2017,10,no,no,no,no,
SvB_BS_212,Ett litet liv,"Yanagihara, Hanya",,2016,no,no,2017,11,no,no,
SvB_BS_213,Hjärtats innersta röst,"Sendker, Jan-Philipp",,2016,no,no,2017,12,no,no,
SvB_BS_214,Vänd dig inte om,"Alsterdal, Tove",,2016,no,no,2017,14,no,no,
SvB_BS_215,De kommer att drunkna i sina mödrars tårar,"Anyuru, Johannes",,2017,2017,16,no,no,no,no,
SvB_BS_216,Björnstad,"Backman, Fredrik",,2016,no,no,2017,16,no,no,
SvB_BS_217,Italienska skor,"Mankell, Henning",,2006,2006,16,na,na,na,na,
SvB_BS_218,Kejsaren. Krigets gudar,"Iggulden, Conn",,2006,2006,17,na,na,na,na,
SvB_BS_219,Vänaste land,"Edwardson, Åke",,2006,2006,18,na,na,na,na,
SvB_BS_220,I denna ljuva sommartid,"Jungstedt, Mari",,2007,2007,12,na,na,na,na,
SvB_BS_221,Lyckans hjul,"Ingemarsson, Kajsa",,2007,2007,13,na,na,na,na,
SvB_BS_222,Flickan under gatan,"Roslund, Anders",Börge Hellström,2007,2007,16,na,na,na,na,
SvB_BS_223,Tröstaren,"Wahlberg, Karin",,2007,2007,18,na,na,na,na,
SvB_BS_224,Skumtimmen,"Theorin, Johan",,2007,2007,19,na,na,na,na,
SvB_BS_225,Tårtgeneralen,"Hammar, Filip",Fredrik Wikingsson,2009,2009,13,na,na,na,na,
SvB_BS_226,Ängelns lek,"Ruiz Zafón, Carlos",,2009,2009,14,na,na,na,na,
SvB_BS_227,Matthandlare Olssons död,"Wahlberg, Karin",,2009,2009,17,na,na,na,na,
SvB_BS_228,Bergens väktare,"Iggulden, Conn",,2009,2009,18,na,na,na,na,
SvB_BS_229,Maskarna på Carmine Street,"Nesser, Håkan",,2009,2009,19,na,na,na,na,
SvB_BS_230,Den farliga leken,"Jungstedt, Mari",,2010,2010,12,na,na,na,na,
SvB_BS_231,De ensamma,"Nesser, Håkan",,2010,2010,15,na,na,na,na,
SvB_BS_232,Vårlik,"Kallentoft, Mons",,2010,2010,18,na,na,na,na,
SvB_BS_233,Skynda att älska,"Schulman, Alex",,2009,no,no,2010,18,na,na,
SvB_BS_234,Alkemisten,"Coelho, Paulo",,1995,no,no,2004,1,na,na,
SvB_BS_235,Elva minuter,"Coelho, Paulo",,2004,no,no,2006,17,na,na,
SvB_BS_236,Andningsgunga,"Müller, Herta",,2009,2009,16,na,na,na,na,
SvB_BS_237,Låt den rätte komma in,"Ajvide Lindqvist, John",,2004,no,no,2009,2,na,na,
SvB_BS_238,Shantaram,"Roberts, Gregory",,2007,no,no,2009,19,na,na,
SvB_BS_239,Hjärtdjur,"Müller, Herta",,1996,no,no,2010,19,na,na,
SvB_BS_240,Femtio nyanser av honom,"James, E.L.",,2012,2012,1,na,na,na,na,
SvB_BS_241,Femtio nyanser av mörker,"James, E.L.",,2012,2012,3,na,na,na,na,
SvB_BS_242,Morgon i Jenin,"Abulhawa, Susan",,2010,no,no,2012,19,na,na,
SvB_BS_243,Femtio nyanser av frihet,"James, E.L.",,2012,2013,1,na,na,na,na,
SvB_BS_244,Min fantastiska väninna,"Ferrante, Elena",,2016,2016,2,2017,5,no,no,
SvB_BS_245,Hennes nya namn,"Ferrante, Elena",,2016,2016,6,no,no,no,no,
SvB_BS_246,Toner i natten,"Moyes, Jojo",,2016,2016,18,2017,3,2017,15,
SvB_BS_247,Kvinnan på tåget,"Hawkins, Paula",,2015,no,no,2016,1,no,no,
SvB_BS_248,Det lilla bageriet på strandpromenaden,"Colgan, Jenny",,2015,no,no,2016,11,no,no,
SvB_BS_249,Mannen som sökte sin skugga,"Lagercrantz, David",,2017,2017,1,no,no,2017,2,
SvB_BS_250,Begynnelse,"Brown, Dan",,2017,2017,3,2018,17,no,no,
SvB_BS_251,Häxan,"Läckberg, Camilla",,2017,2017,4,2018,13,2017,1,
SvB_BS_252,Det förlorade barnet,"Ferrante, Elena",,2017,2017,6,no,no,no,no,
SvB_BS_253,"Den som stannar, den som går","Ferrante, Elena",,2016,2017,11,no,no,no,no,
SvB_BS_254,Top Dogg,"Lapidus, Jens",,2017,2017,12,no,no,2017,12,
SvB_BS_255,Törst,"Nesbø, Jo",,2017,2017,13,no,no,2017,10,
SvB_BS_256,Never let me go,"Ishiguro, Kazuo",,2005,2017,17,no,no,no,no,
SvB_BS_257,Det förlovade landet,"Jungstedt, Mari",,2017,2017,18,2018,9,2017,9,
SvB_BS_258,Selfies,"Adler-Olsen, Jussi",,2017,2017,20,no,no,2017,3,
SvB_BS_259,Sommar på strandpromenaden,"Colgan, Jenny",,2016,no,no,2017,4,no,no,
SvB_BS_260,Jul i det lilla bageriet på strandpromenaden,"Colgan, Jenny",,2016,no,no,2017,15,no,no,
SvB_BS_261,Lazarus,"Kepler, Lars",,2018,2018,1,no,no,2018,1,
SvB_BS_262,Till minne av en villkorslös kärlek,"Gardell, Jonas",,2018,2018,4,no,no,no,no,
SvB_BS_263,Bränn alla mina brev,"Schulman, Alex",,2018,2018,5,2019,8,2019,13,
SvB_BS_264,De som dödar drömmar sover aldrig,"Guillou, Jan",,2018,2018,6,no,no,no,no,
SvB_BS_265,En andra chans,"Moyes, Jojo",,2018,2018,8,2019,5,2018,17,
SvB_BS_266,Ett mörker mitt ibland oss,"Jungstedt, Mari",,2018,2018,9,2019,6,2018,5,
SvB_BS_267,I fel sällskap,"Sten, Viveca",,2018,2018,10,no,no,no,no,
SvB_BS_268,Syndabocken,"Sarenbrant, Sofie",,2018,2018,12,2019,10,2018,2,
SvB_BS_269,En högre rättvisa,"Hjorth, Michael",Hans Rosenfeldt,2018,2018,14,no,no,2018,15,
SvB_BS_270,De vänsterhäntas förening,"Nesser, Håkan",,2018,2018,15,2019,16,no,no,
SvB_BS_271,Tre timmar,"Roslund, Anders",,2018,2018,17,2019,18,no,no,
SvB_BS_272,Vardagar,"Lundell, Ulf",,2018,2018,19,no,no,no,no,
SvB_BS_273,1793,"Natt och Dag, Niklas",,2017,no,no,2018,2,no,no,
SvB_BS_274,Den lilla bokhandeln runt hörnet,"Colgan, Jenny",,2017,no,no,2018,4,no,no,
SvB_BS_275,Silvervägen,"Jackson, Stina",,2018,no,no,2018,5,2019,9,
SvB_BS_276,Bara ett barn,"Persson Giolito, Malin",,2010,no,no,2018,6,no,no,
SvB_BS_277,Ensam i Paris och andra historier,"Moyes, Jojo",,2017,no,no,2018,8,no,no,
SvB_BS_278,Husdjuret,"Grebe, Camilla",,2017,no,no,2018,10,no,no,
SvB_BS_279,Den tyska flickan,"Correa, Armando Lucas",,2017,no,no,2018,11,no,no,
SvB_BS_280,Strandcaféet,"Diamond, Lucy",,2017,no,no,2018,12,no,no,
SvB_BS_281,Kvinnan i fönstret,"Finn, A.J.",,2017,no,no,2018,14,no,no,
SvB_BS_282,Blodlokan,"Boije af Gennäs, Louise",,2018,no,no,2018,15,no,no,
SvB_BS_283,Syndafloder,"Ohlsson, Kristina",,2017,no,no,2018,18,2018,20,
SvB_BS_284,Höstdåd,"Motte, Anders de la",,2017,no,no,2018,19,no,no,
SvB_BS_285,Pappas pojke,"Schepp, Emelie",,2017,no,no,2018,20,2017,8,
SvB_BS_286,Hon som måste dö,"Lagercrantz, David",,2019,2019,1,na,na,2019,1,
SvB_BS_287,En bur av guld,"Läckberg, Camilla",,2019,2019,3,na,na,2019,8,
SvB_BS_288,1794,"Natt och Dag, Niklas",,2019,2019,4,na,na,no,no,
SvB_BS_289,Den andra dödssynden,"Guillou, Jan",,2019,2019,5,na,na,no,no,
SvB_BS_290,Jag ser dig,"Jungstedt, Mari",,2019,2019,7,na,na,no,no,
SvB_BS_291,Kniv,"Nesbø, Jo",,2019,2019,8,na,na,no,no,
SvB_BS_292,Broder Jakob,"Schepp, Emelie",,2019,2019,10,na,na,2019,4,
SvB_BS_293,Löparna,"Tokarczuk, Olga",,2009,2019,11,na,na,no,no,
SvB_BS_294,Bergens stjärnor,"Moyes, Jojo",,2019,2019,12,na,na,no,no,
SvB_BS_295,Skamvrån,"Sarenbrant, Sofie",,2019,2019,13,na,na,2019,2,
SvB_BS_296,Folk med ångest,"Backman, Fredrik",,2019,2019,14,na,na,no,no,
SvB_BS_297,I hemlighet begravd,"Sten, Viveca",,2019,2019,16,na,na,2019,20,
SvB_BS_298,Hundraettåringen som tänkte att han tänkte för mycket,"Jonasson, Jonas",,2018,2018,17,no,no,no,no,
SvB_BS_299,Jamåhonleva,"Roslund, Anders",,2019,2019,18,na,na,no,no,
SvB_BS_300,Jag for ner till bror,"Smirniff, Karin",,2018,no,no,2019,2,no,no,
SvB_BS_301,En helt vanlig familj,"Edvardsson, Mattias",,2018,no,no,2019,4,2018,13,
SvB_BS_302,Bokhandeln på Riverside Drive,"Skybäck, Frida",,2018,no,no,2019,11,no,no,
SvB_BS_303,Tatueraren i Auschwitz,"Morris, Heather",,2018,no,no,2019,12,no,no,
SvB_BS_304,Sommar på den lilla ön i havet,"Colgan, Jenny",,2018,no,no,2019,13,no,no,
SvB_BS_305,Det som göms i snö,"Gerhardsen, Carin",,2018,no,no,2019,15,2018,20,
SvB_BS_306,Motiv X,"Ahnhem, Stefan",,2018,no,no,2019,17,no,no,
SvB_BS_307,Arv och miljö,"Hjorth, Vigdis",,2018,no,no,2019,19,no,no,
SvB_BS_308,På egen hand,"Keyes, Marian",,2018,no,no,2019,20,no,no,
bstream_001,Alla kan se dig,"Jansson, Anna",,2015-03-19,no,no,no,no,2015,13,
bstream_002,"Falleri, fallera, falleralla","Gerhardsen, Carin",,2015-05-21,no,no,no,no,2015,17,
bstream_003,Hämnaren,"Buthler, Dan",Dag Öhrlund,2015-04-15,no,no,no,no,2015,6,
bstream_004,Vita spår,"Schepp, Emelie",,2015-05-19,no,no,no,no,2015,20,
bstream_005,Dominodöden,"Moström, Jonas",,2015-07-20,no,no,no,no,2015,14,
bstream_006,Den gränslöse,"Adler-Olsen, Jussi",,2015-05-04,no,no,no,no,2015,5,
bstream_007,Skymningsflickan,"Wennstam, Katarina",,2015-07-31,no,no,no,no,2015,19,
bstream_008,En mörkare himmel : Gran Canaria,"Jungstedt, Mari",Ruben Eliassen,2014-12-30,no,no,no,no,2015,15,
bstream_009,I sanningens namn,"Sten, Viveca",,2015-11-04,no,no,no,no,2015,12,
bstream_010,Rädslans fångar,"Jansson, Anna",,2016-03-10,no,no,no,no,2016,14,
bstream_011,Kärlek sökes,"Hjulström, Carin",,2016-04-12,no,no,no,no,2016,19,
bstream_012,Där inga ögon ser,"Öhrlund, Dag",,2016-05-23,no,no,no,no,2016,9,
bstream_013,Motvind,"Buthler, Dan",Dag Öhrlund,2015-12-23,no,no,no,no,2016,6,
bstream_014,På sex meters djup,"Rudberg, Denise",,2016-10-19,no,no,no,no,2016,20,
bstream_015,Prio ett,"Schepp, Emelie",,2016-05-16,no,no,no,no,2016,11,
bstream_016,Svart stjärna - S1E1,"Ersgård, Jesper",Joakim Ersgård,2016-07-05,no,no,no,no,2016,18,
bstream_017,Mordbrännaren,"Kant, Johan",Anders Gustafson,2016-04-15,no,no,no,no,2016,10,
bstream_018,Midnattsflickor,"Moström, Jonas",,2016-07-04,no,no,no,no,2016,13,
bstream_019,När livet börjar om,"Dillon, Lucy",,2016-01-27,no,no,no,no,2016,15,
bstream_020,Välkommen hem,"Schulman, Ninni",,2016-08-17,no,no,no,no,2016,16,
bstream_021,Sov du lilla videung,"Börjlind, Rolf",Cilla Börjlind,2016-08-11,no,no,no,no,2016,17,
bstream_022,Den hemliga kvinnan,"Ekberg, Anna",,2017-03-30,no,no,no,no,2017,7,
bstream_023,Det du inte vet,"Jansson, Anna",,2017-03-09,no,no,no,no,2017,13,
bstream_024,Tryggare kan ingen vara,"Öhrlund, Dag",,2016-12-23,no,no,no,no,2017,6,
bstream_025,Uppståndelsen,"Buthler, Dan",Dag Öhrlund,2017-05-29,no,no,no,no,2017,4,
bstream_026,De sju som såg,"Rudberg, Denise",,2017-10-11,no,no,no,no,2017,17,
bstream_027,Trogen intill döden,"Moström, Jonas",,2017-07-19,no,no,no,no,2017,16,
bstream_028,Prästens lilla flicka,"Casserfelt, Susan",,2013,no,no,no,no,2017,14,
bstream_029,Den tatuerade cirkeln,"Casserfelt, Susan",,2016,no,no,no,no,2017,19,
bstream_030,Kvinnan på bänken,"Jansson, Anna",,2018-03-08,no,no,no,no,2018,8,
bstream_031,Bakom stängda dörrar,"Paris, B.A.",,2017-11-10,no,no,no,no,2018,7,
bstream_032,Mikael Persbrandt : Så som jag minns det,"Vallgren, Carl-Johan",,2018-04-19,no,no,no,no,2018,6,
bstream_033,5:e Moseboken,"Larsson, Christina",,2007,no,no,no,no,2018,19,
bstream_034,Nådastöten,"Larsson, Christina",,2018-02-16,no,no,no,no,2018,12,
bstream_035,Se till mig som liten är,"Öhrlund, Dag",,2018-01-25,no,no,no,no,2018,4,
bstream_036,Domaren,"Öhrlund, Dag",,2018-08-20,no,no,no,no,2018,10,
bstream_037,Hämndens pris,"Lewin, Erik",,2018-06-07,no,no,no,no,2018,11,
bstream_038,Änglabarnet,"Kant, Johan",Anders Gustafson,2018-02-12,no,no,no,no,2018,14,
bstream_039,Skuggorna ruva,"Moström, Jonas",,2018-09-17,no,no,no,no,2018,18,
bstream_040,Ondskans ansikte,"Ahlstedt, Mats",,2018-03-15,no,no,no,no,2018,16,
bstream_041,Omgiven av idioter,"Erikson, Thomas",,2016-04-13,no,no,no,no,2018,9,
bstream_042,Mitt hjärta är ditt,"Jansson, Anna",,2019-03-10,no,no,no,no,2019,7,
bstream_043,Dotter saknad,"Jansson, Anna",,2019-09-05,no,no,no,no,2019,12,
bstream_044,Ingen lämnas kvar,"Öhrlund, Dag",,2019-05-31,no,no,no,no,2019,3,
bstream_045,Under nio nätter,"Rudberg, Denise",,2019-10-09,no,no,no,no,2019,18,
bstream_046,Snödrev,"Tursten, Helene",,2018-12-20,no,no,no,no,2019,15,
bstream_047,Offer 2117,"Adler-Olsen, Jussi",,2019-11-05,no,no,no,no,2019,5,
bstream_048,Sista färjan från Ystad,"Alfredsson, Karin",,2019-04-14,no,no,no,no,2019,16,
bstream_049,Trojanen,"Ahlstedt, Mats",,2019-03-09,no,no,no,no,2019,14,
bstream_050,Morden på Mörkö,"Karlsson, Samuel",,2019-01-15,no,no,no,no,2019,6,
bstream_051,Allt jag fått lära mig,"Westover, Tara",,2019-03-13,no,no,no,no,2019,11,
