p_pl,id,title,author1,author2,author_gender,translation,category,frmt1,frmt2
25950,bstream_021,Sov du lilla videung,"Börjlind, Rolf",Cilla Börjlind,2,no,CRIME,no,strm
25730,SvB_BS_193,Kaninjägaren,"Kepler, Lars",,2,no,CRIME,both,both
24917,bstream_050,Morden på Mörkö,"Karlsson, Samuel",,M,no,CRIME,no,strm
24909,SvB_BS_173,Det är något som inte stämmer,"Haag, Martina",,F,no,OTHER,both,both
24282,SvB_BS_261,Lazarus,"Kepler, Lars",,2,no,CRIME,hb,both
24227,SvB_BS_303,Tatueraren i Auschwitz,"Morris, Heather",,F,transl,OTHER,pb,sell
23185,bstream_009,I sanningens namn,"Sten, Viveca",,F,no,CRIME,no,strm
22999,SvB_BS_155,Stalker,"Kepler, Lars",,2,no,CRIME,both,both
22959,SvB_BS_185,Offer utan ansikte,"Ahnhem, Stefan",,M,no,CRIME,pb,sell
22861,SvB_BS_267,I fel sällskap,"Sten, Viveca",,F,no,CRIME,hb,sell
22743,bstream_029,Den tatuerade cirkeln,"Casserfelt, Susan",,F,no,CRIME,no,strm
22706,SvB_BS_174,Playground,"Kepler, Lars",,2,no,CRIME,hb,sell
22703,SvB_BS_210,Arton grader minus,"Ahnhem, Stefan",,M,no,CRIME,pb,sell
22660,bstream_008,En mörkare himmel : Gran Canaria,"Jungstedt, Mari",Ruben Eliassen,2,no,CRIME,no,strm
22459,bstream_020,Välkommen hem,"Schulman, Ninni",,F,no,CRIME,no,strm
22417,SvB_BS_190,Jakthundarna,"Lier Horst, Jørn",,M,transl,CRIME,pb,sell
22403,SvB_BS_189,I maktens skugga,"Sten, Viveca",,F,no,CRIME,pb,sell
22391,SvB_BS_300,Jag for ner till bror,"Smirnoff, Karin",,F,no,PRESTIGE,pb,sell
21962,SvB_BS_202,Glöm mig,"Schulman, Alex",,M,no,OTHER,both,sell
21889,SvB_BS_209,Slutet på sommaren,"Motte, Anders de la",,M,no,CRIME,pb,sell
21886,bstream_028,Prästens lilla flicka,"Casserfelt, Susan",,F,no,CRIME,no,strm
21875,bstream_017,Mordbrännaren,"Kant, Johan",Anders Gustafson,M,no,CRIME,no,strm
21792,SvB_BS_284,Höstdåd,"Motte, Anders de la",,M,no,CRIME,pb,sell
21616,SvB_BS_175,Järnblod,"Marklund, Liza",,F,no,CRIME,both,both
21581,SvB_BS_196,Simma med de drunknade,"Mytting, Lars",,M,transl,OTHER,pb,sell
21465,SvB_BS_302,Bokhandeln på Riverside Drive,"Skybäck, Frida",,F,no,OTHER,pb,sell
21388,bstream_037,Hämndens pris,"Lewin, Erik",,M,no,CRIME,no,strm
21384,SvB_BS_287,En bur av guld,"Läckberg, Camilla",,F,no,CRIME,hb,both
21349,SvB_BS_182,Visning pågår,"Sarenbrant, Sofie",,F,no,CRIME,pb,sell
21345,bstream_045,Under nio nätter,"Rudberg, Denise",,F,no,CRIME,no,strm
21236,bstream_014,På sex meters djup,"Rudberg, Denise",,F,no,CRIME,no,strm
21192,SvB_BS_257,Det förlovade landet,"Jungstedt, Mari",,F,no,CRIME,both,both
21179,bstream_051,Allt jag fått lära mig,"Westover, Tara",,F,transl,OTHER,no,strm
21160,SvB_BS_290,Jag ser dig,"Jungstedt, Mari",,F,no,CRIME,hb,sell
21145,SvB_BS_306,Motiv X,"Ahnhem, Stefan",,M,no,CRIME,pb,sell
21125,SvB_BS_266,Ett mörker mitt ibland oss,"Jungstedt, Mari",,F,no,CRIME,both,both
21026,SvB_BS_275,Silvervägen,"Jackson, Stina",,F,no,CRIME,pb,both
21026,SvB_BS_281,Kvinnan i fönstret,"Finn, A.J.",,M,transl,CRIME,pb,sell
21017,bstream_022,Den hemliga kvinnan,"Ekberg, Anna",,F,no,CRIME,no,strm
20974,bstream_004,Vita spår,"Schepp, Emelie",,F,no,CRIME,no,strm
20927,bstream_012,Där inga ögon ser,"Öhrlund, Dag",,M,no,CRIME,no,strm
20896,bstream_040,Ondskans ansikte,"Ahlstedt, Mats",,M,no,CRIME,no,strm
20850,bstream_046,Snödrev,"Tursten, Helene",,F,no,CRIME,no,strm
20682,SvB_BS_297,I hemlighet begravd,"Sten, Viveca",,F,no,CRIME,hb,both
20665,SvB_BS_274,Den lilla bokhandeln runt hörnet,"Colgan, Jenny",,F,transl,OTHER,pb,sell
20650,SvB_BS_207,Bakom din rygg,"Sarenbrant, Sofie",,F,no,CRIME,both,both
20639,SvB_BS_285,Pappas pojke,"Schepp, Emelie",,F,no,CRIME,pb,both
20622,SvB_BS_259,Sommar på strandpromenaden,"Colgan, Jenny",,F,transl,OTHER,pb,sell
20621,SvB_BS_177,Björndansen,"Roslund, Anders",Stefan Thunberg,M,no,CRIME,hb,sell
20601,SvB_BS_165,De underkända,"Hjorth, Michael",Hans Rosenfeldt,M,no,CRIME,hb,both
20523,SvB_BS_292,Broder Jakob,"Schepp, Emelie",,F,no,CRIME,hb,both
20473,SvB_BS_191,Den stumma flickan,"Hjorth, Michael",Hans Rosenfeldt,M,no,CRIME,pb,sell
20464,SvB_BS_248,Det lilla bageriet på strandpromenaden,"Colgan, Jenny",,F,transl,OTHER,pb,sell
20447,bstream_033,5:e Moseboken,"Larsson, Christina",,F,no,CRIME,no,strm
20413,bstream_031,Bakom stängda dörrar,"Paris, B.A.",,F,transl,CRIME,no,strm
20406,bstream_048,Sista färjan från Ystad,"Alfredsson, Karin",,F,no,CRIME,no,strm
20382,SvB_BS_180,Etthundra mil,"Moyes, Jojo",,F,transl,OTHER,pb,sell
20378,bstream_026,De sju som såg,"Rudberg, Denise",,F,no,CRIME,no,strm
20315,bstream_043,Dotter saknad,"Jansson, Anna",,F,no,CRIME,no,strm
20134,SvB_BS_198,Avdelning 73,"Sarenbrant, Sofie",,F,no,CRIME,pb,both
20053,SvB_BS_199,Det andra ansiktet,"Jungstedt, Mari",,F,no,CRIME,both,both
20051,bstream_003,Hämnaren,"Buthler, Dan",Dag Öhrlund,M,no,CRIME,no,strm
20050,SvB_BS_269,En högre rättvisa,"Hjorth, Michael",Hans Rosenfeldt,M,no,CRIME,hb,both
19989,bstream_038,Änglabarnet,"Kant, Johan",Anders Gustafson,M,no,CRIME,no,strm
19978,SvB_BS_268,Syndabocken,"Sarenbrant, Sofie",,F,no,CRIME,both,both
19977,bstream_049,Trojanen,"Ahlstedt, Mats",,M,no,CRIME,no,strm
19962,bstream_034,Nådastöten,"Larsson, Christina",,F,no,CRIME,no,strm
19933,SvB_BS_171,Allt jag inte minns,"Khemiri, Jonas Hassen",,M,no,PRESTIGE,both,sell
19933,bstream_013,Motvind,"Buthler, Dan",Dag Öhrlund,M,no,CRIME,no,strm
19902,SvB_BS_294,Bergens stjärnor,"Moyes, Jojo",,F,transl,OTHER,hb,sell
19900,SvB_BS_277,Ensam i Paris och andra historier,"Moyes, Jojo",,F,transl,OTHER,pb,sell
19824,bstream_036,Domaren,"Öhrlund, Dag",,M,no,CRIME,no,strm
19646,SvB_BS_278,Husdjuret,"Grebe, Camilla",,F,no,CRIME,pb,sell
19633,SvB_BS_295,Skamvrån,"Sarenbrant, Sofie",,F,no,CRIME,hb,both
19470,SvB_BS_206,Tiggaren,"Sarenbrant, Sofie",,F,no,CRIME,both,both
19403,bstream_023,Det du inte vet,"Jansson, Anna",,F,no,CRIME,no,strm
19351,bstream_025,Uppståndelsen,"Buthler, Dan",Dag Öhrlund,M,no,CRIME,no,strm
19300,bstream_035,Se till mig som liten är,"Öhrlund, Dag",,M,no,CRIME,no,strm
19294,bstream_024,Tryggare kan ingen vara,"Öhrlund, Dag",,M,no,CRIME,no,strm
19206,SvB_BS_181,Sista brevet från din älskade,"Moyes, Jojo",,F,transl,OTHER,pb,sell
19183,bstream_044,Ingen lämnas kvar,"Öhrlund, Dag",,M,no,CRIME,no,strm
19182,bstream_018,Midnattsflickor,"Moström, Jonas",,M,no,CRIME,no,strm
19179,SvB_BS_163,Jag heter inte Miriam,"Axelsson, Majgull",,F,no,OTHER,both,sell
19103,SvB_BS_178,Liv till varje pris,"Sandberg, Kristina",,F,no,PRESTIGE,hb,sell
18984,bstream_015,Prio ett,"Schepp, Emelie",,F,no,CRIME,no,strm
18903,SvB_BS_263,Bränn alla mina brev,"Schulman, Alex",,M,no,OTHER,both,both
18902,bstream_010,Rädslans fångar,"Jansson, Anna",,F,no,CRIME,no,strm
18894,bstream_042,Mitt hjärta är ditt,"Jansson, Anna",,F,no,CRIME,no,strm
18859,SvB_BS_246,Toner i natten,"Moyes, Jojo",,F,transl,OTHER,both,both
18717,SvB_BS_201,Snövit ska dö,"Neuhaus, Nele",,F,transl,CRIME,pb,sell
18712,SvB_BS_214,Vänd dig inte om,"Alsterdal, Tove",,F,no,CRIME,pb,sell
18712,bstream_039,Skuggorna ruva,"Moström, Jonas",,M,no,CRIME,no,strm
18710,bstream_001,Alla kan se dig,"Jansson, Anna",,F,no,CRIME,no,strm
18633,SvB_BS_299,Jamåhonleva,"Roslund, Anders",,M,no,CRIME,hb,sell
18607,SvB_BS_251,Häxan,"Läckberg, Camilla",,F,no,CRIME,both,both
18559,SvB_BS_254,Top Dogg,"Lapidus, Jens",,M,no,CRIME,hb,both
18538,SvB_BS_195,Äkta amerikanska jeans,"Guillou, Jan",,M,no,OTHER,hb,sell
18536,SvB_BS_161,Sonen,"Nesbø, Jo",,M,transl,CRIME,both,sell
18464,SvB_BS_271,Tre timmar,"Roslund, Anders",,M,no,CRIME,both,sell
18463,SvB_BS_276,Bara ett barn,"Persson Giolito, Malin",,F,no,CRIME,pb,sell
18423,SvB_BS_280,Strandcaféet,"Diamond, Lucy",,F,transl,OTHER,pb,sell
18406,SvB_BS_157,Lejontämjaren,"Läckberg, Camilla",,F,no,CRIME,hb,both
18377,SvB_BS_215,De kommer att drunkna i sina mödrars tårar,"Anyuru, Johannes",,M,no,PRESTIGE,hb,sell
18371,SvB_BS_304,Sommar på den lilla ön i havet,"Colgan, Jenny",,F,transl,OTHER,pb,sell
18370,SvB_BS_245,Hennes nya namn,"Ferrante, Elena",,F,transl,OTHER,hb,sell
18362,SvB_BS_176,Arvet efter dig,"Moyes, Jojo",,F,transl,OTHER,both,both
18358,SvB_BS_158,VIP-rummet,"Lapidus, Jens",,M,no,CRIME,hb,sell
18319,SvB_BS_265,En andra chans,"Moyes, Jojo",,F,transl,OTHER,both,both
18228,SvB_BS_197,Ljuset vi inte ser,"Doerr, Anthony",,M,transl,OTHER,pb,sell
18224,SvB_BS_188,I skymningen sjunger koltrasten,"Olsson, Linda",,F,no,OTHER,pb,sell
18218,SvB_BS_247,Kvinnan på tåget,"Hawkins, Paula",,F,transl,CRIME,pb,sell
18125,bstream_007,Skymningsflickan,"Wennstam, Katarina",,F,no,CRIME,no,strm
18085,SvB_BS_205,Kvinna inför rätta,"Doughty, Louise",,F,transl,CRIME,pb,sell
17988,bstream_016,Svart stjärna - S1E1,"Ersgård, Jesper",Joakim Ersgård,M,no,OTHER,no,strm
17956,SvB_BS_244,Min fantastiska väninna,"Ferrante, Elena",,F,transl,OTHER,both,sell
17888,SvB_BS_258,Selfies,"Adler-Olsen, Jussi",,M,transl,CRIME,hb,both
17856,bstream_030,Kvinnan på bänken,"Jansson, Anna",,F,no,CRIME,no,strm
17783,SvB_BS_172,STHLM Delete,"Lapidus, Jens",,M,no,CRIME,both,both
17685,SvB_BS_305,Det som göms i snö,"Gerhardsen, Carin",,F,no,CRIME,pb,both
17670,SvB_BS_301,En helt vanlig familj,"Edvardsson, Mattias",,M,no,CRIME,pb,both
17641,SvB_BS_286,Hon som måste dö,"Lagercrantz, David",,M,no,CRIME,hb,both
17531,bstream_005,Dominodöden,"Moström, Jonas",,M,no,CRIME,no,strm
17492,SvB_BS_282,Blodlokan,"Boije af Gennäs, Louise",,F,no,CRIME,pb,sell
17476,SvB_BS_204,I varje ögonblick är vi fortfarande vid liv,"Malmquist, Tom",,M,no,PRESTIGE,pb,sell
17471,SvB_BS_279,Den tyska flickan,"Correa, Armando Lucas",,M,transl,OTHER,pb,sell
17356,bstream_019,När livet börjar om,"Dillon, Lucy",,F,transl,OTHER,no,strm
17288,SvB_BS_183,Att föda ett barn,"Sandberg, Kristina",,F,no,OTHER,pb,sell
17264,bstream_002,"Falleri, fallera, falleralla","Gerhardsen, Carin",,F,no,CRIME,no,strm
17210,SvB_BS_260,Jul i det lilla bageriet på strandpromenaden,"Colgan, Jenny",,F,transl,OTHER,pb,sell
17165,SvB_BS_255,Törst,"Nesbø, Jo",,M,transl,CRIME,hb,both
17140,bstream_027,Trogen intill döden,"Moström, Jonas",,M,no,CRIME,no,strm
17087,SvB_BS_192,Tre minuter,"Roslund, Anders",Börge Hellström,M,no,CRIME,hb,sell
16775,SvB_BS_252,Det förlorade barnet,"Ferrante, Elena",,F,transl,PRESTIGE,hb,sell
16745,SvB_BS_184,Lotus blues,"Ohlsson, Kristina",,F,no,CRIME,pb,sell
16655,SvB_BS_293,Löparna,"Tokarczuk, Olga",,F,transl,PRESTIGE,hb,sell
16620,bstream_011,Kärlek sökes,"Hjulström, Carin",,F,no,OTHER,no,strm
16604,SvB_BS_291,Kniv,"Nesbø, Jo",,M,transl,CRIME,hb,sell
16510,SvB_BS_156,Gone Girl,"Flynn, Gillian",,F,transl,CRIME,pb,sell
16506,SvB_BS_200,Störst av allt,"Persson Giolito, Malin",,F,no,CRIME,both,both
16452,SvB_BS_249,Mannen som sökte sin skugga,"Lagercrantz, David",,M,no,CRIME,hb,both
16330,bstream_047,Offer 2117,"Adler-Olsen, Jussi",,M,transl,CRIME,no,strm
16325,bstream_006,Den gränslöse,"Adler-Olsen, Jussi",,M,transl,CRIME,no,strm
16282,SvB_BS_283,Syndafloder,"Ohlsson, Kristina",,F,no,CRIME,pb,both
16160,SvB_BS_253,"Den som stannar, den som går","Ferrante, Elena",,F,transl,OTHER,hb,sell
15991,SvB_BS_256,Never let me go,"Ishiguro, Kazuo",,M,transl,PRESTIGE,hb,sell
15887,SvB_BS_169,Britt-Marie var här,"Backman, Fredrik",,M,no,OTHER,both,sell
15701,SvB_BS_166,Blå stjärnan,"Guillou, Jan",,M,no,OTHER,hb,sell
15678,SvB_BS_262,Till minne av en villkorslös kärlek,"Gardell, Jonas",,M,no,OTHER,hb,sell
15622,SvB_BS_167,Det som inte dödar oss,"Lagercrantz, David",,M,no,CRIME,both,both
15527,SvB_BS_308,På egen hand,"Keyes, Marian",,M,transl,OTHER,pb,sell
15261,SvB_BS_187,Stoner,"Williams, John",,M,transl,OTHER,pb,sell
15009,SvB_BS_270,De vänsterhäntas förening,"Nesser, Håkan",,M,no,CRIME,both,sell
14855,SvB_BS_203,De oroliga,"Ullmann, Linn",,F,no,PRESTIGE,hb,sell
14835,SvB_BS_186,Öppnas i händelse av min död,"Moriarty, Liane",,F,transl,OTHER,pb,sell
14736,SvB_BS_250,Begynnelse,"Brown, Dan",,M,transl,CRIME,both,sell
14709,SvB_BS_179,Konsten att höra hjärtslag,"Sendker, Jan-Philipp",,M,transl,OTHER,pb,sell
14631,SvB_BS_216,Björnstad,"Backman, Fredrik",,M,no,OTHER,pb,sell
14394,SvB_BS_307,Arv och miljö,"Hjorth, Vigdis",,F,transl,PRESTIGE,pb,sell
14389,SvB_BS_272,Vardagar,"Lundell, Ulf",,M,no,OTHER,hb,sell
14306,SvB_BS_208,1968,"Guillou, Jan",,M,no,OTHER,hb,sell
14250,SvB_BS_194,Kan man dö två gånger?,"Persson, Leif GW",,M,no,CRIME,both,both
14009,SvB_BS_213,Hjärtats innersta röst,"Sendker, Jan-Philipp",,M,transl,OTHER,pb,sell
14007,SvB_BS_170,Mördar-Anders och hans vänner samt en och annan ovän,"Jonasson, Jonas",,M,no,OTHER,both,both
13577,SvB_BS_298,Hundraettåringen som tänkte att han tänkte för mycket,"Jonasson, Jonas",,M,no,OTHER,hb,sell
13454,SvB_BS_296,Folk med ångest,"Backman, Fredrik",,M,no,OTHER,hb,sell
13444,SvB_BS_212,Ett litet liv,"Yanagihara, Hanya",,F,transl,PRESTIGE,pb,sell
13111,SvB_BS_264,De som dödar drömmar sover aldrig,"Guillou, Jan",,M,no,OTHER,hb,sell
12700,SvB_BS_289,Den andra dödssynden,"Guillou, Jan",,M,no,OTHER,hb,sell
12560,SvB_BS_273,1793,"Natt och Dag, Niklas",,M,no,CRIME,pb,sell
12196,SvB_BS_168,Bombmakaren och hans kvinna,"Persson, Leif GW",,M,no,CRIME,hb,both
11430,SvB_BS_288,1794,"Natt och Dag, Niklas",,M,no,CRIME,hb,sell
11132,SvB_BS_211,Återstoden av dagen,"Ishiguro, Kazuo",,M,transl,PRESTIGE,hb,sell
