p_ie,id,title,author1,author2,author_gender,translation,category,frmt1,frmt2
16525,SvB_BS_182,Visning pågår,"Sarenbrant, Sofie",,F,no,CRIME,pb,sell
16350,SvB_BS_198,Avdelning 73,"Sarenbrant, Sofie",,F,no,CRIME,pb,both
16184,SvB_BS_206,Tiggaren,"Sarenbrant, Sofie",,F,no,CRIME,both,both
15741,SvB_BS_211,Återstoden av dagen,"Ishiguro, Kazuo",,M,transl,PRESTIGE,hb,sell
15620,SvB_BS_288,1794,"Natt och Dag, Niklas",,M,no,CRIME,hb,sell
15533,SvB_BS_273,1793,"Natt och Dag, Niklas",,M,no,CRIME,pb,sell
15144,bstream_031,Bakom stängda dörrar,"Paris, B.A.",,F,transl,CRIME,no,strm
14909,SvB_BS_170,Mördar-Anders och hans vänner samt en och annan ovän,"Jonasson, Jonas",,M,no,OTHER,both,both
14710,SvB_BS_207,Bakom din rygg,"Sarenbrant, Sofie",,F,no,CRIME,both,both
14300,SvB_BS_279,Den tyska flickan,"Correa, Armando Lucas",,M,transl,OTHER,pb,sell
13586,SvB_BS_298,Hundraettåringen som tänkte att han tänkte för mycket,"Jonasson, Jonas",,M,no,OTHER,hb,sell
13476,bstream_026,De sju som såg,"Rudberg, Denise",,F,no,CRIME,no,strm
13469,SvB_BS_306,Motiv X,"Ahnhem, Stefan",,M,no,CRIME,pb,sell
13227,bstream_037,Hämndens pris,"Lewin, Erik",,M,no,CRIME,no,strm
12752,bstream_014,På sex meters djup,"Rudberg, Denise",,F,no,CRIME,no,strm
12707,bstream_051,Allt jag fått lära mig,"Westover, Tara",,F,transl,OTHER,no,strm
12630,SvB_BS_305,Det som göms i snö,"Gerhardsen, Carin",,F,no,CRIME,pb,both
12611,SvB_BS_295,Skamvrån,"Sarenbrant, Sofie",,F,no,CRIME,hb,both
12597,SvB_BS_294,Bergens stjärnor,"Moyes, Jojo",,F,transl,OTHER,hb,sell
12442,SvB_BS_252,Det förlorade barnet,"Ferrante, Elena",,F,transl,PRESTIGE,hb,sell
12292,SvB_BS_205,Kvinna inför rätta,"Doughty, Louise",,F,transl,CRIME,pb,sell
12279,SvB_BS_210,Arton grader minus,"Ahnhem, Stefan",,M,no,CRIME,pb,sell
12270,SvB_BS_246,Toner i natten,"Moyes, Jojo",,F,transl,OTHER,both,both
12206,SvB_BS_308,På egen hand,"Keyes, Marian",,M,transl,OTHER,pb,sell
12140,SvB_BS_265,En andra chans,"Moyes, Jojo",,F,transl,OTHER,both,both
12104,SvB_BS_267,I fel sällskap,"Sten, Viveca",,F,no,CRIME,hb,sell
12065,SvB_BS_245,Hennes nya namn,"Ferrante, Elena",,F,transl,OTHER,hb,sell
12005,SvB_BS_268,Syndabocken,"Sarenbrant, Sofie",,F,no,CRIME,both,both
11921,SvB_BS_269,En högre rättvisa,"Hjorth, Michael",Hans Rosenfeldt,M,no,CRIME,hb,both
11888,SvB_BS_297,I hemlighet begravd,"Sten, Viveca",,F,no,CRIME,hb,both
11797,SvB_BS_253,"Den som stannar, den som går","Ferrante, Elena",,F,transl,OTHER,hb,sell
11785,SvB_BS_284,Höstdåd,"Motte, Anders de la",,M,no,CRIME,pb,sell
11778,SvB_BS_156,Gone Girl,"Flynn, Gillian",,F,transl,CRIME,pb,sell
11759,SvB_BS_178,Liv till varje pris,"Sandberg, Kristina",,F,no,PRESTIGE,hb,sell
11707,SvB_BS_289,Den andra dödssynden,"Guillou, Jan",,M,no,OTHER,hb,sell
11682,SvB_BS_303,Tatueraren i Auschwitz,"Morris, Heather",,F,transl,OTHER,pb,sell
11672,SvB_BS_166,Blå stjärnan,"Guillou, Jan",,M,no,OTHER,hb,sell
11635,SvB_BS_195,Äkta amerikanska jeans,"Guillou, Jan",,M,no,OTHER,hb,sell
11630,SvB_BS_212,Ett litet liv,"Yanagihara, Hanya",,F,transl,PRESTIGE,pb,sell
11618,bstream_019,När livet börjar om,"Dillon, Lucy",,F,transl,OTHER,no,strm
11614,SvB_BS_157,Lejontämjaren,"Läckberg, Camilla",,F,no,CRIME,hb,both
11560,SvB_BS_200,Störst av allt,"Persson Giolito, Malin",,F,no,CRIME,both,both
11488,SvB_BS_184,Lotus blues,"Ohlsson, Kristina",,F,no,CRIME,pb,sell
11401,SvB_BS_307,Arv och miljö,"Hjorth, Vigdis",,F,transl,PRESTIGE,pb,sell
11387,SvB_BS_260,Jul i det lilla bageriet på strandpromenaden,"Colgan, Jenny",,F,transl,OTHER,pb,sell
11387,SvB_BS_302,Bokhandeln på Riverside Drive,"Skybäck, Frida",,F,no,OTHER,pb,sell
11380,SvB_BS_208,1968,"Guillou, Jan",,M,no,OTHER,hb,sell
11342,SvB_BS_209,Slutet på sommaren,"Motte, Anders de la",,M,no,CRIME,pb,sell
11318,bstream_002,"Falleri, fallera, falleralla","Gerhardsen, Carin",,F,no,CRIME,no,strm
11278,bstream_034,Nådastöten,"Larsson, Christina",,F,no,CRIME,no,strm
11257,SvB_BS_185,Offer utan ansikte,"Ahnhem, Stefan",,M,no,CRIME,pb,sell
11257,SvB_BS_248,Det lilla bageriet på strandpromenaden,"Colgan, Jenny",,F,transl,OTHER,pb,sell
11226,SvB_BS_264,De som dödar drömmar sover aldrig,"Guillou, Jan",,M,no,OTHER,hb,sell
11179,SvB_BS_176,Arvet efter dig,"Moyes, Jojo",,F,transl,OTHER,both,both
11178,SvB_BS_274,Den lilla bokhandeln runt hörnet,"Colgan, Jenny",,F,transl,OTHER,pb,sell
11126,bstream_001,Alla kan se dig,"Jansson, Anna",,F,no,CRIME,no,strm
11108,SvB_BS_189,I maktens skugga,"Sten, Viveca",,F,no,CRIME,pb,sell
11108,bstream_010,Rädslans fångar,"Jansson, Anna",,F,no,CRIME,no,strm
11091,SvB_BS_250,Begynnelse,"Brown, Dan",,M,transl,CRIME,both,sell
11056,SvB_BS_247,Kvinnan på tåget,"Hawkins, Paula",,F,transl,CRIME,pb,sell
11021,SvB_BS_165,De underkända,"Hjorth, Michael",Hans Rosenfeldt,M,no,CRIME,hb,both
10988,SvB_BS_293,Löparna,"Tokarczuk, Olga",,F,transl,PRESTIGE,hb,sell
10969,SvB_BS_259,Sommar på strandpromenaden,"Colgan, Jenny",,F,transl,OTHER,pb,sell
10939,SvB_BS_276,Bara ett barn,"Persson Giolito, Malin",,F,no,CRIME,pb,sell
10922,bstream_045,Under nio nätter,"Rudberg, Denise",,F,no,CRIME,no,strm
10869,SvB_BS_304,Sommar på den lilla ön i havet,"Colgan, Jenny",,F,transl,OTHER,pb,sell
10848,SvB_BS_262,Till minne av en villkorslös kärlek,"Gardell, Jonas",,M,no,OTHER,hb,sell
10847,bstream_025,Uppståndelsen,"Buthler, Dan",Dag Öhrlund,M,no,CRIME,no,strm
10781,SvB_BS_283,Syndafloder,"Ohlsson, Kristina",,F,no,CRIME,pb,both
10711,SvB_BS_277,Ensam i Paris och andra historier,"Moyes, Jojo",,F,transl,OTHER,pb,sell
10708,SvB_BS_271,Tre timmar,"Roslund, Anders",,M,no,CRIME,both,sell
10697,SvB_BS_186,Öppnas i händelse av min död,"Moriarty, Liane",,F,transl,OTHER,pb,sell
10657,bstream_017,Mordbrännaren,"Kant, Johan",Anders Gustafson,M,no,CRIME,no,strm
10644,SvB_BS_191,Den stumma flickan,"Hjorth, Michael",Hans Rosenfeldt,M,no,CRIME,pb,sell
10588,bstream_003,Hämnaren,"Buthler, Dan",Dag Öhrlund,M,no,CRIME,no,strm
10582,bstream_023,Det du inte vet,"Jansson, Anna",,F,no,CRIME,no,strm
10507,bstream_049,Trojanen,"Ahlstedt, Mats",,M,no,CRIME,no,strm
10477,bstream_029,Den tatuerade cirkeln,"Casserfelt, Susan",,F,no,CRIME,no,strm
10472,SvB_BS_244,Min fantastiska väninna,"Ferrante, Elena",,F,transl,OTHER,both,sell
10464,SvB_BS_251,Häxan,"Läckberg, Camilla",,F,no,CRIME,both,both
10356,bstream_011,Kärlek sökes,"Hjulström, Carin",,F,no,OTHER,no,strm
10353,bstream_013,Motvind,"Buthler, Dan",Dag Öhrlund,M,no,CRIME,no,strm
10338,bstream_050,Morden på Mörkö,"Karlsson, Samuel",,M,no,CRIME,no,strm
10315,SvB_BS_296,Folk med ångest,"Backman, Fredrik",,M,no,OTHER,hb,sell
10272,SvB_BS_181,Sista brevet från din älskade,"Moyes, Jojo",,F,transl,OTHER,pb,sell
10263,bstream_048,Sista färjan från Ystad,"Alfredsson, Karin",,F,no,CRIME,no,strm
10246,SvB_BS_183,Att föda ett barn,"Sandberg, Kristina",,F,no,OTHER,pb,sell
10186,SvB_BS_213,Hjärtats innersta röst,"Sendker, Jan-Philipp",,M,transl,OTHER,pb,sell
10116,bstream_040,Ondskans ansikte,"Ahlstedt, Mats",,M,no,CRIME,no,strm
9959,SvB_BS_287,En bur av guld,"Läckberg, Camilla",,F,no,CRIME,hb,both
9957,bstream_009,I sanningens namn,"Sten, Viveca",,F,no,CRIME,no,strm
9901,SvB_BS_280,Strandcaféet,"Diamond, Lucy",,F,transl,OTHER,pb,sell
9898,bstream_028,Prästens lilla flicka,"Casserfelt, Susan",,F,no,CRIME,no,strm
9867,SvB_BS_256,Never let me go,"Ishiguro, Kazuo",,M,transl,PRESTIGE,hb,sell
9838,bstream_036,Domaren,"Öhrlund, Dag",,M,no,CRIME,no,strm
9831,SvB_BS_180,Etthundra mil,"Moyes, Jojo",,F,transl,OTHER,pb,sell
9803,bstream_043,Dotter saknad,"Jansson, Anna",,F,no,CRIME,no,strm
9770,SvB_BS_168,Bombmakaren och hans kvinna,"Persson, Leif GW",,M,no,CRIME,hb,both
9751,SvB_BS_171,Allt jag inte minns,"Khemiri, Jonas Hassen",,M,no,PRESTIGE,both,sell
9712,SvB_BS_257,Det förlovade landet,"Jungstedt, Mari",,F,no,CRIME,both,both
9679,SvB_BS_290,Jag ser dig,"Jungstedt, Mari",,F,no,CRIME,hb,sell
9679,bstream_042,Mitt hjärta är ditt,"Jansson, Anna",,F,no,CRIME,no,strm
9603,SvB_BS_169,Britt-Marie var här,"Backman, Fredrik",,M,no,OTHER,both,sell
9548,SvB_BS_292,Broder Jakob,"Schepp, Emelie",,F,no,CRIME,hb,both
9547,SvB_BS_216,Björnstad,"Backman, Fredrik",,M,no,OTHER,pb,sell
9535,bstream_038,Änglabarnet,"Kant, Johan",Anders Gustafson,M,no,CRIME,no,strm
9481,SvB_BS_199,Det andra ansiktet,"Jungstedt, Mari",,F,no,CRIME,both,both
9426,bstream_033,5:e Moseboken,"Larsson, Christina",,F,no,CRIME,no,strm
9423,bstream_046,Snödrev,"Tursten, Helene",,F,no,CRIME,no,strm
9345,SvB_BS_190,Jakthundarna,"Lier Horst, Jørn",,M,transl,CRIME,pb,sell
9327,SvB_BS_258,Selfies,"Adler-Olsen, Jussi",,M,transl,CRIME,hb,both
9295,SvB_BS_192,Tre minuter,"Roslund, Anders",Börge Hellström,M,no,CRIME,hb,sell
9256,bstream_006,Den gränslöse,"Adler-Olsen, Jussi",,M,transl,CRIME,no,strm
9245,bstream_024,Tryggare kan ingen vara,"Öhrlund, Dag",,M,no,CRIME,no,strm
9183,SvB_BS_173,Det är något som inte stämmer,"Haag, Martina",,F,no,OTHER,both,both
9175,bstream_007,Skymningsflickan,"Wennstam, Katarina",,F,no,CRIME,no,strm
9139,SvB_BS_301,En helt vanlig familj,"Edvardsson, Mattias",,M,no,CRIME,pb,both
9122,SvB_BS_275,Silvervägen,"Jackson, Stina",,F,no,CRIME,pb,both
9101,bstream_030,Kvinnan på bänken,"Jansson, Anna",,F,no,CRIME,no,strm
9095,SvB_BS_299,Jamåhonleva,"Roslund, Anders",,M,no,CRIME,hb,sell
9062,bstream_020,Välkommen hem,"Schulman, Ninni",,F,no,CRIME,no,strm
9024,SvB_BS_188,I skymningen sjunger koltrasten,"Olsson, Linda",,F,no,OTHER,pb,sell
8962,SvB_BS_187,Stoner,"Williams, John",,M,transl,OTHER,pb,sell
8957,SvB_BS_214,Vänd dig inte om,"Alsterdal, Tove",,F,no,CRIME,pb,sell
8833,SvB_BS_255,Törst,"Nesbø, Jo",,M,transl,CRIME,hb,both
8803,SvB_BS_285,Pappas pojke,"Schepp, Emelie",,F,no,CRIME,pb,both
8796,SvB_BS_167,Det som inte dödar oss,"Lagercrantz, David",,M,no,CRIME,both,both
8753,SvB_BS_194,Kan man dö två gånger?,"Persson, Leif GW",,M,no,CRIME,both,both
8753,bstream_004,Vita spår,"Schepp, Emelie",,F,no,CRIME,no,strm
8711,SvB_BS_291,Kniv,"Nesbø, Jo",,M,transl,CRIME,hb,sell
8664,bstream_035,Se till mig som liten är,"Öhrlund, Dag",,M,no,CRIME,no,strm
8613,SvB_BS_300,Jag for ner till bror,"Smirnoff, Karin",,F,no,PRESTIGE,pb,sell
8557,bstream_015,Prio ett,"Schepp, Emelie",,F,no,CRIME,no,strm
8516,SvB_BS_215,De kommer att drunkna i sina mödrars tårar,"Anyuru, Johannes",,M,no,PRESTIGE,hb,sell
8435,bstream_047,Offer 2117,"Adler-Olsen, Jussi",,M,transl,CRIME,no,strm
8399,SvB_BS_163,Jag heter inte Miriam,"Axelsson, Majgull",,F,no,OTHER,both,sell
8399,SvB_BS_266,Ett mörker mitt ibland oss,"Jungstedt, Mari",,F,no,CRIME,both,both
8344,bstream_008,En mörkare himmel : Gran Canaria,"Jungstedt, Mari",Ruben Eliassen,2,no,CRIME,no,strm
8303,SvB_BS_175,Järnblod,"Marklund, Liza",,F,no,CRIME,both,both
8285,SvB_BS_270,De vänsterhäntas förening,"Nesser, Håkan",,M,no,CRIME,both,sell
8183,bstream_044,Ingen lämnas kvar,"Öhrlund, Dag",,M,no,CRIME,no,strm
8066,SvB_BS_203,De oroliga,"Ullmann, Linn",,F,no,PRESTIGE,hb,sell
8018,bstream_012,Där inga ögon ser,"Öhrlund, Dag",,M,no,CRIME,no,strm
7912,SvB_BS_272,Vardagar,"Lundell, Ulf",,M,no,OTHER,hb,sell
7833,bstream_039,Skuggorna ruva,"Moström, Jonas",,M,no,CRIME,no,strm
7826,bstream_022,Den hemliga kvinnan,"Ekberg, Anna",,F,no,CRIME,no,strm
7825,SvB_BS_201,Snövit ska dö,"Neuhaus, Nele",,F,transl,CRIME,pb,sell
7824,bstream_005,Dominodöden,"Moström, Jonas",,M,no,CRIME,no,strm
7815,bstream_027,Trogen intill döden,"Moström, Jonas",,M,no,CRIME,no,strm
7800,SvB_BS_179,Konsten att höra hjärtslag,"Sendker, Jan-Philipp",,M,transl,OTHER,pb,sell
7721,SvB_BS_261,Lazarus,"Kepler, Lars",,2,no,CRIME,hb,both
7708,SvB_BS_249,Mannen som sökte sin skugga,"Lagercrantz, David",,M,no,CRIME,hb,both
7668,SvB_BS_202,Glöm mig,"Schulman, Alex",,M,no,OTHER,both,sell
7523,bstream_018,Midnattsflickor,"Moström, Jonas",,M,no,CRIME,no,strm
7416,SvB_BS_278,Husdjuret,"Grebe, Camilla",,F,no,CRIME,pb,sell
7371,bstream_016,Svart stjärna - S1E1,"Ersgård, Jesper",Joakim Ersgård,M,no,OTHER,no,strm
7348,SvB_BS_286,Hon som måste dö,"Lagercrantz, David",,M,no,CRIME,hb,both
7329,SvB_BS_282,Blodlokan,"Boije af Gennäs, Louise",,F,no,CRIME,pb,sell
7285,SvB_BS_174,Playground,"Kepler, Lars",,2,no,CRIME,hb,sell
7263,SvB_BS_161,Sonen,"Nesbø, Jo",,M,transl,CRIME,both,sell
7211,SvB_BS_193,Kaninjägaren,"Kepler, Lars",,2,no,CRIME,both,both
7132,SvB_BS_196,Simma med de drunknade,"Mytting, Lars",,M,transl,OTHER,pb,sell
7102,SvB_BS_172,STHLM Delete,"Lapidus, Jens",,M,no,CRIME,both,both
7059,SvB_BS_263,Bränn alla mina brev,"Schulman, Alex",,M,no,OTHER,both,both
7032,bstream_021,Sov du lilla videung,"Börjlind, Rolf",Cilla Börjlind,2,no,CRIME,no,strm
7030,SvB_BS_197,Ljuset vi inte ser,"Doerr, Anthony",,M,transl,OTHER,pb,sell
6773,SvB_BS_155,Stalker,"Kepler, Lars",,2,no,CRIME,both,both
6694,SvB_BS_254,Top Dogg,"Lapidus, Jens",,M,no,CRIME,hb,both
6650,SvB_BS_158,VIP-rummet,"Lapidus, Jens",,M,no,CRIME,hb,sell
6482,SvB_BS_177,Björndansen,"Roslund, Anders",Stefan Thunberg,M,no,CRIME,hb,sell
6030,SvB_BS_204,I varje ögonblick är vi fortfarande vid liv,"Malmquist, Tom",,M,no,PRESTIGE,pb,sell
4979,SvB_BS_281,Kvinnan i fönstret,"Finn, A.J.",,M,transl,CRIME,pb,sell
