p_nn,id,title,author1,author2,author_gender,translation,category,frmt1,frmt2
188171,SvB_BS_197,Ljuset vi inte ser,"Doerr, Anthony",,M,transl,OTHER,pb,sell
184233,SvB_BS_293,Löparna,"Tokarczuk, Olga",,F,transl,PRESTIGE,hb,sell
181168,SvB_BS_273,1793,"Natt och Dag, Niklas",,M,no,CRIME,pb,sell
173841,SvB_BS_288,1794,"Natt och Dag, Niklas",,M,no,CRIME,hb,sell
169799,SvB_BS_289,Den andra dödssynden,"Guillou, Jan",,M,no,OTHER,hb,sell
168014,SvB_BS_208,1968,"Guillou, Jan",,M,no,OTHER,hb,sell
167943,SvB_BS_264,De som dödar drömmar sover aldrig,"Guillou, Jan",,M,no,OTHER,hb,sell
166886,SvB_BS_193,Kaninjägaren,"Kepler, Lars",,2,no,CRIME,both,both
166317,SvB_BS_170,Mördar-Anders och hans vänner samt en och annan ovän,"Jonasson, Jonas",,M,no,OTHER,both,both
166062,SvB_BS_261,Lazarus,"Kepler, Lars",,2,no,CRIME,hb,both
164546,SvB_BS_272,Vardagar,"Lundell, Ulf",,M,no,OTHER,hb,sell
163452,SvB_BS_250,Begynnelse,"Brown, Dan",,M,transl,CRIME,both,sell
161634,SvB_BS_215,De kommer att drunkna i sina mödrars tårar,"Anyuru, Johannes",,M,no,PRESTIGE,hb,sell
158865,SvB_BS_179,Konsten att höra hjärtslag,"Sendker, Jan-Philipp",,M,transl,OTHER,pb,sell
157954,SvB_BS_155,Stalker,"Kepler, Lars",,2,no,CRIME,both,both
157266,bstream_038,Änglabarnet,"Kant, Johan",Anders Gustafson,M,no,CRIME,no,strm
154857,SvB_BS_298,Hundraettåringen som tänkte att han tänkte för mycket,"Jonasson, Jonas",,M,no,OTHER,hb,sell
152918,bstream_051,Allt jag fått lära mig,"Westover, Tara",,F,transl,OTHER,no,strm
152576,SvB_BS_300,Jag for ner till bror,"Smirnoff, Karin",,F,no,PRESTIGE,pb,sell
151990,SvB_BS_175,Järnblod,"Marklund, Liza",,F,no,CRIME,both,both
151979,SvB_BS_196,Simma med de drunknade,"Mytting, Lars",,M,transl,OTHER,pb,sell
150515,SvB_BS_257,Det förlovade landet,"Jungstedt, Mari",,F,no,CRIME,both,both
150146,SvB_BS_192,Tre minuter,"Roslund, Anders",Börge Hellström,M,no,CRIME,hb,sell
149690,SvB_BS_195,Äkta amerikanska jeans,"Guillou, Jan",,M,no,OTHER,hb,sell
149348,SvB_BS_203,De oroliga,"Ullmann, Linn",,F,no,PRESTIGE,hb,sell
149332,SvB_BS_190,Jakthundarna,"Lier Horst, Jørn",,M,transl,CRIME,pb,sell
149250,SvB_BS_209,Slutet på sommaren,"Motte, Anders de la",,M,no,CRIME,pb,sell
149150,bstream_025,Uppståndelsen,"Buthler, Dan",Dag Öhrlund,M,no,CRIME,no,strm
148762,SvB_BS_262,Till minne av en villkorslös kärlek,"Gardell, Jonas",,M,no,OTHER,hb,sell
148726,bstream_028,Prästens lilla flicka,"Casserfelt, Susan",,F,no,CRIME,no,strm
148656,bstream_037,Hämndens pris,"Lewin, Erik",,M,no,CRIME,no,strm
148637,SvB_BS_275,Silvervägen,"Jackson, Stina",,F,no,CRIME,pb,both
148385,SvB_BS_177,Björndansen,"Roslund, Anders",Stefan Thunberg,M,no,CRIME,hb,sell
148264,bstream_003,Hämnaren,"Buthler, Dan",Dag Öhrlund,M,no,CRIME,no,strm
147482,SvB_BS_216,Björnstad,"Backman, Fredrik",,M,no,OTHER,pb,sell
147154,SvB_BS_174,Playground,"Kepler, Lars",,2,no,CRIME,hb,sell
146518,SvB_BS_211,Återstoden av dagen,"Ishiguro, Kazuo",,M,transl,PRESTIGE,hb,sell
145682,bstream_029,Den tatuerade cirkeln,"Casserfelt, Susan",,F,no,CRIME,no,strm
145568,bstream_048,Sista färjan från Ystad,"Alfredsson, Karin",,F,no,CRIME,no,strm
145555,bstream_040,Ondskans ansikte,"Ahlstedt, Mats",,M,no,CRIME,no,strm
145543,bstream_017,Mordbrännaren,"Kant, Johan",Anders Gustafson,M,no,CRIME,no,strm
145489,SvB_BS_166,Blå stjärnan,"Guillou, Jan",,M,no,OTHER,hb,sell
144874,SvB_BS_263,Bränn alla mina brev,"Schulman, Alex",,M,no,OTHER,both,both
144866,SvB_BS_279,Den tyska flickan,"Correa, Armando Lucas",,M,transl,OTHER,pb,sell
144161,bstream_018,Midnattsflickor,"Moström, Jonas",,M,no,CRIME,no,strm
144055,SvB_BS_213,Hjärtats innersta röst,"Sendker, Jan-Philipp",,M,transl,OTHER,pb,sell
144005,bstream_046,Snödrev,"Tursten, Helene",,F,no,CRIME,no,strm
143806,bstream_027,Trogen intill döden,"Moström, Jonas",,M,no,CRIME,no,strm
143299,SvB_BS_202,Glöm mig,"Schulman, Alex",,M,no,OTHER,both,sell
143173,SvB_BS_271,Tre timmar,"Roslund, Anders",,M,no,CRIME,both,sell
142947,bstream_008,En mörkare himmel : Gran Canaria,"Jungstedt, Mari",Ruben Eliassen,2,no,CRIME,no,strm
142325,bstream_013,Motvind,"Buthler, Dan",Dag Öhrlund,M,no,CRIME,no,strm
141763,SvB_BS_199,Det andra ansiktet,"Jungstedt, Mari",,F,no,CRIME,both,both
141088,bstream_049,Trojanen,"Ahlstedt, Mats",,M,no,CRIME,no,strm
141058,SvB_BS_284,Höstdåd,"Motte, Anders de la",,M,no,CRIME,pb,sell
140705,bstream_036,Domaren,"Öhrlund, Dag",,M,no,CRIME,no,strm
140417,SvB_BS_172,STHLM Delete,"Lapidus, Jens",,M,no,CRIME,both,both
140403,bstream_005,Dominodöden,"Moström, Jonas",,M,no,CRIME,no,strm
140157,bstream_002,"Falleri, fallera, falleralla","Gerhardsen, Carin",,F,no,CRIME,no,strm
139719,SvB_BS_266,Ett mörker mitt ibland oss,"Jungstedt, Mari",,F,no,CRIME,both,both
139705,SvB_BS_290,Jag ser dig,"Jungstedt, Mari",,F,no,CRIME,hb,sell
139679,bstream_050,Morden på Mörkö,"Karlsson, Samuel",,M,no,CRIME,no,strm
139558,SvB_BS_299,Jamåhonleva,"Roslund, Anders",,M,no,CRIME,hb,sell
139413,SvB_BS_161,Sonen,"Nesbø, Jo",,M,transl,CRIME,both,sell
137958,bstream_010,Rädslans fångar,"Jansson, Anna",,F,no,CRIME,no,strm
137346,SvB_BS_205,Kvinna inför rätta,"Doughty, Louise",,F,transl,CRIME,pb,sell
137144,bstream_001,Alla kan se dig,"Jansson, Anna",,F,no,CRIME,no,strm
136126,bstream_009,I sanningens namn,"Sten, Viveca",,F,no,CRIME,no,strm
136056,bstream_016,Svart stjärna - S1E1,"Ersgård, Jesper",Joakim Ersgård,M,no,OTHER,no,strm
135863,SvB_BS_278,Husdjuret,"Grebe, Camilla",,F,no,CRIME,pb,sell
135536,SvB_BS_291,Kniv,"Nesbø, Jo",,M,transl,CRIME,hb,sell
135256,SvB_BS_187,Stoner,"Williams, John",,M,transl,OTHER,pb,sell
134362,bstream_021,Sov du lilla videung,"Börjlind, Rolf",Cilla Börjlind,2,no,CRIME,no,strm
134222,SvB_BS_183,Att föda ett barn,"Sandberg, Kristina",,F,no,OTHER,pb,sell
133938,bstream_042,Mitt hjärta är ditt,"Jansson, Anna",,F,no,CRIME,no,strm
133689,SvB_BS_201,Snövit ska dö,"Neuhaus, Nele",,F,transl,CRIME,pb,sell
133687,bstream_007,Skymningsflickan,"Wennstam, Katarina",,F,no,CRIME,no,strm
133638,bstream_024,Tryggare kan ingen vara,"Öhrlund, Dag",,M,no,CRIME,no,strm
133290,SvB_BS_307,Arv och miljö,"Hjorth, Vigdis",,F,transl,PRESTIGE,pb,sell
133092,bstream_023,Det du inte vet,"Jansson, Anna",,F,no,CRIME,no,strm
132580,SvB_BS_214,Vänd dig inte om,"Alsterdal, Tove",,F,no,CRIME,pb,sell
132528,SvB_BS_305,Det som göms i snö,"Gerhardsen, Carin",,F,no,CRIME,pb,both
132502,SvB_BS_276,Bara ett barn,"Persson Giolito, Malin",,F,no,CRIME,pb,sell
132298,SvB_BS_254,Top Dogg,"Lapidus, Jens",,M,no,CRIME,hb,both
132294,SvB_BS_204,I varje ögonblick är vi fortfarande vid liv,"Malmquist, Tom",,M,no,PRESTIGE,pb,sell
132250,SvB_BS_294,Bergens stjärnor,"Moyes, Jojo",,F,transl,OTHER,hb,sell
132224,SvB_BS_303,Tatueraren i Auschwitz,"Morris, Heather",,F,transl,OTHER,pb,sell
131703,bstream_047,Offer 2117,"Adler-Olsen, Jussi",,M,transl,CRIME,no,strm
131324,SvB_BS_158,VIP-rummet,"Lapidus, Jens",,M,no,CRIME,hb,sell
131312,bstream_012,Där inga ögon ser,"Öhrlund, Dag",,M,no,CRIME,no,strm
131307,bstream_030,Kvinnan på bänken,"Jansson, Anna",,F,no,CRIME,no,strm
131277,bstream_035,Se till mig som liten är,"Öhrlund, Dag",,M,no,CRIME,no,strm
131200,bstream_034,Nådastöten,"Larsson, Christina",,F,no,CRIME,no,strm
130864,bstream_004,Vita spår,"Schepp, Emelie",,F,no,CRIME,no,strm
130704,SvB_BS_168,Bombmakaren och hans kvinna,"Persson, Leif GW",,M,no,CRIME,hb,both
130646,SvB_BS_189,I maktens skugga,"Sten, Viveca",,F,no,CRIME,pb,sell
130515,SvB_BS_178,Liv till varje pris,"Sandberg, Kristina",,F,no,PRESTIGE,hb,sell
129868,SvB_BS_281,Kvinnan i fönstret,"Finn, A.J.",,M,transl,CRIME,pb,sell
129650,bstream_039,Skuggorna ruva,"Moström, Jonas",,M,no,CRIME,no,strm
129553,SvB_BS_255,Törst,"Nesbø, Jo",,M,transl,CRIME,hb,both
129367,SvB_BS_169,Britt-Marie var här,"Backman, Fredrik",,M,no,OTHER,both,sell
129348,SvB_BS_171,Allt jag inte minns,"Khemiri, Jonas Hassen",,M,no,PRESTIGE,both,sell
129089,bstream_022,Den hemliga kvinnan,"Ekberg, Anna",,F,no,CRIME,no,strm
128974,SvB_BS_163,Jag heter inte Miriam,"Axelsson, Majgull",,F,no,OTHER,both,sell
128753,SvB_BS_267,I fel sällskap,"Sten, Viveca",,F,no,CRIME,hb,sell
128644,bstream_043,Dotter saknad,"Jansson, Anna",,F,no,CRIME,no,strm
128184,SvB_BS_258,Selfies,"Adler-Olsen, Jussi",,M,transl,CRIME,hb,both
128131,SvB_BS_296,Folk med ångest,"Backman, Fredrik",,M,no,OTHER,hb,sell
128040,bstream_006,Den gränslöse,"Adler-Olsen, Jussi",,M,transl,CRIME,no,strm
127416,SvB_BS_287,En bur av guld,"Läckberg, Camilla",,F,no,CRIME,hb,both
127307,bstream_033,5:e Moseboken,"Larsson, Christina",,F,no,CRIME,no,strm
126827,SvB_BS_173,Det är något som inte stämmer,"Haag, Martina",,F,no,OTHER,both,both
126751,SvB_BS_194,Kan man dö två gånger?,"Persson, Leif GW",,M,no,CRIME,both,both
125715,SvB_BS_301,En helt vanlig familj,"Edvardsson, Mattias",,M,no,CRIME,pb,both
125452,bstream_044,Ingen lämnas kvar,"Öhrlund, Dag",,M,no,CRIME,no,strm
125364,SvB_BS_297,I hemlighet begravd,"Sten, Viveca",,F,no,CRIME,hb,both
125269,SvB_BS_270,De vänsterhäntas förening,"Nesser, Håkan",,M,no,CRIME,both,sell
124853,bstream_014,På sex meters djup,"Rudberg, Denise",,F,no,CRIME,no,strm
124643,SvB_BS_249,Mannen som sökte sin skugga,"Lagercrantz, David",,M,no,CRIME,hb,both
124121,SvB_BS_306,Motiv X,"Ahnhem, Stefan",,M,no,CRIME,pb,sell
123476,SvB_BS_244,Min fantastiska väninna,"Ferrante, Elena",,F,transl,OTHER,both,sell
123454,SvB_BS_185,Offer utan ansikte,"Ahnhem, Stefan",,M,no,CRIME,pb,sell
123321,bstream_045,Under nio nätter,"Rudberg, Denise",,F,no,CRIME,no,strm
122945,SvB_BS_181,Sista brevet från din älskade,"Moyes, Jojo",,F,transl,OTHER,pb,sell
122303,bstream_011,Kärlek sökes,"Hjulström, Carin",,F,no,OTHER,no,strm
122127,SvB_BS_210,Arton grader minus,"Ahnhem, Stefan",,M,no,CRIME,pb,sell
122122,bstream_015,Prio ett,"Schepp, Emelie",,F,no,CRIME,no,strm
122003,SvB_BS_295,Skamvrån,"Sarenbrant, Sofie",,F,no,CRIME,hb,both
121920,SvB_BS_246,Toner i natten,"Moyes, Jojo",,F,transl,OTHER,both,both
121674,SvB_BS_206,Tiggaren,"Sarenbrant, Sofie",,F,no,CRIME,both,both
121309,SvB_BS_282,Blodlokan,"Boije af Gennäs, Louise",,F,no,CRIME,pb,sell
121217,SvB_BS_180,Etthundra mil,"Moyes, Jojo",,F,transl,OTHER,pb,sell
121090,SvB_BS_268,Syndabocken,"Sarenbrant, Sofie",,F,no,CRIME,both,both
120322,SvB_BS_198,Avdelning 73,"Sarenbrant, Sofie",,F,no,CRIME,pb,both
120234,SvB_BS_251,Häxan,"Läckberg, Camilla",,F,no,CRIME,both,both
119796,SvB_BS_156,Gone Girl,"Flynn, Gillian",,F,transl,CRIME,pb,sell
119518,SvB_BS_200,Störst av allt,"Persson Giolito, Malin",,F,no,CRIME,both,both
119340,SvB_BS_165,De underkända,"Hjorth, Michael",Hans Rosenfeldt,M,no,CRIME,hb,both
119284,SvB_BS_167,Det som inte dödar oss,"Lagercrantz, David",,M,no,CRIME,both,both
119011,SvB_BS_182,Visning pågår,"Sarenbrant, Sofie",,F,no,CRIME,pb,sell
118794,SvB_BS_191,Den stumma flickan,"Hjorth, Michael",Hans Rosenfeldt,M,no,CRIME,pb,sell
118757,SvB_BS_212,Ett litet liv,"Yanagihara, Hanya",,F,transl,PRESTIGE,pb,sell
118503,SvB_BS_277,Ensam i Paris och andra historier,"Moyes, Jojo",,F,transl,OTHER,pb,sell
117865,bstream_026,De sju som såg,"Rudberg, Denise",,F,no,CRIME,no,strm
117793,SvB_BS_265,En andra chans,"Moyes, Jojo",,F,transl,OTHER,both,both
117334,SvB_BS_176,Arvet efter dig,"Moyes, Jojo",,F,transl,OTHER,both,both
117059,SvB_BS_186,Öppnas i händelse av min död,"Moriarty, Liane",,F,transl,OTHER,pb,sell
116746,SvB_BS_188,I skymningen sjunger koltrasten,"Olsson, Linda",,F,no,OTHER,pb,sell
116043,SvB_BS_157,Lejontämjaren,"Läckberg, Camilla",,F,no,CRIME,hb,both
114010,SvB_BS_286,Hon som måste dö,"Lagercrantz, David",,M,no,CRIME,hb,both
113558,bstream_019,När livet börjar om,"Dillon, Lucy",,F,transl,OTHER,no,strm
112841,SvB_BS_207,Bakom din rygg,"Sarenbrant, Sofie",,F,no,CRIME,both,both
112662,SvB_BS_248,Det lilla bageriet på strandpromenaden,"Colgan, Jenny",,F,transl,OTHER,pb,sell
112518,SvB_BS_292,Broder Jakob,"Schepp, Emelie",,F,no,CRIME,hb,both
112162,SvB_BS_285,Pappas pojke,"Schepp, Emelie",,F,no,CRIME,pb,both
111396,SvB_BS_302,Bokhandeln på Riverside Drive,"Skybäck, Frida",,F,no,OTHER,pb,sell
111241,bstream_020,Välkommen hem,"Schulman, Ninni",,F,no,CRIME,no,strm
110992,SvB_BS_269,En högre rättvisa,"Hjorth, Michael",Hans Rosenfeldt,M,no,CRIME,hb,both
110536,SvB_BS_283,Syndafloder,"Ohlsson, Kristina",,F,no,CRIME,pb,both
109960,SvB_BS_308,På egen hand,"Keyes, Marian",,M,transl,OTHER,pb,sell
109675,SvB_BS_259,Sommar på strandpromenaden,"Colgan, Jenny",,F,transl,OTHER,pb,sell
109400,SvB_BS_253,"Den som stannar, den som går","Ferrante, Elena",,F,transl,OTHER,hb,sell
108991,SvB_BS_184,Lotus blues,"Ohlsson, Kristina",,F,no,CRIME,pb,sell
108079,SvB_BS_245,Hennes nya namn,"Ferrante, Elena",,F,transl,OTHER,hb,sell
107850,SvB_BS_274,Den lilla bokhandeln runt hörnet,"Colgan, Jenny",,F,transl,OTHER,pb,sell
107358,SvB_BS_252,Det förlorade barnet,"Ferrante, Elena",,F,transl,PRESTIGE,hb,sell
107109,SvB_BS_304,Sommar på den lilla ön i havet,"Colgan, Jenny",,F,transl,OTHER,pb,sell
106733,SvB_BS_247,Kvinnan på tåget,"Hawkins, Paula",,F,transl,CRIME,pb,sell
106402,SvB_BS_260,Jul i det lilla bageriet på strandpromenaden,"Colgan, Jenny",,F,transl,OTHER,pb,sell
106183,SvB_BS_280,Strandcaféet,"Diamond, Lucy",,F,transl,OTHER,pb,sell
104749,SvB_BS_256,Never let me go,"Ishiguro, Kazuo",,M,transl,PRESTIGE,hb,sell
96193,bstream_031,Bakom stängda dörrar,"Paris, B.A.",,F,transl,CRIME,no,strm
