p_ab,id,title,author1,author2,author_gender,translation,category,frmt1,frmt2
108308,SvB_BS_183,Att föda ett barn,"Sandberg, Kristina",,F,no,OTHER,pb,sell
106569,SvB_BS_178,Liv till varje pris,"Sandberg, Kristina",,F,no,PRESTIGE,hb,sell
103270,SvB_BS_272,Vardagar,"Lundell, Ulf",,M,no,OTHER,hb,sell
103060,SvB_BS_195,Äkta amerikanska jeans,"Guillou, Jan",,M,no,OTHER,hb,sell
103005,SvB_BS_173,Det är något som inte stämmer,"Haag, Martina",,F,no,OTHER,both,both
102396,SvB_BS_256,Never let me go,"Ishiguro, Kazuo",,M,transl,PRESTIGE,hb,sell
100532,SvB_BS_163,Jag heter inte Miriam,"Axelsson, Majgull",,F,no,OTHER,both,sell
99897,bstream_026,De sju som såg,"Rudberg, Denise",,F,no,CRIME,no,strm
98302,SvB_BS_296,Folk med ångest,"Backman, Fredrik",,M,no,OTHER,hb,sell
98130,SvB_BS_306,Motiv X,"Ahnhem, Stefan",,M,no,CRIME,pb,sell
97262,SvB_BS_258,Selfies,"Adler-Olsen, Jussi",,M,transl,CRIME,hb,both
97043,SvB_BS_167,Det som inte dödar oss,"Lagercrantz, David",,M,no,CRIME,both,both
96670,bstream_006,Den gränslöse,"Adler-Olsen, Jussi",,M,transl,CRIME,no,strm
96130,SvB_BS_166,Blå stjärnan,"Guillou, Jan",,M,no,OTHER,hb,sell
95456,SvB_BS_188,I skymningen sjunger koltrasten,"Olsson, Linda",,F,no,OTHER,pb,sell
94917,SvB_BS_289,Den andra dödssynden,"Guillou, Jan",,M,no,OTHER,hb,sell
94815,SvB_BS_210,Arton grader minus,"Ahnhem, Stefan",,M,no,CRIME,pb,sell
94455,SvB_BS_305,Det som göms i snö,"Gerhardsen, Carin",,F,no,CRIME,pb,both
94404,SvB_BS_262,Till minne av en villkorslös kärlek,"Gardell, Jonas",,M,no,OTHER,hb,sell
94333,bstream_016,Svart stjärna - S1E1,"Ersgård, Jesper",Joakim Ersgård,M,no,OTHER,no,strm
93137,SvB_BS_264,De som dödar drömmar sover aldrig,"Guillou, Jan",,M,no,OTHER,hb,sell
92821,bstream_011,Kärlek sökes,"Hjulström, Carin",,F,no,OTHER,no,strm
92104,SvB_BS_208,1968,"Guillou, Jan",,M,no,OTHER,hb,sell
91941,bstream_014,På sex meters djup,"Rudberg, Denise",,F,no,CRIME,no,strm
90839,bstream_045,Under nio nätter,"Rudberg, Denise",,F,no,CRIME,no,strm
90254,SvB_BS_211,Återstoden av dagen,"Ishiguro, Kazuo",,M,transl,PRESTIGE,hb,sell
90208,bstream_047,Offer 2117,"Adler-Olsen, Jussi",,M,transl,CRIME,no,strm
90062,SvB_BS_286,Hon som måste dö,"Lagercrantz, David",,M,no,CRIME,hb,both
89869,SvB_BS_276,Bara ett barn,"Persson Giolito, Malin",,F,no,CRIME,pb,sell
89377,SvB_BS_194,Kan man dö två gånger?,"Persson, Leif GW",,M,no,CRIME,both,both
89272,SvB_BS_260,Jul i det lilla bageriet på strandpromenaden,"Colgan, Jenny",,F,transl,OTHER,pb,sell
89231,SvB_BS_302,Bokhandeln på Riverside Drive,"Skybäck, Frida",,F,no,OTHER,pb,sell
89181,SvB_BS_274,Den lilla bokhandeln runt hörnet,"Colgan, Jenny",,F,transl,OTHER,pb,sell
89152,bstream_020,Välkommen hem,"Schulman, Ninni",,F,no,CRIME,no,strm
88689,SvB_BS_170,Mördar-Anders och hans vänner samt en och annan ovän,"Jonasson, Jonas",,M,no,OTHER,both,both
87991,SvB_BS_270,De vänsterhäntas förening,"Nesser, Håkan",,M,no,CRIME,both,sell
87583,SvB_BS_299,Jamåhonleva,"Roslund, Anders",,M,no,CRIME,hb,sell
87547,SvB_BS_207,Bakom din rygg,"Sarenbrant, Sofie",,F,no,CRIME,both,both
87343,SvB_BS_168,Bombmakaren och hans kvinna,"Persson, Leif GW",,M,no,CRIME,hb,both
87324,SvB_BS_308,På egen hand,"Keyes, Marian",,M,transl,OTHER,pb,sell
87300,SvB_BS_214,Vänd dig inte om,"Alsterdal, Tove",,F,no,CRIME,pb,sell
87079,SvB_BS_271,Tre timmar,"Roslund, Anders",,M,no,CRIME,both,sell
86940,bstream_002,"Falleri, fallera, falleralla","Gerhardsen, Carin",,F,no,CRIME,no,strm
86689,bstream_044,Ingen lämnas kvar,"Öhrlund, Dag",,M,no,CRIME,no,strm
86596,SvB_BS_182,Visning pågår,"Sarenbrant, Sofie",,F,no,CRIME,pb,sell
86561,SvB_BS_185,Offer utan ansikte,"Ahnhem, Stefan",,M,no,CRIME,pb,sell
86559,SvB_BS_169,Britt-Marie var här,"Backman, Fredrik",,M,no,OTHER,both,sell
86552,SvB_BS_249,Mannen som sökte sin skugga,"Lagercrantz, David",,M,no,CRIME,hb,both
86216,SvB_BS_191,Den stumma flickan,"Hjorth, Michael",Hans Rosenfeldt,M,no,CRIME,pb,sell
86001,bstream_019,När livet börjar om,"Dillon, Lucy",,F,transl,OTHER,no,strm
85807,SvB_BS_206,Tiggaren,"Sarenbrant, Sofie",,F,no,CRIME,both,both
85762,SvB_BS_184,Lotus blues,"Ohlsson, Kristina",,F,no,CRIME,pb,sell
85615,SvB_BS_198,Avdelning 73,"Sarenbrant, Sofie",,F,no,CRIME,pb,both
84929,SvB_BS_298,Hundraettåringen som tänkte att han tänkte för mycket,"Jonasson, Jonas",,M,no,OTHER,hb,sell
84658,SvB_BS_283,Syndafloder,"Ohlsson, Kristina",,F,no,CRIME,pb,both
84655,SvB_BS_177,Björndansen,"Roslund, Anders",Stefan Thunberg,M,no,CRIME,hb,sell
84593,SvB_BS_158,VIP-rummet,"Lapidus, Jens",,M,no,CRIME,hb,sell
84566,SvB_BS_192,Tre minuter,"Roslund, Anders",Börge Hellström,M,no,CRIME,hb,sell
84519,SvB_BS_280,Strandcaféet,"Diamond, Lucy",,F,transl,OTHER,pb,sell
84197,SvB_BS_157,Lejontämjaren,"Läckberg, Camilla",,F,no,CRIME,hb,both
84056,SvB_BS_304,Sommar på den lilla ön i havet,"Colgan, Jenny",,F,transl,OTHER,pb,sell
83934,SvB_BS_209,Slutet på sommaren,"Motte, Anders de la",,M,no,CRIME,pb,sell
83918,SvB_BS_259,Sommar på strandpromenaden,"Colgan, Jenny",,F,transl,OTHER,pb,sell
83766,bstream_007,Skymningsflickan,"Wennstam, Katarina",,F,no,CRIME,no,strm
83348,SvB_BS_201,Snövit ska dö,"Neuhaus, Nele",,F,transl,CRIME,pb,sell
83196,SvB_BS_290,Jag ser dig,"Jungstedt, Mari",,F,no,CRIME,hb,sell
82903,bstream_035,Se till mig som liten är,"Öhrlund, Dag",,M,no,CRIME,no,strm
82554,SvB_BS_248,Det lilla bageriet på strandpromenaden,"Colgan, Jenny",,F,transl,OTHER,pb,sell
82506,SvB_BS_266,Ett mörker mitt ibland oss,"Jungstedt, Mari",,F,no,CRIME,both,both
82414,bstream_024,Tryggare kan ingen vara,"Öhrlund, Dag",,M,no,CRIME,no,strm
82318,SvB_BS_202,Glöm mig,"Schulman, Alex",,M,no,OTHER,both,sell
82103,SvB_BS_269,En högre rättvisa,"Hjorth, Michael",Hans Rosenfeldt,M,no,CRIME,hb,both
82071,bstream_013,Motvind,"Buthler, Dan",Dag Öhrlund,M,no,CRIME,no,strm
81989,SvB_BS_216,Björnstad,"Backman, Fredrik",,M,no,OTHER,pb,sell
81889,bstream_012,Där inga ögon ser,"Öhrlund, Dag",,M,no,CRIME,no,strm
81871,SvB_BS_199,Det andra ansiktet,"Jungstedt, Mari",,F,no,CRIME,both,both
81764,SvB_BS_247,Kvinnan på tåget,"Hawkins, Paula",,F,transl,CRIME,pb,sell
81679,SvB_BS_284,Höstdåd,"Motte, Anders de la",,M,no,CRIME,pb,sell
81563,SvB_BS_165,De underkända,"Hjorth, Michael",Hans Rosenfeldt,M,no,CRIME,hb,both
81301,SvB_BS_254,Top Dogg,"Lapidus, Jens",,M,no,CRIME,hb,both
81225,bstream_036,Domaren,"Öhrlund, Dag",,M,no,CRIME,no,strm
80846,SvB_BS_278,Husdjuret,"Grebe, Camilla",,F,no,CRIME,pb,sell
80795,SvB_BS_252,Det förlorade barnet,"Ferrante, Elena",,F,transl,PRESTIGE,hb,sell
80628,SvB_BS_200,Störst av allt,"Persson Giolito, Malin",,F,no,CRIME,both,both
80350,SvB_BS_282,Blodlokan,"Boije af Gennäs, Louise",,F,no,CRIME,pb,sell
79917,SvB_BS_257,Det förlovade landet,"Jungstedt, Mari",,F,no,CRIME,both,both
79795,SvB_BS_156,Gone Girl,"Flynn, Gillian",,F,transl,CRIME,pb,sell
79733,SvB_BS_245,Hennes nya namn,"Ferrante, Elena",,F,transl,OTHER,hb,sell
79210,SvB_BS_172,STHLM Delete,"Lapidus, Jens",,M,no,CRIME,both,both
78838,SvB_BS_268,Syndabocken,"Sarenbrant, Sofie",,F,no,CRIME,both,both
78828,SvB_BS_253,"Den som stannar, den som går","Ferrante, Elena",,F,transl,OTHER,hb,sell
78803,bstream_031,Bakom stängda dörrar,"Paris, B.A.",,F,transl,CRIME,no,strm
78780,bstream_003,Hämnaren,"Buthler, Dan",Dag Öhrlund,M,no,CRIME,no,strm
78699,bstream_033,5:e Moseboken,"Larsson, Christina",,F,no,CRIME,no,strm
78682,SvB_BS_297,I hemlighet begravd,"Sten, Viveca",,F,no,CRIME,hb,both
78542,bstream_048,Sista färjan från Ystad,"Alfredsson, Karin",,F,no,CRIME,no,strm
78463,bstream_037,Hämndens pris,"Lewin, Erik",,M,no,CRIME,no,strm
78186,SvB_BS_244,Min fantastiska väninna,"Ferrante, Elena",,F,transl,OTHER,both,sell
77572,bstream_021,Sov du lilla videung,"Börjlind, Rolf",Cilla Börjlind,2,no,CRIME,no,strm
76823,SvB_BS_251,Häxan,"Läckberg, Camilla",,F,no,CRIME,both,both
76647,bstream_025,Uppståndelsen,"Buthler, Dan",Dag Öhrlund,M,no,CRIME,no,strm
76458,SvB_BS_213,Hjärtats innersta röst,"Sendker, Jan-Philipp",,M,transl,OTHER,pb,sell
76363,bstream_022,Den hemliga kvinnan,"Ekberg, Anna",,F,no,CRIME,no,strm
76021,bstream_034,Nådastöten,"Larsson, Christina",,F,no,CRIME,no,strm
75989,SvB_BS_186,Öppnas i händelse av min död,"Moriarty, Liane",,F,transl,OTHER,pb,sell
75835,SvB_BS_267,I fel sällskap,"Sten, Viveca",,F,no,CRIME,hb,sell
75808,SvB_BS_189,I maktens skugga,"Sten, Viveca",,F,no,CRIME,pb,sell
75644,SvB_BS_294,Bergens stjärnor,"Moyes, Jojo",,F,transl,OTHER,hb,sell
75550,bstream_046,Snödrev,"Tursten, Helene",,F,no,CRIME,no,strm
75343,bstream_004,Vita spår,"Schepp, Emelie",,F,no,CRIME,no,strm
75202,SvB_BS_246,Toner i natten,"Moyes, Jojo",,F,transl,OTHER,both,both
75061,SvB_BS_265,En andra chans,"Moyes, Jojo",,F,transl,OTHER,both,both
74954,SvB_BS_301,En helt vanlig familj,"Edvardsson, Mattias",,M,no,CRIME,pb,both
74735,bstream_049,Trojanen,"Ahlstedt, Mats",,M,no,CRIME,no,strm
74284,SvB_BS_171,Allt jag inte minns,"Khemiri, Jonas Hassen",,M,no,PRESTIGE,both,sell
74233,SvB_BS_205,Kvinna inför rätta,"Doughty, Louise",,F,transl,CRIME,pb,sell
74187,bstream_015,Prio ett,"Schepp, Emelie",,F,no,CRIME,no,strm
74181,bstream_040,Ondskans ansikte,"Ahlstedt, Mats",,M,no,CRIME,no,strm
73916,bstream_008,En mörkare himmel : Gran Canaria,"Jungstedt, Mari",Ruben Eliassen,2,no,CRIME,no,strm
73863,bstream_009,I sanningens namn,"Sten, Viveca",,F,no,CRIME,no,strm
73833,SvB_BS_295,Skamvrån,"Sarenbrant, Sofie",,F,no,CRIME,hb,both
73822,SvB_BS_300,Jag for ner till bror,"Smirnoff, Karin",,F,no,PRESTIGE,pb,sell
73568,SvB_BS_179,Konsten att höra hjärtslag,"Sendker, Jan-Philipp",,M,transl,OTHER,pb,sell
73254,SvB_BS_176,Arvet efter dig,"Moyes, Jojo",,F,transl,OTHER,both,both
72960,SvB_BS_277,Ensam i Paris och andra historier,"Moyes, Jojo",,F,transl,OTHER,pb,sell
72737,SvB_BS_212,Ett litet liv,"Yanagihara, Hanya",,F,transl,PRESTIGE,pb,sell
72001,bstream_028,Prästens lilla flicka,"Casserfelt, Susan",,F,no,CRIME,no,strm
71680,SvB_BS_180,Etthundra mil,"Moyes, Jojo",,F,transl,OTHER,pb,sell
71586,SvB_BS_293,Löparna,"Tokarczuk, Olga",,F,transl,PRESTIGE,hb,sell
71580,SvB_BS_285,Pappas pojke,"Schepp, Emelie",,F,no,CRIME,pb,both
71491,SvB_BS_181,Sista brevet från din älskade,"Moyes, Jojo",,F,transl,OTHER,pb,sell
71472,SvB_BS_203,De oroliga,"Ullmann, Linn",,F,no,PRESTIGE,hb,sell
71087,bstream_029,Den tatuerade cirkeln,"Casserfelt, Susan",,F,no,CRIME,no,strm
70900,SvB_BS_292,Broder Jakob,"Schepp, Emelie",,F,no,CRIME,hb,both
70767,SvB_BS_187,Stoner,"Williams, John",,M,transl,OTHER,pb,sell
69909,SvB_BS_263,Bränn alla mina brev,"Schulman, Alex",,M,no,OTHER,both,both
69501,SvB_BS_175,Järnblod,"Marklund, Liza",,F,no,CRIME,both,both
69361,bstream_017,Mordbrännaren,"Kant, Johan",Anders Gustafson,M,no,CRIME,no,strm
69234,SvB_BS_288,1794,"Natt och Dag, Niklas",,M,no,CRIME,hb,sell
69224,SvB_BS_307,Arv och miljö,"Hjorth, Vigdis",,F,transl,PRESTIGE,pb,sell
68864,SvB_BS_287,En bur av guld,"Läckberg, Camilla",,F,no,CRIME,hb,both
68411,bstream_030,Kvinnan på bänken,"Jansson, Anna",,F,no,CRIME,no,strm
68013,bstream_043,Dotter saknad,"Jansson, Anna",,F,no,CRIME,no,strm
67845,SvB_BS_161,Sonen,"Nesbø, Jo",,M,transl,CRIME,both,sell
67446,SvB_BS_291,Kniv,"Nesbø, Jo",,M,transl,CRIME,hb,sell
67261,SvB_BS_279,Den tyska flickan,"Correa, Armando Lucas",,M,transl,OTHER,pb,sell
67203,bstream_038,Änglabarnet,"Kant, Johan",Anders Gustafson,M,no,CRIME,no,strm
67195,SvB_BS_255,Törst,"Nesbø, Jo",,M,transl,CRIME,hb,both
66799,SvB_BS_281,Kvinnan i fönstret,"Finn, A.J.",,M,transl,CRIME,pb,sell
65631,bstream_042,Mitt hjärta är ditt,"Jansson, Anna",,F,no,CRIME,no,strm
65497,SvB_BS_196,Simma med de drunknade,"Mytting, Lars",,M,transl,OTHER,pb,sell
64961,bstream_023,Det du inte vet,"Jansson, Anna",,F,no,CRIME,no,strm
64932,SvB_BS_250,Begynnelse,"Brown, Dan",,M,transl,CRIME,both,sell
64741,bstream_027,Trogen intill döden,"Moström, Jonas",,M,no,CRIME,no,strm
64595,SvB_BS_204,I varje ögonblick är vi fortfarande vid liv,"Malmquist, Tom",,M,no,PRESTIGE,pb,sell
64385,SvB_BS_275,Silvervägen,"Jackson, Stina",,F,no,CRIME,pb,both
64045,bstream_010,Rädslans fångar,"Jansson, Anna",,F,no,CRIME,no,strm
64025,bstream_001,Alla kan se dig,"Jansson, Anna",,F,no,CRIME,no,strm
63686,SvB_BS_303,Tatueraren i Auschwitz,"Morris, Heather",,F,transl,OTHER,pb,sell
62952,bstream_039,Skuggorna ruva,"Moström, Jonas",,M,no,CRIME,no,strm
62432,SvB_BS_273,1793,"Natt och Dag, Niklas",,M,no,CRIME,pb,sell
62143,bstream_018,Midnattsflickor,"Moström, Jonas",,M,no,CRIME,no,strm
61378,bstream_050,Morden på Mörkö,"Karlsson, Samuel",,M,no,CRIME,no,strm
60495,bstream_005,Dominodöden,"Moström, Jonas",,M,no,CRIME,no,strm
58890,bstream_051,Allt jag fått lära mig,"Westover, Tara",,F,transl,OTHER,no,strm
57322,SvB_BS_155,Stalker,"Kepler, Lars",,2,no,CRIME,both,both
57105,SvB_BS_174,Playground,"Kepler, Lars",,2,no,CRIME,hb,sell
56757,SvB_BS_193,Kaninjägaren,"Kepler, Lars",,2,no,CRIME,both,both
55853,SvB_BS_261,Lazarus,"Kepler, Lars",,2,no,CRIME,hb,both
54277,SvB_BS_215,De kommer att drunkna i sina mödrars tårar,"Anyuru, Johannes",,M,no,PRESTIGE,hb,sell
53923,SvB_BS_197,Ljuset vi inte ser,"Doerr, Anthony",,M,transl,OTHER,pb,sell
53634,SvB_BS_190,Jakthundarna,"Lier Horst, Jørn",,M,transl,CRIME,pb,sell
