rare,id,title,author1,author2,author_gender,translation,category,frmt1,frmt2
86,SvB_BS_197,Ljuset vi inte ser,"Doerr, Anthony",,M,transl,OTHER,pb,sell
85,SvB_BS_293,Löparna,"Tokarczuk, Olga",,F,transl,PRESTIGE,hb,sell
79,SvB_BS_289,Den andra dödssynden,"Guillou, Jan",,M,no,OTHER,hb,sell
76,SvB_BS_208,1968,"Guillou, Jan",,M,no,OTHER,hb,sell
73,SvB_BS_250,Begynnelse,"Brown, Dan",,M,transl,CRIME,both,sell
71,SvB_BS_272,Vardagar,"Lundell, Ulf",,M,no,OTHER,hb,sell
68,SvB_BS_166,Blå stjärnan,"Guillou, Jan",,M,no,OTHER,hb,sell
68,SvB_BS_273,1793,"Natt och Dag, Niklas",,M,no,CRIME,pb,sell
65,SvB_BS_264,De som dödar drömmar sover aldrig,"Guillou, Jan",,M,no,OTHER,hb,sell
63,SvB_BS_288,1794,"Natt och Dag, Niklas",,M,no,CRIME,hb,sell
59,SvB_BS_298,Hundraettåringen som tänkte att han tänkte för mycket,"Jonasson, Jonas",,M,no,OTHER,hb,sell
58,SvB_BS_175,Järnblod,"Marklund, Liza",,F,no,CRIME,both,both
58,SvB_BS_262,Till minne av en villkorslös kärlek,"Gardell, Jonas",,M,no,OTHER,hb,sell
56,SvB_BS_196,Simma med de drunknade,"Mytting, Lars",,M,transl,OTHER,pb,sell
56,SvB_BS_300,Jag for ner till bror,"Smirnoff, Karin",,F,no,PRESTIGE,pb,sell
55,SvB_BS_281,Kvinnan i fönstret,"Finn, A.J.",,M,transl,CRIME,pb,sell
54,SvB_BS_195,Äkta amerikanska jeans,"Guillou, Jan",,M,no,OTHER,hb,sell
54,SvB_BS_215,De kommer att drunkna i sina mödrars tårar,"Anyuru, Johannes",,M,no,PRESTIGE,hb,sell
54,SvB_BS_270,De vänsterhäntas förening,"Nesser, Håkan",,M,no,CRIME,both,sell
52,SvB_BS_178,Liv till varje pris,"Sandberg, Kristina",,F,no,PRESTIGE,hb,sell
51,SvB_BS_254,Top Dogg,"Lapidus, Jens",,M,no,CRIME,hb,both
51,SvB_BS_284,Höstdåd,"Motte, Anders de la",,M,no,CRIME,pb,sell
50,SvB_BS_204,I varje ögonblick är vi fortfarande vid liv,"Malmquist, Tom",,M,no,PRESTIGE,pb,sell
50,bstream_038,Änglabarnet,"Kant, Johan",Anders Gustafson,M,no,CRIME,no,strm
50,bstream_048,Sista färjan från Ystad,"Alfredsson, Karin",,F,no,CRIME,no,strm
49,SvB_BS_177,Björndansen,"Roslund, Anders",Stefan Thunberg,M,no,CRIME,hb,sell
48,SvB_BS_158,VIP-rummet,"Lapidus, Jens",,M,no,CRIME,hb,sell
48,SvB_BS_172,STHLM Delete,"Lapidus, Jens",,M,no,CRIME,both,both
47,SvB_BS_201,Snövit ska dö,"Neuhaus, Nele",,F,transl,CRIME,pb,sell
47,SvB_BS_294,Bergens stjärnor,"Moyes, Jojo",,F,transl,OTHER,hb,sell
47,bstream_039,Skuggorna ruva,"Moström, Jonas",,M,no,CRIME,no,strm
46,SvB_BS_216,Björnstad,"Backman, Fredrik",,M,no,OTHER,pb,sell
46,SvB_BS_260,Jul i det lilla bageriet på strandpromenaden,"Colgan, Jenny",,F,transl,OTHER,pb,sell
46,bstream_029,Den tatuerade cirkeln,"Casserfelt, Susan",,F,no,CRIME,no,strm
45,SvB_BS_156,Gone Girl,"Flynn, Gillian",,F,transl,CRIME,pb,sell
45,SvB_BS_174,Playground,"Kepler, Lars",,2,no,CRIME,hb,sell
44,SvB_BS_183,Att föda ett barn,"Sandberg, Kristina",,F,no,OTHER,pb,sell
44,SvB_BS_200,Störst av allt,"Persson Giolito, Malin",,F,no,CRIME,both,both
44,SvB_BS_275,Silvervägen,"Jackson, Stina",,F,no,CRIME,pb,both
44,bstream_006,Den gränslöse,"Adler-Olsen, Jussi",,M,transl,CRIME,no,strm
44,bstream_010,Rädslans fångar,"Jansson, Anna",,F,no,CRIME,no,strm
44,bstream_017,Mordbrännaren,"Kant, Johan",Anders Gustafson,M,no,CRIME,no,strm
44,bstream_051,Allt jag fått lära mig,"Westover, Tara",,F,transl,OTHER,no,strm
43,SvB_BS_161,Sonen,"Nesbø, Jo",,M,transl,CRIME,both,sell
43,SvB_BS_167,Det som inte dödar oss,"Lagercrantz, David",,M,no,CRIME,both,both
43,SvB_BS_205,Kvinna inför rätta,"Doughty, Louise",,F,transl,CRIME,pb,sell
43,SvB_BS_290,Jag ser dig,"Jungstedt, Mari",,F,no,CRIME,hb,sell
43,bstream_011,Kärlek sökes,"Hjulström, Carin",,F,no,OTHER,no,strm
42,SvB_BS_170,Mördar-Anders och hans vänner samt en och annan ovän,"Jonasson, Jonas",,M,no,OTHER,both,both
42,SvB_BS_173,Det är något som inte stämmer,"Haag, Martina",,F,no,OTHER,both,both
42,SvB_BS_192,Tre minuter,"Roslund, Anders",Börge Hellström,M,no,CRIME,hb,sell
42,SvB_BS_193,Kaninjägaren,"Kepler, Lars",,2,no,CRIME,both,both
42,SvB_BS_257,Det förlovade landet,"Jungstedt, Mari",,F,no,CRIME,both,both
42,SvB_BS_280,Strandcaféet,"Diamond, Lucy",,F,transl,OTHER,pb,sell
42,SvB_BS_291,Kniv,"Nesbø, Jo",,M,transl,CRIME,hb,sell
42,bstream_002,"Falleri, fallera, falleralla","Gerhardsen, Carin",,F,no,CRIME,no,strm
42,bstream_005,Dominodöden,"Moström, Jonas",,M,no,CRIME,no,strm
42,bstream_018,Midnattsflickor,"Moström, Jonas",,M,no,CRIME,no,strm
42,bstream_043,Dotter saknad,"Jansson, Anna",,F,no,CRIME,no,strm
42,bstream_047,Offer 2117,"Adler-Olsen, Jussi",,M,transl,CRIME,no,strm
41,SvB_BS_168,Bombmakaren och hans kvinna,"Persson, Leif GW",,M,no,CRIME,hb,both
41,SvB_BS_211,Återstoden av dagen,"Ishiguro, Kazuo",,M,transl,PRESTIGE,hb,sell
41,bstream_025,Uppståndelsen,"Buthler, Dan",Dag Öhrlund,M,no,CRIME,no,strm
41,bstream_027,Trogen intill döden,"Moström, Jonas",,M,no,CRIME,no,strm
40,SvB_BS_189,I maktens skugga,"Sten, Viveca",,F,no,CRIME,pb,sell
40,SvB_BS_194,Kan man dö två gånger?,"Persson, Leif GW",,M,no,CRIME,both,both
40,SvB_BS_209,Slutet på sommaren,"Motte, Anders de la",,M,no,CRIME,pb,sell
40,SvB_BS_266,Ett mörker mitt ibland oss,"Jungstedt, Mari",,F,no,CRIME,both,both
40,SvB_BS_271,Tre timmar,"Roslund, Anders",,M,no,CRIME,both,sell
40,SvB_BS_304,Sommar på den lilla ön i havet,"Colgan, Jenny",,F,transl,OTHER,pb,sell
40,SvB_BS_308,På egen hand,"Keyes, Marian",,M,transl,OTHER,pb,sell
40,bstream_021,Sov du lilla videung,"Börjlind, Rolf",Cilla Börjlind,2,no,CRIME,no,strm
39,SvB_BS_187,Stoner,"Williams, John",,M,transl,OTHER,pb,sell
39,SvB_BS_249,Mannen som sökte sin skugga,"Lagercrantz, David",,M,no,CRIME,hb,both
39,SvB_BS_259,Sommar på strandpromenaden,"Colgan, Jenny",,F,transl,OTHER,pb,sell
39,SvB_BS_287,En bur av guld,"Läckberg, Camilla",,F,no,CRIME,hb,both
39,bstream_001,Alla kan se dig,"Jansson, Anna",,F,no,CRIME,no,strm
39,bstream_028,Prästens lilla flicka,"Casserfelt, Susan",,F,no,CRIME,no,strm
38,SvB_BS_210,Arton grader minus,"Ahnhem, Stefan",,M,no,CRIME,pb,sell
38,SvB_BS_255,Törst,"Nesbø, Jo",,M,transl,CRIME,hb,both
38,SvB_BS_274,Den lilla bokhandeln runt hörnet,"Colgan, Jenny",,F,transl,OTHER,pb,sell
38,SvB_BS_276,Bara ett barn,"Persson Giolito, Malin",,F,no,CRIME,pb,sell
38,SvB_BS_278,Husdjuret,"Grebe, Camilla",,F,no,CRIME,pb,sell
38,SvB_BS_305,Det som göms i snö,"Gerhardsen, Carin",,F,no,CRIME,pb,both
38,bstream_030,Kvinnan på bänken,"Jansson, Anna",,F,no,CRIME,no,strm
38,bstream_040,Ondskans ansikte,"Ahlstedt, Mats",,M,no,CRIME,no,strm
38,bstream_050,Morden på Mörkö,"Karlsson, Samuel",,M,no,CRIME,no,strm
37,SvB_BS_179,Konsten att höra hjärtslag,"Sendker, Jan-Philipp",,M,transl,OTHER,pb,sell
37,SvB_BS_203,De oroliga,"Ullmann, Linn",,F,no,PRESTIGE,hb,sell
37,SvB_BS_212,Ett litet liv,"Yanagihara, Hanya",,F,transl,PRESTIGE,pb,sell
37,SvB_BS_299,Jamåhonleva,"Roslund, Anders",,M,no,CRIME,hb,sell
37,bstream_003,Hämnaren,"Buthler, Dan",Dag Öhrlund,M,no,CRIME,no,strm
37,bstream_042,Mitt hjärta är ditt,"Jansson, Anna",,F,no,CRIME,no,strm
36,SvB_BS_155,Stalker,"Kepler, Lars",,2,no,CRIME,both,both
36,SvB_BS_163,Jag heter inte Miriam,"Axelsson, Majgull",,F,no,OTHER,both,sell
36,SvB_BS_190,Jakthundarna,"Lier Horst, Jørn",,M,transl,CRIME,pb,sell
36,SvB_BS_248,Det lilla bageriet på strandpromenaden,"Colgan, Jenny",,F,transl,OTHER,pb,sell
36,bstream_019,När livet börjar om,"Dillon, Lucy",,F,transl,OTHER,no,strm
36,bstream_045,Under nio nätter,"Rudberg, Denise",,F,no,CRIME,no,strm
36,bstream_046,Snödrev,"Tursten, Helene",,F,no,CRIME,no,strm
35,SvB_BS_186,Öppnas i händelse av min död,"Moriarty, Liane",,F,transl,OTHER,pb,sell
35,SvB_BS_199,Det andra ansiktet,"Jungstedt, Mari",,F,no,CRIME,both,both
35,SvB_BS_258,Selfies,"Adler-Olsen, Jussi",,M,transl,CRIME,hb,both
35,bstream_020,Välkommen hem,"Schulman, Ninni",,F,no,CRIME,no,strm
34,SvB_BS_171,Allt jag inte minns,"Khemiri, Jonas Hassen",,M,no,PRESTIGE,both,sell
34,SvB_BS_180,Etthundra mil,"Moyes, Jojo",,F,transl,OTHER,pb,sell
34,SvB_BS_261,Lazarus,"Kepler, Lars",,2,no,CRIME,hb,both
34,SvB_BS_263,Bränn alla mina brev,"Schulman, Alex",,M,no,OTHER,both,both
34,SvB_BS_282,Blodlokan,"Boije af Gennäs, Louise",,F,no,CRIME,pb,sell
34,SvB_BS_286,Hon som måste dö,"Lagercrantz, David",,M,no,CRIME,hb,both
34,bstream_012,Där inga ögon ser,"Öhrlund, Dag",,M,no,CRIME,no,strm
34,bstream_014,På sex meters djup,"Rudberg, Denise",,F,no,CRIME,no,strm
34,bstream_016,Svart stjärna - S1E1,"Ersgård, Jesper",Joakim Ersgård,M,no,OTHER,no,strm
33,SvB_BS_268,Syndabocken,"Sarenbrant, Sofie",,F,no,CRIME,both,both
33,bstream_033,5:e Moseboken,"Larsson, Christina",,F,no,CRIME,no,strm
32,SvB_BS_176,Arvet efter dig,"Moyes, Jojo",,F,transl,OTHER,both,both
32,SvB_BS_181,Sista brevet från din älskade,"Moyes, Jojo",,F,transl,OTHER,pb,sell
32,SvB_BS_185,Offer utan ansikte,"Ahnhem, Stefan",,M,no,CRIME,pb,sell
32,SvB_BS_214,Vänd dig inte om,"Alsterdal, Tove",,F,no,CRIME,pb,sell
32,SvB_BS_301,En helt vanlig familj,"Edvardsson, Mattias",,M,no,CRIME,pb,both
32,SvB_BS_303,Tatueraren i Auschwitz,"Morris, Heather",,F,transl,OTHER,pb,sell
32,SvB_BS_307,Arv och miljö,"Hjorth, Vigdis",,F,transl,PRESTIGE,pb,sell
32,bstream_007,Skymningsflickan,"Wennstam, Katarina",,F,no,CRIME,no,strm
32,bstream_009,I sanningens namn,"Sten, Viveca",,F,no,CRIME,no,strm
32,bstream_023,Det du inte vet,"Jansson, Anna",,F,no,CRIME,no,strm
32,bstream_037,Hämndens pris,"Lewin, Erik",,M,no,CRIME,no,strm
31,SvB_BS_169,Britt-Marie var här,"Backman, Fredrik",,M,no,OTHER,both,sell
31,SvB_BS_182,Visning pågår,"Sarenbrant, Sofie",,F,no,CRIME,pb,sell
31,SvB_BS_207,Bakom din rygg,"Sarenbrant, Sofie",,F,no,CRIME,both,both
31,SvB_BS_265,En andra chans,"Moyes, Jojo",,F,transl,OTHER,both,both
31,SvB_BS_267,I fel sällskap,"Sten, Viveca",,F,no,CRIME,hb,sell
31,bstream_008,En mörkare himmel : Gran Canaria,"Jungstedt, Mari",Ruben Eliassen,2,no,CRIME,no,strm
31,bstream_013,Motvind,"Buthler, Dan",Dag Öhrlund,M,no,CRIME,no,strm
31,bstream_049,Trojanen,"Ahlstedt, Mats",,M,no,CRIME,no,strm
30,SvB_BS_277,Ensam i Paris och andra historier,"Moyes, Jojo",,F,transl,OTHER,pb,sell
30,SvB_BS_295,Skamvrån,"Sarenbrant, Sofie",,F,no,CRIME,hb,both
30,bstream_036,Domaren,"Öhrlund, Dag",,M,no,CRIME,no,strm
29,SvB_BS_213,Hjärtats innersta röst,"Sendker, Jan-Philipp",,M,transl,OTHER,pb,sell
29,SvB_BS_244,Min fantastiska väninna,"Ferrante, Elena",,F,transl,OTHER,both,sell
29,SvB_BS_296,Folk med ångest,"Backman, Fredrik",,M,no,OTHER,hb,sell
29,SvB_BS_302,Bokhandeln på Riverside Drive,"Skybäck, Frida",,F,no,OTHER,pb,sell
29,bstream_026,De sju som såg,"Rudberg, Denise",,F,no,CRIME,no,strm
29,bstream_034,Nådastöten,"Larsson, Christina",,F,no,CRIME,no,strm
29,bstream_035,Se till mig som liten är,"Öhrlund, Dag",,M,no,CRIME,no,strm
28,SvB_BS_198,Avdelning 73,"Sarenbrant, Sofie",,F,no,CRIME,pb,both
28,SvB_BS_246,Toner i natten,"Moyes, Jojo",,F,transl,OTHER,both,both
28,SvB_BS_279,Den tyska flickan,"Correa, Armando Lucas",,M,transl,OTHER,pb,sell
28,SvB_BS_297,I hemlighet begravd,"Sten, Viveca",,F,no,CRIME,hb,both
27,SvB_BS_306,Motiv X,"Ahnhem, Stefan",,M,no,CRIME,pb,sell
25,SvB_BS_157,Lejontämjaren,"Läckberg, Camilla",,F,no,CRIME,hb,both
25,SvB_BS_165,De underkända,"Hjorth, Michael",Hans Rosenfeldt,M,no,CRIME,hb,both
25,SvB_BS_245,Hennes nya namn,"Ferrante, Elena",,F,transl,OTHER,hb,sell
25,SvB_BS_247,Kvinnan på tåget,"Hawkins, Paula",,F,transl,CRIME,pb,sell
25,SvB_BS_251,Häxan,"Läckberg, Camilla",,F,no,CRIME,both,both
25,SvB_BS_283,Syndafloder,"Ohlsson, Kristina",,F,no,CRIME,pb,both
25,bstream_044,Ingen lämnas kvar,"Öhrlund, Dag",,M,no,CRIME,no,strm
24,SvB_BS_191,Den stumma flickan,"Hjorth, Michael",Hans Rosenfeldt,M,no,CRIME,pb,sell
24,SvB_BS_206,Tiggaren,"Sarenbrant, Sofie",,F,no,CRIME,both,both
24,SvB_BS_269,En högre rättvisa,"Hjorth, Michael",Hans Rosenfeldt,M,no,CRIME,hb,both
23,bstream_024,Tryggare kan ingen vara,"Öhrlund, Dag",,M,no,CRIME,no,strm
22,SvB_BS_256,Never let me go,"Ishiguro, Kazuo",,M,transl,PRESTIGE,hb,sell
21,SvB_BS_202,Glöm mig,"Schulman, Alex",,M,no,OTHER,both,sell
21,SvB_BS_253,"Den som stannar, den som går","Ferrante, Elena",,F,transl,OTHER,hb,sell
21,SvB_BS_292,Broder Jakob,"Schepp, Emelie",,F,no,CRIME,hb,both
21,bstream_004,Vita spår,"Schepp, Emelie",,F,no,CRIME,no,strm
20,bstream_015,Prio ett,"Schepp, Emelie",,F,no,CRIME,no,strm
18,bstream_031,Bakom stängda dörrar,"Paris, B.A.",,F,transl,CRIME,no,strm
17,SvB_BS_184,Lotus blues,"Ohlsson, Kristina",,F,no,CRIME,pb,sell
17,SvB_BS_188,I skymningen sjunger koltrasten,"Olsson, Linda",,F,no,OTHER,pb,sell
17,bstream_022,Den hemliga kvinnan,"Ekberg, Anna",,F,no,CRIME,no,strm
16,SvB_BS_285,Pappas pojke,"Schepp, Emelie",,F,no,CRIME,pb,both
15,SvB_BS_252,Det förlorade barnet,"Ferrante, Elena",,F,transl,PRESTIGE,hb,sell
