wc,id,title,author1,author2,author_gender,translation,category,frmt1,frmt2
297642,SvB_BS_212,Ett litet liv,"Yanagihara, Hanya",,F,transl,PRESTIGE,pb,sell
204490,SvB_BS_251,Häxan,"Läckberg, Camilla",,F,no,CRIME,both,both
181853,SvB_BS_177,Björndansen,"Roslund, Anders",Stefan Thunberg,M,no,CRIME,hb,sell
177793,SvB_BS_308,På egen hand,"Keyes, Marian",,M,transl,OTHER,pb,sell
170250,SvB_BS_185,Offer utan ansikte,"Ahnhem, Stefan",,M,no,CRIME,pb,sell
170040,SvB_BS_156,Gone Girl,"Flynn, Gillian",,F,transl,CRIME,pb,sell
161122,bstream_006,Den gränslöse,"Adler-Olsen, Jussi",,M,transl,CRIME,no,strm
154070,SvB_BS_252,Det förlorade barnet,"Ferrante, Elena",,F,transl,PRESTIGE,hb,sell
152886,SvB_BS_178,Liv till varje pris,"Sandberg, Kristina",,F,no,PRESTIGE,hb,sell
152381,SvB_BS_245,Hennes nya namn,"Ferrante, Elena",,F,transl,OTHER,hb,sell
151627,SvB_BS_291,Kniv,"Nesbø, Jo",,M,transl,CRIME,hb,sell
150911,SvB_BS_255,Törst,"Nesbø, Jo",,M,transl,CRIME,hb,both
150078,SvB_BS_210,Arton grader minus,"Ahnhem, Stefan",,M,no,CRIME,pb,sell
148858,SvB_BS_258,Selfies,"Adler-Olsen, Jussi",,M,transl,CRIME,hb,both
146203,bstream_047,Offer 2117,"Adler-Olsen, Jussi",,M,transl,CRIME,no,strm
145556,SvB_BS_168,Bombmakaren och hans kvinna,"Persson, Leif GW",,M,no,CRIME,hb,both
143373,SvB_BS_167,Det som inte dödar oss,"Lagercrantz, David",,M,no,CRIME,both,both
142811,SvB_BS_254,Top Dogg,"Lapidus, Jens",,M,no,CRIME,hb,both
142176,SvB_BS_183,Att föda ett barn,"Sandberg, Kristina",,F,no,OTHER,pb,sell
141055,bstream_019,När livet börjar om,"Dillon, Lucy",,F,transl,OTHER,no,strm
140165,SvB_BS_155,Stalker,"Kepler, Lars",,2,no,CRIME,both,both
138807,SvB_BS_265,En andra chans,"Moyes, Jojo",,F,transl,OTHER,both,both
138527,SvB_BS_306,Motiv X,"Ahnhem, Stefan",,M,no,CRIME,pb,sell
137523,SvB_BS_250,Begynnelse,"Brown, Dan",,M,transl,CRIME,both,sell
135385,SvB_BS_172,STHLM Delete,"Lapidus, Jens",,M,no,CRIME,both,both
134713,SvB_BS_158,VIP-rummet,"Lapidus, Jens",,M,no,CRIME,hb,sell
134314,SvB_BS_201,Snövit ska dö,"Neuhaus, Nele",,F,transl,CRIME,pb,sell
134016,SvB_BS_192,Tre minuter,"Roslund, Anders",Börge Hellström,M,no,CRIME,hb,sell
133957,SvB_BS_193,Kaninjägaren,"Kepler, Lars",,2,no,CRIME,both,both
133287,SvB_BS_253,"Den som stannar, den som går","Ferrante, Elena",,F,transl,OTHER,hb,sell
129858,SvB_BS_163,Jag heter inte Miriam,"Axelsson, Majgull",,F,no,OTHER,both,sell
129488,SvB_BS_270,De vänsterhäntas förening,"Nesser, Håkan",,M,no,CRIME,both,sell
128861,SvB_BS_261,Lazarus,"Kepler, Lars",,2,no,CRIME,hb,both
128530,SvB_BS_194,Kan man dö två gånger?,"Persson, Leif GW",,M,no,CRIME,both,both
128113,SvB_BS_284,Höstdåd,"Motte, Anders de la",,M,no,CRIME,pb,sell
126927,SvB_BS_262,Till minne av en villkorslös kärlek,"Gardell, Jonas",,M,no,OTHER,hb,sell
126428,SvB_BS_191,Den stumma flickan,"Hjorth, Michael",Hans Rosenfeldt,M,no,CRIME,pb,sell
125944,SvB_BS_161,Sonen,"Nesbø, Jo",,M,transl,CRIME,both,sell
125139,SvB_BS_264,De som dödar drömmar sover aldrig,"Guillou, Jan",,M,no,OTHER,hb,sell
125004,SvB_BS_197,Ljuset vi inte ser,"Doerr, Anthony",,M,transl,OTHER,pb,sell
123196,SvB_BS_181,Sista brevet från din älskade,"Moyes, Jojo",,F,transl,OTHER,pb,sell
122960,SvB_BS_288,1794,"Natt och Dag, Niklas",,M,no,CRIME,hb,sell
122578,SvB_BS_294,Bergens stjärnor,"Moyes, Jojo",,F,transl,OTHER,hb,sell
122252,SvB_BS_166,Blå stjärnan,"Guillou, Jan",,M,no,OTHER,hb,sell
122169,SvB_BS_302,Bokhandeln på Riverside Drive,"Skybäck, Frida",,F,no,OTHER,pb,sell
121699,SvB_BS_246,Toner i natten,"Moyes, Jojo",,F,transl,OTHER,both,both
120777,SvB_BS_216,Björnstad,"Backman, Fredrik",,M,no,OTHER,pb,sell
120226,SvB_BS_282,Blodlokan,"Boije af Gennäs, Louise",,F,no,CRIME,pb,sell
119996,bstream_021,Sov du lilla videung,"Börjlind, Rolf",Cilla Börjlind,2,no,CRIME,no,strm
119240,SvB_BS_176,Arvet efter dig,"Moyes, Jojo",,F,transl,OTHER,both,both
119130,bstream_029,Den tatuerade cirkeln,"Casserfelt, Susan",,F,no,CRIME,no,strm
118136,bstream_002,"Falleri, fallera, falleralla","Gerhardsen, Carin",,F,no,CRIME,no,strm
117614,SvB_BS_157,Lejontämjaren,"Läckberg, Camilla",,F,no,CRIME,hb,both
117508,bstream_035,Se till mig som liten är,"Öhrlund, Dag",,M,no,CRIME,no,strm
117227,SvB_BS_299,Jamåhonleva,"Roslund, Anders",,M,no,CRIME,hb,sell
116640,bstream_051,Allt jag fått lära mig,"Westover, Tara",,F,transl,OTHER,no,strm
116471,bstream_020,Välkommen hem,"Schulman, Ninni",,F,no,CRIME,no,strm
116281,SvB_BS_208,1968,"Guillou, Jan",,M,no,OTHER,hb,sell
116035,bstream_022,Den hemliga kvinnan,"Ekberg, Anna",,F,no,CRIME,no,strm
114932,SvB_BS_269,En högre rättvisa,"Hjorth, Michael",Hans Rosenfeldt,M,no,CRIME,hb,both
114861,SvB_BS_205,Kvinna inför rätta,"Doughty, Louise",,F,transl,CRIME,pb,sell
114412,SvB_BS_214,Vänd dig inte om,"Alsterdal, Tove",,F,no,CRIME,pb,sell
112316,SvB_BS_196,Simma med de drunknade,"Mytting, Lars",,M,transl,OTHER,pb,sell
112033,SvB_BS_289,Den andra dödssynden,"Guillou, Jan",,M,no,OTHER,hb,sell
111664,SvB_BS_273,1793,"Natt och Dag, Niklas",,M,no,CRIME,pb,sell
111124,SvB_BS_195,Äkta amerikanska jeans,"Guillou, Jan",,M,no,OTHER,hb,sell
109836,bstream_011,Kärlek sökes,"Hjulström, Carin",,F,no,OTHER,no,strm
109557,SvB_BS_165,De underkända,"Hjorth, Michael",Hans Rosenfeldt,M,no,CRIME,hb,both
109260,SvB_BS_249,Mannen som sökte sin skugga,"Lagercrantz, David",,M,no,CRIME,hb,both
108423,SvB_BS_293,Löparna,"Tokarczuk, Olga",,F,transl,PRESTIGE,hb,sell
107859,SvB_BS_180,Etthundra mil,"Moyes, Jojo",,F,transl,OTHER,pb,sell
107011,SvB_BS_301,En helt vanlig familj,"Edvardsson, Mattias",,M,no,CRIME,pb,both
105427,bstream_037,Hämndens pris,"Lewin, Erik",,M,no,CRIME,no,strm
105000,SvB_BS_200,Störst av allt,"Persson Giolito, Malin",,F,no,CRIME,both,both
104980,SvB_BS_184,Lotus blues,"Ohlsson, Kristina",,F,no,CRIME,pb,sell
104962,SvB_BS_267,I fel sällskap,"Sten, Viveca",,F,no,CRIME,hb,sell
104596,SvB_BS_186,Öppnas i händelse av min död,"Moriarty, Liane",,F,transl,OTHER,pb,sell
104363,bstream_043,Dotter saknad,"Jansson, Anna",,F,no,CRIME,no,strm
103717,SvB_BS_271,Tre timmar,"Roslund, Anders",,M,no,CRIME,both,sell
103479,bstream_024,Tryggare kan ingen vara,"Öhrlund, Dag",,M,no,CRIME,no,strm
103212,bstream_044,Ingen lämnas kvar,"Öhrlund, Dag",,M,no,CRIME,no,strm
102524,SvB_BS_280,Strandcaféet,"Diamond, Lucy",,F,transl,OTHER,pb,sell
102476,SvB_BS_247,Kvinnan på tåget,"Hawkins, Paula",,F,transl,CRIME,pb,sell
102427,SvB_BS_248,Det lilla bageriet på strandpromenaden,"Colgan, Jenny",,F,transl,OTHER,pb,sell
102340,SvB_BS_244,Min fantastiska väninna,"Ferrante, Elena",,F,transl,OTHER,both,sell
101971,bstream_046,Snödrev,"Tursten, Helene",,F,no,CRIME,no,strm
101540,bstream_013,Motvind,"Buthler, Dan",Dag Öhrlund,M,no,CRIME,no,strm
101016,SvB_BS_278,Husdjuret,"Grebe, Camilla",,F,no,CRIME,pb,sell
100766,SvB_BS_272,Vardagar,"Lundell, Ulf",,M,no,OTHER,hb,sell
100193,SvB_BS_283,Syndafloder,"Ohlsson, Kristina",,F,no,CRIME,pb,both
99895,bstream_039,Skuggorna ruva,"Moström, Jonas",,M,no,CRIME,no,strm
99510,bstream_003,Hämnaren,"Buthler, Dan",Dag Öhrlund,M,no,CRIME,no,strm
99004,bstream_027,Trogen intill döden,"Moström, Jonas",,M,no,CRIME,no,strm
98528,SvB_BS_259,Sommar på strandpromenaden,"Colgan, Jenny",,F,transl,OTHER,pb,sell
98305,bstream_009,I sanningens namn,"Sten, Viveca",,F,no,CRIME,no,strm
98292,SvB_BS_174,Playground,"Kepler, Lars",,2,no,CRIME,hb,sell
97833,bstream_007,Skymningsflickan,"Wennstam, Katarina",,F,no,CRIME,no,strm
97768,bstream_015,Prio ett,"Schepp, Emelie",,F,no,CRIME,no,strm
97191,SvB_BS_209,Slutet på sommaren,"Motte, Anders de la",,M,no,CRIME,pb,sell
96583,SvB_BS_256,Never let me go,"Ishiguro, Kazuo",,M,transl,PRESTIGE,hb,sell
95741,SvB_BS_281,Kvinnan i fönstret,"Finn, A.J.",,M,transl,CRIME,pb,sell
95128,bstream_033,5:e Moseboken,"Larsson, Christina",,F,no,CRIME,no,strm
94609,SvB_BS_189,I maktens skugga,"Sten, Viveca",,F,no,CRIME,pb,sell
93854,bstream_018,Midnattsflickor,"Moström, Jonas",,M,no,CRIME,no,strm
93849,SvB_BS_286,Hon som måste dö,"Lagercrantz, David",,M,no,CRIME,hb,both
93228,bstream_008,En mörkare himmel : Gran Canaria,"Jungstedt, Mari",Ruben Eliassen,2,no,CRIME,no,strm
93007,SvB_BS_298,Hundraettåringen som tänkte att han tänkte för mycket,"Jonasson, Jonas",,M,no,OTHER,hb,sell
92958,SvB_BS_297,I hemlighet begravd,"Sten, Viveca",,F,no,CRIME,hb,both
92906,SvB_BS_304,Sommar på den lilla ön i havet,"Colgan, Jenny",,F,transl,OTHER,pb,sell
92560,SvB_BS_279,Den tyska flickan,"Correa, Armando Lucas",,M,transl,OTHER,pb,sell
92530,SvB_BS_292,Broder Jakob,"Schepp, Emelie",,F,no,CRIME,hb,both
92297,bstream_036,Domaren,"Öhrlund, Dag",,M,no,CRIME,no,strm
91887,bstream_004,Vita spår,"Schepp, Emelie",,F,no,CRIME,no,strm
91709,bstream_028,Prästens lilla flicka,"Casserfelt, Susan",,F,no,CRIME,no,strm
91641,bstream_042,Mitt hjärta är ditt,"Jansson, Anna",,F,no,CRIME,no,strm
91426,SvB_BS_305,Det som göms i snö,"Gerhardsen, Carin",,F,no,CRIME,pb,both
90963,bstream_010,Rädslans fångar,"Jansson, Anna",,F,no,CRIME,no,strm
90854,SvB_BS_285,Pappas pojke,"Schepp, Emelie",,F,no,CRIME,pb,both
90664,SvB_BS_169,Britt-Marie var här,"Backman, Fredrik",,M,no,OTHER,both,sell
89896,bstream_034,Nådastöten,"Larsson, Christina",,F,no,CRIME,no,strm
89709,bstream_050,Morden på Mörkö,"Karlsson, Samuel",,M,no,CRIME,no,strm
88677,bstream_025,Uppståndelsen,"Buthler, Dan",Dag Öhrlund,M,no,CRIME,no,strm
88446,SvB_BS_190,Jakthundarna,"Lier Horst, Jørn",,M,transl,CRIME,pb,sell
87503,SvB_BS_296,Folk med ångest,"Backman, Fredrik",,M,no,OTHER,hb,sell
86873,bstream_017,Mordbrännaren,"Kant, Johan",Anders Gustafson,M,no,CRIME,no,strm
86786,bstream_023,Det du inte vet,"Jansson, Anna",,F,no,CRIME,no,strm
86611,SvB_BS_274,Den lilla bokhandeln runt hörnet,"Colgan, Jenny",,F,transl,OTHER,pb,sell
85935,SvB_BS_182,Visning pågår,"Sarenbrant, Sofie",,F,no,CRIME,pb,sell
85832,SvB_BS_287,En bur av guld,"Läckberg, Camilla",,F,no,CRIME,hb,both
85697,bstream_049,Trojanen,"Ahlstedt, Mats",,M,no,CRIME,no,strm
84761,SvB_BS_257,Det förlovade landet,"Jungstedt, Mari",,F,no,CRIME,both,both
84595,SvB_BS_199,Det andra ansiktet,"Jungstedt, Mari",,F,no,CRIME,both,both
84265,bstream_040,Ondskans ansikte,"Ahlstedt, Mats",,M,no,CRIME,no,strm
83828,SvB_BS_213,Hjärtats innersta röst,"Sendker, Jan-Philipp",,M,transl,OTHER,pb,sell
83794,bstream_031,Bakom stängda dörrar,"Paris, B.A.",,F,transl,CRIME,no,strm
83628,SvB_BS_276,Bara ett barn,"Persson Giolito, Malin",,F,no,CRIME,pb,sell
83135,SvB_BS_203,De oroliga,"Ullmann, Linn",,F,no,PRESTIGE,hb,sell
83106,SvB_BS_295,Skamvrån,"Sarenbrant, Sofie",,F,no,CRIME,hb,both
82827,bstream_001,Alla kan se dig,"Jansson, Anna",,F,no,CRIME,no,strm
82506,SvB_BS_187,Stoner,"Williams, John",,M,transl,OTHER,pb,sell
80668,SvB_BS_206,Tiggaren,"Sarenbrant, Sofie",,F,no,CRIME,both,both
78198,bstream_030,Kvinnan på bänken,"Jansson, Anna",,F,no,CRIME,no,strm
77900,SvB_BS_175,Järnblod,"Marklund, Liza",,F,no,CRIME,both,both
76502,SvB_BS_275,Silvervägen,"Jackson, Stina",,F,no,CRIME,pb,both
76457,SvB_BS_207,Bakom din rygg,"Sarenbrant, Sofie",,F,no,CRIME,both,both
76232,bstream_005,Dominodöden,"Moström, Jonas",,M,no,CRIME,no,strm
75722,SvB_BS_307,Arv och miljö,"Hjorth, Vigdis",,F,transl,PRESTIGE,pb,sell
75595,SvB_BS_179,Konsten att höra hjärtslag,"Sendker, Jan-Philipp",,M,transl,OTHER,pb,sell
74986,bstream_012,Där inga ögon ser,"Öhrlund, Dag",,M,no,CRIME,no,strm
74623,SvB_BS_211,Återstoden av dagen,"Ishiguro, Kazuo",,M,transl,PRESTIGE,hb,sell
73973,SvB_BS_198,Avdelning 73,"Sarenbrant, Sofie",,F,no,CRIME,pb,both
73888,SvB_BS_268,Syndabocken,"Sarenbrant, Sofie",,F,no,CRIME,both,both
72438,SvB_BS_300,Jag for ner till bror,"Smirnoff, Karin",,F,no,PRESTIGE,pb,sell
72143,SvB_BS_260,Jul i det lilla bageriet på strandpromenaden,"Colgan, Jenny",,F,transl,OTHER,pb,sell
71593,SvB_BS_204,I varje ögonblick är vi fortfarande vid liv,"Malmquist, Tom",,M,no,PRESTIGE,pb,sell
71294,SvB_BS_277,Ensam i Paris och andra historier,"Moyes, Jojo",,F,transl,OTHER,pb,sell
71186,SvB_BS_266,Ett mörker mitt ibland oss,"Jungstedt, Mari",,F,no,CRIME,both,both
70517,bstream_014,På sex meters djup,"Rudberg, Denise",,F,no,CRIME,no,strm
69803,bstream_026,De sju som såg,"Rudberg, Denise",,F,no,CRIME,no,strm
69271,SvB_BS_170,Mördar-Anders och hans vänner samt en och annan ovän,"Jonasson, Jonas",,M,no,OTHER,both,both
64661,bstream_045,Under nio nätter,"Rudberg, Denise",,F,no,CRIME,no,strm
64349,SvB_BS_171,Allt jag inte minns,"Khemiri, Jonas Hassen",,M,no,PRESTIGE,both,sell
63487,SvB_BS_290,Jag ser dig,"Jungstedt, Mari",,F,no,CRIME,hb,sell
62997,SvB_BS_215,De kommer att drunkna i sina mödrars tårar,"Anyuru, Johannes",,M,no,PRESTIGE,hb,sell
59435,SvB_BS_303,Tatueraren i Auschwitz,"Morris, Heather",,F,transl,OTHER,pb,sell
58190,SvB_BS_188,I skymningen sjunger koltrasten,"Olsson, Linda",,F,no,OTHER,pb,sell
50326,SvB_BS_263,Bränn alla mina brev,"Schulman, Alex",,M,no,OTHER,both,both
48455,SvB_BS_202,Glöm mig,"Schulman, Alex",,M,no,OTHER,both,sell
43119,bstream_048,Sista färjan från Ystad,"Alfredsson, Karin",,F,no,CRIME,no,strm
39048,SvB_BS_173,Det är något som inte stämmer,"Haag, Martina",,F,no,OTHER,both,both
22505,bstream_038,Änglabarnet,"Kant, Johan",Anders Gustafson,M,no,CRIME,no,strm
12781,bstream_016,Svart stjärna - S1E1,"Ersgård, Jesper",Joakim Ersgård,M,no,OTHER,no,strm
