p_pp,id,title,author1,author2,author_gender,translation,category,frmt1,frmt2
107286,SvB_BS_293,Löparna,"Tokarczuk, Olga",,F,transl,PRESTIGE,hb,sell
103998,SvB_BS_273,1793,"Natt och Dag, Niklas",,M,no,CRIME,pb,sell
101261,SvB_BS_170,Mördar-Anders och hans vänner samt en och annan ovän,"Jonasson, Jonas",,M,no,OTHER,both,both
101156,SvB_BS_264,De som dödar drömmar sover aldrig,"Guillou, Jan",,M,no,OTHER,hb,sell
100032,SvB_BS_289,Den andra dödssynden,"Guillou, Jan",,M,no,OTHER,hb,sell
99860,SvB_BS_288,1794,"Natt och Dag, Niklas",,M,no,CRIME,hb,sell
99643,SvB_BS_215,De kommer att drunkna i sina mödrars tårar,"Anyuru, Johannes",,M,no,PRESTIGE,hb,sell
99378,SvB_BS_193,Kaninjägaren,"Kepler, Lars",,2,no,CRIME,both,both
98036,SvB_BS_197,Ljuset vi inte ser,"Doerr, Anthony",,M,transl,OTHER,pb,sell
97768,SvB_BS_208,1968,"Guillou, Jan",,M,no,OTHER,hb,sell
97593,SvB_BS_261,Lazarus,"Kepler, Lars",,2,no,CRIME,hb,both
96604,SvB_BS_298,Hundraettåringen som tänkte att han tänkte för mycket,"Jonasson, Jonas",,M,no,OTHER,hb,sell
96391,bstream_002,"Falleri, fallera, falleralla","Gerhardsen, Carin",,F,no,CRIME,no,strm
95544,SvB_BS_190,Jakthundarna,"Lier Horst, Jørn",,M,transl,CRIME,pb,sell
95504,SvB_BS_155,Stalker,"Kepler, Lars",,2,no,CRIME,both,both
95467,SvB_BS_179,Konsten att höra hjärtslag,"Sendker, Jan-Philipp",,M,transl,OTHER,pb,sell
95079,SvB_BS_257,Det förlovade landet,"Jungstedt, Mari",,F,no,CRIME,both,both
93931,bstream_038,Änglabarnet,"Kant, Johan",Anders Gustafson,M,no,CRIME,no,strm
93274,SvB_BS_263,Bränn alla mina brev,"Schulman, Alex",,M,no,OTHER,both,both
93048,SvB_BS_166,Blå stjärnan,"Guillou, Jan",,M,no,OTHER,hb,sell
92792,SvB_BS_250,Begynnelse,"Brown, Dan",,M,transl,CRIME,both,sell
92789,bstream_003,Hämnaren,"Buthler, Dan",Dag Öhrlund,M,no,CRIME,no,strm
92722,SvB_BS_195,Äkta amerikanska jeans,"Guillou, Jan",,M,no,OTHER,hb,sell
92653,bstream_040,Ondskans ansikte,"Ahlstedt, Mats",,M,no,CRIME,no,strm
92624,SvB_BS_275,Silvervägen,"Jackson, Stina",,F,no,CRIME,pb,both
92588,SvB_BS_205,Kvinna inför rätta,"Doughty, Louise",,F,transl,CRIME,pb,sell
92432,bstream_008,En mörkare himmel : Gran Canaria,"Jungstedt, Mari",Ruben Eliassen,2,no,CRIME,no,strm
92356,SvB_BS_211,Återstoden av dagen,"Ishiguro, Kazuo",,M,transl,PRESTIGE,hb,sell
92223,bstream_049,Trojanen,"Ahlstedt, Mats",,M,no,CRIME,no,strm
91751,bstream_050,Morden på Mörkö,"Karlsson, Samuel",,M,no,CRIME,no,strm
91467,SvB_BS_201,Snövit ska dö,"Neuhaus, Nele",,F,transl,CRIME,pb,sell
91432,SvB_BS_290,Jag ser dig,"Jungstedt, Mari",,F,no,CRIME,hb,sell
91355,bstream_028,Prästens lilla flicka,"Casserfelt, Susan",,F,no,CRIME,no,strm
91254,SvB_BS_279,Den tyska flickan,"Correa, Armando Lucas",,M,transl,OTHER,pb,sell
91249,SvB_BS_174,Playground,"Kepler, Lars",,2,no,CRIME,hb,sell
91089,SvB_BS_305,Det som göms i snö,"Gerhardsen, Carin",,F,no,CRIME,pb,both
90846,SvB_BS_196,Simma med de drunknade,"Mytting, Lars",,M,transl,OTHER,pb,sell
90768,SvB_BS_262,Till minne av en villkorslös kärlek,"Gardell, Jonas",,M,no,OTHER,hb,sell
90696,SvB_BS_168,Bombmakaren och hans kvinna,"Persson, Leif GW",,M,no,CRIME,hb,both
90215,bstream_046,Snödrev,"Tursten, Helene",,F,no,CRIME,no,strm
89804,SvB_BS_266,Ett mörker mitt ibland oss,"Jungstedt, Mari",,F,no,CRIME,both,both
89670,SvB_BS_306,Motiv X,"Ahnhem, Stefan",,M,no,CRIME,pb,sell
89613,bstream_017,Mordbrännaren,"Kant, Johan",Anders Gustafson,M,no,CRIME,no,strm
89501,bstream_037,Hämndens pris,"Lewin, Erik",,M,no,CRIME,no,strm
89488,SvB_BS_307,Arv och miljö,"Hjorth, Vigdis",,F,transl,PRESTIGE,pb,sell
89389,bstream_013,Motvind,"Buthler, Dan",Dag Öhrlund,M,no,CRIME,no,strm
89088,bstream_025,Uppståndelsen,"Buthler, Dan",Dag Öhrlund,M,no,CRIME,no,strm
89084,bstream_051,Allt jag fått lära mig,"Westover, Tara",,F,transl,OTHER,no,strm
89036,SvB_BS_199,Det andra ansiktet,"Jungstedt, Mari",,F,no,CRIME,both,both
88937,bstream_029,Den tatuerade cirkeln,"Casserfelt, Susan",,F,no,CRIME,no,strm
88912,bstream_027,Trogen intill döden,"Moström, Jonas",,M,no,CRIME,no,strm
88785,bstream_018,Midnattsflickor,"Moström, Jonas",,M,no,CRIME,no,strm
88762,SvB_BS_244,Min fantastiska väninna,"Ferrante, Elena",,F,transl,OTHER,both,sell
88662,bstream_047,Offer 2117,"Adler-Olsen, Jussi",,M,transl,CRIME,no,strm
88525,SvB_BS_175,Järnblod,"Marklund, Liza",,F,no,CRIME,both,both
88468,SvB_BS_210,Arton grader minus,"Ahnhem, Stefan",,M,no,CRIME,pb,sell
88294,bstream_034,Nådastöten,"Larsson, Christina",,F,no,CRIME,no,strm
88288,bstream_010,Rädslans fångar,"Jansson, Anna",,F,no,CRIME,no,strm
88134,bstream_033,5:e Moseboken,"Larsson, Christina",,F,no,CRIME,no,strm
88016,bstream_023,Det du inte vet,"Jansson, Anna",,F,no,CRIME,no,strm
87853,bstream_005,Dominodöden,"Moström, Jonas",,M,no,CRIME,no,strm
87803,SvB_BS_187,Stoner,"Williams, John",,M,transl,OTHER,pb,sell
87672,bstream_007,Skymningsflickan,"Wennstam, Katarina",,F,no,CRIME,no,strm
87538,SvB_BS_258,Selfies,"Adler-Olsen, Jussi",,M,transl,CRIME,hb,both
87533,SvB_BS_194,Kan man dö två gånger?,"Persson, Leif GW",,M,no,CRIME,both,both
87386,SvB_BS_278,Husdjuret,"Grebe, Camilla",,F,no,CRIME,pb,sell
87326,SvB_BS_271,Tre timmar,"Roslund, Anders",,M,no,CRIME,both,sell
86843,bstream_006,Den gränslöse,"Adler-Olsen, Jussi",,M,transl,CRIME,no,strm
86811,bstream_021,Sov du lilla videung,"Börjlind, Rolf",Cilla Börjlind,2,no,CRIME,no,strm
86674,SvB_BS_294,Bergens stjärnor,"Moyes, Jojo",,F,transl,OTHER,hb,sell
86630,SvB_BS_202,Glöm mig,"Schulman, Alex",,M,no,OTHER,both,sell
86627,SvB_BS_209,Slutet på sommaren,"Motte, Anders de la",,M,no,CRIME,pb,sell
86573,SvB_BS_213,Hjärtats innersta röst,"Sendker, Jan-Philipp",,M,transl,OTHER,pb,sell
86516,SvB_BS_189,I maktens skugga,"Sten, Viveca",,F,no,CRIME,pb,sell
86401,SvB_BS_216,Björnstad,"Backman, Fredrik",,M,no,OTHER,pb,sell
86354,bstream_016,Svart stjärna - S1E1,"Ersgård, Jesper",Joakim Ersgård,M,no,OTHER,no,strm
86273,SvB_BS_303,Tatueraren i Auschwitz,"Morris, Heather",,F,transl,OTHER,pb,sell
85776,bstream_001,Alla kan se dig,"Jansson, Anna",,F,no,CRIME,no,strm
85660,bstream_009,I sanningens namn,"Sten, Viveca",,F,no,CRIME,no,strm
85593,bstream_039,Skuggorna ruva,"Moström, Jonas",,M,no,CRIME,no,strm
85543,SvB_BS_284,Höstdåd,"Motte, Anders de la",,M,no,CRIME,pb,sell
85480,SvB_BS_282,Blodlokan,"Boije af Gennäs, Louise",,F,no,CRIME,pb,sell
85465,SvB_BS_300,Jag for ner till bror,"Smirnoff, Karin",,F,no,PRESTIGE,pb,sell
85355,SvB_BS_192,Tre minuter,"Roslund, Anders",Börge Hellström,M,no,CRIME,hb,sell
84917,bstream_043,Dotter saknad,"Jansson, Anna",,F,no,CRIME,no,strm
84825,SvB_BS_206,Tiggaren,"Sarenbrant, Sofie",,F,no,CRIME,both,both
83948,SvB_BS_299,Jamåhonleva,"Roslund, Anders",,M,no,CRIME,hb,sell
83799,SvB_BS_191,Den stumma flickan,"Hjorth, Michael",Hans Rosenfeldt,M,no,CRIME,pb,sell
83794,SvB_BS_291,Kniv,"Nesbø, Jo",,M,transl,CRIME,hb,sell
83733,SvB_BS_185,Offer utan ansikte,"Ahnhem, Stefan",,M,no,CRIME,pb,sell
83577,SvB_BS_272,Vardagar,"Lundell, Ulf",,M,no,OTHER,hb,sell
83569,bstream_014,På sex meters djup,"Rudberg, Denise",,F,no,CRIME,no,strm
83496,SvB_BS_267,I fel sällskap,"Sten, Viveca",,F,no,CRIME,hb,sell
83417,bstream_030,Kvinnan på bänken,"Jansson, Anna",,F,no,CRIME,no,strm
83382,SvB_BS_297,I hemlighet begravd,"Sten, Viveca",,F,no,CRIME,hb,both
83218,SvB_BS_182,Visning pågår,"Sarenbrant, Sofie",,F,no,CRIME,pb,sell
83180,SvB_BS_256,Never let me go,"Ishiguro, Kazuo",,M,transl,PRESTIGE,hb,sell
82988,bstream_004,Vita spår,"Schepp, Emelie",,F,no,CRIME,no,strm
82867,bstream_042,Mitt hjärta är ditt,"Jansson, Anna",,F,no,CRIME,no,strm
82840,SvB_BS_287,En bur av guld,"Läckberg, Camilla",,F,no,CRIME,hb,both
82772,SvB_BS_169,Britt-Marie var här,"Backman, Fredrik",,M,no,OTHER,both,sell
82738,bstream_048,Sista färjan från Ystad,"Alfredsson, Karin",,F,no,CRIME,no,strm
82718,SvB_BS_214,Vänd dig inte om,"Alsterdal, Tove",,F,no,CRIME,pb,sell
82682,SvB_BS_269,En högre rättvisa,"Hjorth, Michael",Hans Rosenfeldt,M,no,CRIME,hb,both
82674,SvB_BS_252,Det förlorade barnet,"Ferrante, Elena",,F,transl,PRESTIGE,hb,sell
82608,bstream_036,Domaren,"Öhrlund, Dag",,M,no,CRIME,no,strm
82512,SvB_BS_265,En andra chans,"Moyes, Jojo",,F,transl,OTHER,both,both
82493,SvB_BS_253,"Den som stannar, den som går","Ferrante, Elena",,F,transl,OTHER,hb,sell
82476,SvB_BS_245,Hennes nya namn,"Ferrante, Elena",,F,transl,OTHER,hb,sell
82414,SvB_BS_165,De underkända,"Hjorth, Michael",Hans Rosenfeldt,M,no,CRIME,hb,both
82392,SvB_BS_292,Broder Jakob,"Schepp, Emelie",,F,no,CRIME,hb,both
82348,SvB_BS_177,Björndansen,"Roslund, Anders",Stefan Thunberg,M,no,CRIME,hb,sell
82312,SvB_BS_161,Sonen,"Nesbø, Jo",,M,transl,CRIME,both,sell
82267,SvB_BS_173,Det är något som inte stämmer,"Haag, Martina",,F,no,OTHER,both,both
82184,SvB_BS_249,Mannen som sökte sin skugga,"Lagercrantz, David",,M,no,CRIME,hb,both
82061,SvB_BS_198,Avdelning 73,"Sarenbrant, Sofie",,F,no,CRIME,pb,both
82056,SvB_BS_276,Bara ett barn,"Persson Giolito, Malin",,F,no,CRIME,pb,sell
81890,SvB_BS_301,En helt vanlig familj,"Edvardsson, Mattias",,M,no,CRIME,pb,both
81883,SvB_BS_204,I varje ögonblick är vi fortfarande vid liv,"Malmquist, Tom",,M,no,PRESTIGE,pb,sell
81706,SvB_BS_158,VIP-rummet,"Lapidus, Jens",,M,no,CRIME,hb,sell
81677,SvB_BS_172,STHLM Delete,"Lapidus, Jens",,M,no,CRIME,both,both
81520,SvB_BS_203,De oroliga,"Ullmann, Linn",,F,no,PRESTIGE,hb,sell
81345,SvB_BS_285,Pappas pojke,"Schepp, Emelie",,F,no,CRIME,pb,both
81335,SvB_BS_251,Häxan,"Läckberg, Camilla",,F,no,CRIME,both,both
81040,bstream_024,Tryggare kan ingen vara,"Öhrlund, Dag",,M,no,CRIME,no,strm
80970,bstream_012,Där inga ögon ser,"Öhrlund, Dag",,M,no,CRIME,no,strm
80852,SvB_BS_207,Bakom din rygg,"Sarenbrant, Sofie",,F,no,CRIME,both,both
80596,SvB_BS_212,Ett litet liv,"Yanagihara, Hanya",,F,transl,PRESTIGE,pb,sell
80592,bstream_045,Under nio nätter,"Rudberg, Denise",,F,no,CRIME,no,strm
80439,SvB_BS_247,Kvinnan på tåget,"Hawkins, Paula",,F,transl,CRIME,pb,sell
80438,bstream_022,Den hemliga kvinnan,"Ekberg, Anna",,F,no,CRIME,no,strm
80241,SvB_BS_286,Hon som måste dö,"Lagercrantz, David",,M,no,CRIME,hb,both
80197,bstream_035,Se till mig som liten är,"Öhrlund, Dag",,M,no,CRIME,no,strm
80097,bstream_015,Prio ett,"Schepp, Emelie",,F,no,CRIME,no,strm
80008,bstream_031,Bakom stängda dörrar,"Paris, B.A.",,F,transl,CRIME,no,strm
79821,bstream_026,De sju som såg,"Rudberg, Denise",,F,no,CRIME,no,strm
79630,SvB_BS_178,Liv till varje pris,"Sandberg, Kristina",,F,no,PRESTIGE,hb,sell
79552,SvB_BS_295,Skamvrån,"Sarenbrant, Sofie",,F,no,CRIME,hb,both
79521,SvB_BS_277,Ensam i Paris och andra historier,"Moyes, Jojo",,F,transl,OTHER,pb,sell
79487,SvB_BS_167,Det som inte dödar oss,"Lagercrantz, David",,M,no,CRIME,both,both
79074,bstream_020,Välkommen hem,"Schulman, Ninni",,F,no,CRIME,no,strm
79020,SvB_BS_157,Lejontämjaren,"Läckberg, Camilla",,F,no,CRIME,hb,both
78819,SvB_BS_200,Störst av allt,"Persson Giolito, Malin",,F,no,CRIME,both,both
78816,SvB_BS_181,Sista brevet från din älskade,"Moyes, Jojo",,F,transl,OTHER,pb,sell
78739,bstream_019,När livet börjar om,"Dillon, Lucy",,F,transl,OTHER,no,strm
78500,SvB_BS_255,Törst,"Nesbø, Jo",,M,transl,CRIME,hb,both
78411,SvB_BS_246,Toner i natten,"Moyes, Jojo",,F,transl,OTHER,both,both
78303,bstream_044,Ingen lämnas kvar,"Öhrlund, Dag",,M,no,CRIME,no,strm
78128,SvB_BS_281,Kvinnan i fönstret,"Finn, A.J.",,M,transl,CRIME,pb,sell
78083,SvB_BS_302,Bokhandeln på Riverside Drive,"Skybäck, Frida",,F,no,OTHER,pb,sell
77726,SvB_BS_180,Etthundra mil,"Moyes, Jojo",,F,transl,OTHER,pb,sell
77564,SvB_BS_270,De vänsterhäntas förening,"Nesser, Håkan",,M,no,CRIME,both,sell
77377,SvB_BS_171,Allt jag inte minns,"Khemiri, Jonas Hassen",,M,no,PRESTIGE,both,sell
77259,SvB_BS_186,Öppnas i händelse av min död,"Moriarty, Liane",,F,transl,OTHER,pb,sell
76521,SvB_BS_156,Gone Girl,"Flynn, Gillian",,F,transl,CRIME,pb,sell
76453,SvB_BS_268,Syndabocken,"Sarenbrant, Sofie",,F,no,CRIME,both,both
76415,SvB_BS_176,Arvet efter dig,"Moyes, Jojo",,F,transl,OTHER,both,both
76239,SvB_BS_254,Top Dogg,"Lapidus, Jens",,M,no,CRIME,hb,both
76092,SvB_BS_184,Lotus blues,"Ohlsson, Kristina",,F,no,CRIME,pb,sell
75888,SvB_BS_163,Jag heter inte Miriam,"Axelsson, Majgull",,F,no,OTHER,both,sell
75861,bstream_011,Kärlek sökes,"Hjulström, Carin",,F,no,OTHER,no,strm
74219,SvB_BS_274,Den lilla bokhandeln runt hörnet,"Colgan, Jenny",,F,transl,OTHER,pb,sell
73859,SvB_BS_188,I skymningen sjunger koltrasten,"Olsson, Linda",,F,no,OTHER,pb,sell
73466,SvB_BS_304,Sommar på den lilla ön i havet,"Colgan, Jenny",,F,transl,OTHER,pb,sell
73264,SvB_BS_296,Folk med ångest,"Backman, Fredrik",,M,no,OTHER,hb,sell
73252,SvB_BS_248,Det lilla bageriet på strandpromenaden,"Colgan, Jenny",,F,transl,OTHER,pb,sell
72678,SvB_BS_259,Sommar på strandpromenaden,"Colgan, Jenny",,F,transl,OTHER,pb,sell
71956,SvB_BS_283,Syndafloder,"Ohlsson, Kristina",,F,no,CRIME,pb,both
71690,SvB_BS_183,Att föda ett barn,"Sandberg, Kristina",,F,no,OTHER,pb,sell
71611,SvB_BS_280,Strandcaféet,"Diamond, Lucy",,F,transl,OTHER,pb,sell
70411,SvB_BS_260,Jul i det lilla bageriet på strandpromenaden,"Colgan, Jenny",,F,transl,OTHER,pb,sell
68984,SvB_BS_308,På egen hand,"Keyes, Marian",,M,transl,OTHER,pb,sell
