p_pc,id,title,author1,author2,author_gender,translation,category,frmt1,frmt2
18448,SvB_BS_293,Löparna,"Tokarczuk, Olga",,F,transl,PRESTIGE,hb,sell
16517,SvB_BS_289,Den andra dödssynden,"Guillou, Jan",,M,no,OTHER,hb,sell
16284,SvB_BS_264,De som dödar drömmar sover aldrig,"Guillou, Jan",,M,no,OTHER,hb,sell
15434,SvB_BS_250,Begynnelse,"Brown, Dan",,M,transl,CRIME,both,sell
15187,SvB_BS_208,1968,"Guillou, Jan",,M,no,OTHER,hb,sell
13343,SvB_BS_288,1794,"Natt och Dag, Niklas",,M,no,CRIME,hb,sell
13311,SvB_BS_215,De kommer att drunkna i sina mödrars tårar,"Anyuru, Johannes",,M,no,PRESTIGE,hb,sell
12916,SvB_BS_166,Blå stjärnan,"Guillou, Jan",,M,no,OTHER,hb,sell
12896,bstream_002,"Falleri, fallera, falleralla","Gerhardsen, Carin",,F,no,CRIME,no,strm
12855,bstream_046,Snödrev,"Tursten, Helene",,F,no,CRIME,no,strm
12816,SvB_BS_197,Ljuset vi inte ser,"Doerr, Anthony",,M,transl,OTHER,pb,sell
12729,SvB_BS_193,Kaninjägaren,"Kepler, Lars",,2,no,CRIME,both,both
12647,SvB_BS_273,1793,"Natt och Dag, Niklas",,M,no,CRIME,pb,sell
12368,bstream_038,Änglabarnet,"Kant, Johan",Anders Gustafson,M,no,CRIME,no,strm
12039,SvB_BS_192,Tre minuter,"Roslund, Anders",Börge Hellström,M,no,CRIME,hb,sell
12013,SvB_BS_170,Mördar-Anders och hans vänner samt en och annan ovän,"Jonasson, Jonas",,M,no,OTHER,both,both
11970,SvB_BS_187,Stoner,"Williams, John",,M,transl,OTHER,pb,sell
11825,SvB_BS_298,Hundraettåringen som tänkte att han tänkte för mycket,"Jonasson, Jonas",,M,no,OTHER,hb,sell
11809,SvB_BS_155,Stalker,"Kepler, Lars",,2,no,CRIME,both,both
11736,SvB_BS_199,Det andra ansiktet,"Jungstedt, Mari",,F,no,CRIME,both,both
11625,SvB_BS_174,Playground,"Kepler, Lars",,2,no,CRIME,hb,sell
11432,SvB_BS_305,Det som göms i snö,"Gerhardsen, Carin",,F,no,CRIME,pb,both
11361,SvB_BS_272,Vardagar,"Lundell, Ulf",,M,no,OTHER,hb,sell
11328,SvB_BS_261,Lazarus,"Kepler, Lars",,2,no,CRIME,hb,both
11310,bstream_025,Uppståndelsen,"Buthler, Dan",Dag Öhrlund,M,no,CRIME,no,strm
11273,SvB_BS_257,Det förlovade landet,"Jungstedt, Mari",,F,no,CRIME,both,both
11256,bstream_040,Ondskans ansikte,"Ahlstedt, Mats",,M,no,CRIME,no,strm
11211,SvB_BS_262,Till minne av en villkorslös kärlek,"Gardell, Jonas",,M,no,OTHER,hb,sell
11186,bstream_047,Offer 2117,"Adler-Olsen, Jussi",,M,transl,CRIME,no,strm
11008,SvB_BS_258,Selfies,"Adler-Olsen, Jussi",,M,transl,CRIME,hb,both
10950,bstream_014,På sex meters djup,"Rudberg, Denise",,F,no,CRIME,no,strm
10945,bstream_037,Hämndens pris,"Lewin, Erik",,M,no,CRIME,no,strm
10904,bstream_008,En mörkare himmel : Gran Canaria,"Jungstedt, Mari",Ruben Eliassen,2,no,CRIME,no,strm
10840,bstream_018,Midnattsflickor,"Moström, Jonas",,M,no,CRIME,no,strm
10799,bstream_003,Hämnaren,"Buthler, Dan",Dag Öhrlund,M,no,CRIME,no,strm
10752,SvB_BS_205,Kvinna inför rätta,"Doughty, Louise",,F,transl,CRIME,pb,sell
10720,bstream_049,Trojanen,"Ahlstedt, Mats",,M,no,CRIME,no,strm
10652,SvB_BS_307,Arv och miljö,"Hjorth, Vigdis",,F,transl,PRESTIGE,pb,sell
10638,SvB_BS_306,Motiv X,"Ahnhem, Stefan",,M,no,CRIME,pb,sell
10527,SvB_BS_299,Jamåhonleva,"Roslund, Anders",,M,no,CRIME,hb,sell
10525,bstream_013,Motvind,"Buthler, Dan",Dag Öhrlund,M,no,CRIME,no,strm
10498,SvB_BS_201,Snövit ska dö,"Neuhaus, Nele",,F,transl,CRIME,pb,sell
10487,bstream_017,Mordbrännaren,"Kant, Johan",Anders Gustafson,M,no,CRIME,no,strm
10469,bstream_007,Skymningsflickan,"Wennstam, Katarina",,F,no,CRIME,no,strm
10460,bstream_006,Den gränslöse,"Adler-Olsen, Jussi",,M,transl,CRIME,no,strm
10446,SvB_BS_165,De underkända,"Hjorth, Michael",Hans Rosenfeldt,M,no,CRIME,hb,both
10396,bstream_001,Alla kan se dig,"Jansson, Anna",,F,no,CRIME,no,strm
10385,bstream_023,Det du inte vet,"Jansson, Anna",,F,no,CRIME,no,strm
10359,SvB_BS_211,Återstoden av dagen,"Ishiguro, Kazuo",,M,transl,PRESTIGE,hb,sell
10358,SvB_BS_190,Jakthundarna,"Lier Horst, Jørn",,M,transl,CRIME,pb,sell
10347,bstream_043,Dotter saknad,"Jansson, Anna",,F,no,CRIME,no,strm
10327,SvB_BS_213,Hjärtats innersta röst,"Sendker, Jan-Philipp",,M,transl,OTHER,pb,sell
10321,SvB_BS_210,Arton grader minus,"Ahnhem, Stefan",,M,no,CRIME,pb,sell
10299,SvB_BS_181,Sista brevet från din älskade,"Moyes, Jojo",,F,transl,OTHER,pb,sell
10255,bstream_036,Domaren,"Öhrlund, Dag",,M,no,CRIME,no,strm
10235,SvB_BS_196,Simma med de drunknade,"Mytting, Lars",,M,transl,OTHER,pb,sell
10220,SvB_BS_191,Den stumma flickan,"Hjorth, Michael",Hans Rosenfeldt,M,no,CRIME,pb,sell
10218,bstream_034,Nådastöten,"Larsson, Christina",,F,no,CRIME,no,strm
10197,SvB_BS_183,Att föda ett barn,"Sandberg, Kristina",,F,no,OTHER,pb,sell
10175,SvB_BS_279,Den tyska flickan,"Correa, Armando Lucas",,M,transl,OTHER,pb,sell
10171,SvB_BS_175,Järnblod,"Marklund, Liza",,F,no,CRIME,both,both
10141,bstream_030,Kvinnan på bänken,"Jansson, Anna",,F,no,CRIME,no,strm
10137,bstream_050,Morden på Mörkö,"Karlsson, Samuel",,M,no,CRIME,no,strm
10136,SvB_BS_198,Avdelning 73,"Sarenbrant, Sofie",,F,no,CRIME,pb,both
10134,SvB_BS_266,Ett mörker mitt ibland oss,"Jungstedt, Mari",,F,no,CRIME,both,both
10126,SvB_BS_308,På egen hand,"Keyes, Marian",,M,transl,OTHER,pb,sell
10067,bstream_010,Rädslans fångar,"Jansson, Anna",,F,no,CRIME,no,strm
10047,SvB_BS_167,Det som inte dödar oss,"Lagercrantz, David",,M,no,CRIME,both,both
9990,SvB_BS_156,Gone Girl,"Flynn, Gillian",,F,transl,CRIME,pb,sell
9981,bstream_028,Prästens lilla flicka,"Casserfelt, Susan",,F,no,CRIME,no,strm
9979,bstream_022,Den hemliga kvinnan,"Ekberg, Anna",,F,no,CRIME,no,strm
9901,bstream_042,Mitt hjärta är ditt,"Jansson, Anna",,F,no,CRIME,no,strm
9873,SvB_BS_249,Mannen som sökte sin skugga,"Lagercrantz, David",,M,no,CRIME,hb,both
9858,SvB_BS_290,Jag ser dig,"Jungstedt, Mari",,F,no,CRIME,hb,sell
9842,SvB_BS_269,En högre rättvisa,"Hjorth, Michael",Hans Rosenfeldt,M,no,CRIME,hb,both
9838,bstream_005,Dominodöden,"Moström, Jonas",,M,no,CRIME,no,strm
9806,SvB_BS_179,Konsten att höra hjärtslag,"Sendker, Jan-Philipp",,M,transl,OTHER,pb,sell
9785,bstream_029,Den tatuerade cirkeln,"Casserfelt, Susan",,F,no,CRIME,no,strm
9782,SvB_BS_168,Bombmakaren och hans kvinna,"Persson, Leif GW",,M,no,CRIME,hb,both
9739,bstream_039,Skuggorna ruva,"Moström, Jonas",,M,no,CRIME,no,strm
9738,bstream_016,Svart stjärna - S1E1,"Ersgård, Jesper",Joakim Ersgård,M,no,OTHER,no,strm
9720,SvB_BS_291,Kniv,"Nesbø, Jo",,M,transl,CRIME,hb,sell
9679,SvB_BS_182,Visning pågår,"Sarenbrant, Sofie",,F,no,CRIME,pb,sell
9655,SvB_BS_275,Silvervägen,"Jackson, Stina",,F,no,CRIME,pb,both
9644,SvB_BS_248,Det lilla bageriet på strandpromenaden,"Colgan, Jenny",,F,transl,OTHER,pb,sell
9644,SvB_BS_294,Bergens stjärnor,"Moyes, Jojo",,F,transl,OTHER,hb,sell
9610,SvB_BS_186,Öppnas i händelse av min död,"Moriarty, Liane",,F,transl,OTHER,pb,sell
9587,bstream_048,Sista färjan från Ystad,"Alfredsson, Karin",,F,no,CRIME,no,strm
9562,SvB_BS_185,Offer utan ansikte,"Ahnhem, Stefan",,M,no,CRIME,pb,sell
9504,bstream_035,Se till mig som liten är,"Öhrlund, Dag",,M,no,CRIME,no,strm
9466,bstream_045,Under nio nätter,"Rudberg, Denise",,F,no,CRIME,no,strm
9425,bstream_004,Vita spår,"Schepp, Emelie",,F,no,CRIME,no,strm
9331,SvB_BS_271,Tre timmar,"Roslund, Anders",,M,no,CRIME,both,sell
9325,bstream_027,Trogen intill döden,"Moström, Jonas",,M,no,CRIME,no,strm
9317,SvB_BS_212,Ett litet liv,"Yanagihara, Hanya",,F,transl,PRESTIGE,pb,sell
9299,SvB_BS_270,De vänsterhäntas förening,"Nesser, Håkan",,M,no,CRIME,both,sell
9271,SvB_BS_161,Sonen,"Nesbø, Jo",,M,transl,CRIME,both,sell
9269,bstream_051,Allt jag fått lära mig,"Westover, Tara",,F,transl,OTHER,no,strm
9249,bstream_026,De sju som såg,"Rudberg, Denise",,F,no,CRIME,no,strm
9230,SvB_BS_282,Blodlokan,"Boije af Gennäs, Louise",,F,no,CRIME,pb,sell
9210,bstream_021,Sov du lilla videung,"Börjlind, Rolf",Cilla Börjlind,2,no,CRIME,no,strm
9200,bstream_033,5:e Moseboken,"Larsson, Christina",,F,no,CRIME,no,strm
9191,SvB_BS_245,Hennes nya namn,"Ferrante, Elena",,F,transl,OTHER,hb,sell
9188,bstream_024,Tryggare kan ingen vara,"Öhrlund, Dag",,M,no,CRIME,no,strm
9154,SvB_BS_244,Min fantastiska väninna,"Ferrante, Elena",,F,transl,OTHER,both,sell
9134,SvB_BS_278,Husdjuret,"Grebe, Camilla",,F,no,CRIME,pb,sell
9133,SvB_BS_276,Bara ett barn,"Persson Giolito, Malin",,F,no,CRIME,pb,sell
9111,SvB_BS_252,Det förlorade barnet,"Ferrante, Elena",,F,transl,PRESTIGE,hb,sell
9080,bstream_011,Kärlek sökes,"Hjulström, Carin",,F,no,OTHER,no,strm
9066,bstream_019,När livet börjar om,"Dillon, Lucy",,F,transl,OTHER,no,strm
9058,SvB_BS_253,"Den som stannar, den som går","Ferrante, Elena",,F,transl,OTHER,hb,sell
9040,SvB_BS_287,En bur av guld,"Läckberg, Camilla",,F,no,CRIME,hb,both
9030,SvB_BS_284,Höstdåd,"Motte, Anders de la",,M,no,CRIME,pb,sell
8972,SvB_BS_304,Sommar på den lilla ön i havet,"Colgan, Jenny",,F,transl,OTHER,pb,sell
8967,SvB_BS_195,Äkta amerikanska jeans,"Guillou, Jan",,M,no,OTHER,hb,sell
8959,SvB_BS_178,Liv till varje pris,"Sandberg, Kristina",,F,no,PRESTIGE,hb,sell
8940,SvB_BS_206,Tiggaren,"Sarenbrant, Sofie",,F,no,CRIME,both,both
8932,SvB_BS_177,Björndansen,"Roslund, Anders",Stefan Thunberg,M,no,CRIME,hb,sell
8927,bstream_012,Där inga ögon ser,"Öhrlund, Dag",,M,no,CRIME,no,strm
8895,SvB_BS_259,Sommar på strandpromenaden,"Colgan, Jenny",,F,transl,OTHER,pb,sell
8874,SvB_BS_263,Bränn alla mina brev,"Schulman, Alex",,M,no,OTHER,both,both
8869,SvB_BS_274,Den lilla bokhandeln runt hörnet,"Colgan, Jenny",,F,transl,OTHER,pb,sell
8865,SvB_BS_255,Törst,"Nesbø, Jo",,M,transl,CRIME,hb,both
8832,SvB_BS_267,I fel sällskap,"Sten, Viveca",,F,no,CRIME,hb,sell
8816,SvB_BS_286,Hon som måste dö,"Lagercrantz, David",,M,no,CRIME,hb,both
8806,SvB_BS_209,Slutet på sommaren,"Motte, Anders de la",,M,no,CRIME,pb,sell
8800,SvB_BS_246,Toner i natten,"Moyes, Jojo",,F,transl,OTHER,both,both
8776,SvB_BS_188,I skymningen sjunger koltrasten,"Olsson, Linda",,F,no,OTHER,pb,sell
8712,SvB_BS_303,Tatueraren i Auschwitz,"Morris, Heather",,F,transl,OTHER,pb,sell
8690,SvB_BS_268,Syndabocken,"Sarenbrant, Sofie",,F,no,CRIME,both,both
8651,bstream_015,Prio ett,"Schepp, Emelie",,F,no,CRIME,no,strm
8641,SvB_BS_172,STHLM Delete,"Lapidus, Jens",,M,no,CRIME,both,both
8572,SvB_BS_265,En andra chans,"Moyes, Jojo",,F,transl,OTHER,both,both
8482,SvB_BS_194,Kan man dö två gånger?,"Persson, Leif GW",,M,no,CRIME,both,both
8482,SvB_BS_200,Störst av allt,"Persson Giolito, Malin",,F,no,CRIME,both,both
8438,SvB_BS_301,En helt vanlig familj,"Edvardsson, Mattias",,M,no,CRIME,pb,both
8435,SvB_BS_260,Jul i det lilla bageriet på strandpromenaden,"Colgan, Jenny",,F,transl,OTHER,pb,sell
8431,SvB_BS_207,Bakom din rygg,"Sarenbrant, Sofie",,F,no,CRIME,both,both
8425,SvB_BS_214,Vänd dig inte om,"Alsterdal, Tove",,F,no,CRIME,pb,sell
8418,bstream_044,Ingen lämnas kvar,"Öhrlund, Dag",,M,no,CRIME,no,strm
8414,SvB_BS_295,Skamvrån,"Sarenbrant, Sofie",,F,no,CRIME,hb,both
8385,SvB_BS_189,I maktens skugga,"Sten, Viveca",,F,no,CRIME,pb,sell
8347,bstream_009,I sanningens namn,"Sten, Viveca",,F,no,CRIME,no,strm
8337,SvB_BS_280,Strandcaféet,"Diamond, Lucy",,F,transl,OTHER,pb,sell
8327,SvB_BS_285,Pappas pojke,"Schepp, Emelie",,F,no,CRIME,pb,both
8295,SvB_BS_256,Never let me go,"Ishiguro, Kazuo",,M,transl,PRESTIGE,hb,sell
8229,SvB_BS_180,Etthundra mil,"Moyes, Jojo",,F,transl,OTHER,pb,sell
8159,SvB_BS_203,De oroliga,"Ullmann, Linn",,F,no,PRESTIGE,hb,sell
8147,SvB_BS_300,Jag for ner till bror,"Smirnoff, Karin",,F,no,PRESTIGE,pb,sell
8142,SvB_BS_247,Kvinnan på tåget,"Hawkins, Paula",,F,transl,CRIME,pb,sell
8053,SvB_BS_176,Arvet efter dig,"Moyes, Jojo",,F,transl,OTHER,both,both
8022,SvB_BS_297,I hemlighet begravd,"Sten, Viveca",,F,no,CRIME,hb,both
8008,SvB_BS_157,Lejontämjaren,"Läckberg, Camilla",,F,no,CRIME,hb,both
7989,SvB_BS_163,Jag heter inte Miriam,"Axelsson, Majgull",,F,no,OTHER,both,sell
7880,SvB_BS_302,Bokhandeln på Riverside Drive,"Skybäck, Frida",,F,no,OTHER,pb,sell
7817,SvB_BS_169,Britt-Marie var här,"Backman, Fredrik",,M,no,OTHER,both,sell
7734,SvB_BS_171,Allt jag inte minns,"Khemiri, Jonas Hassen",,M,no,PRESTIGE,both,sell
7641,SvB_BS_292,Broder Jakob,"Schepp, Emelie",,F,no,CRIME,hb,both
7608,SvB_BS_283,Syndafloder,"Ohlsson, Kristina",,F,no,CRIME,pb,both
7596,SvB_BS_158,VIP-rummet,"Lapidus, Jens",,M,no,CRIME,hb,sell
7434,bstream_031,Bakom stängda dörrar,"Paris, B.A.",,F,transl,CRIME,no,strm
7352,SvB_BS_254,Top Dogg,"Lapidus, Jens",,M,no,CRIME,hb,both
7304,SvB_BS_251,Häxan,"Läckberg, Camilla",,F,no,CRIME,both,both
7241,SvB_BS_277,Ensam i Paris och andra historier,"Moyes, Jojo",,F,transl,OTHER,pb,sell
7223,SvB_BS_296,Folk med ångest,"Backman, Fredrik",,M,no,OTHER,hb,sell
7198,SvB_BS_216,Björnstad,"Backman, Fredrik",,M,no,OTHER,pb,sell
7191,SvB_BS_281,Kvinnan i fönstret,"Finn, A.J.",,M,transl,CRIME,pb,sell
7128,bstream_020,Välkommen hem,"Schulman, Ninni",,F,no,CRIME,no,strm
7091,SvB_BS_184,Lotus blues,"Ohlsson, Kristina",,F,no,CRIME,pb,sell
6738,SvB_BS_204,I varje ögonblick är vi fortfarande vid liv,"Malmquist, Tom",,M,no,PRESTIGE,pb,sell
6190,SvB_BS_202,Glöm mig,"Schulman, Alex",,M,no,OTHER,both,sell
6166,SvB_BS_173,Det är något som inte stämmer,"Haag, Martina",,F,no,OTHER,both,both
