p_vb,id,title,author1,author2,author_gender,translation,category,frmt1,frmt2
205958,SvB_BS_300,Jag for ner till bror,"Smirnoff, Karin",,F,no,PRESTIGE,pb,sell
205374,SvB_BS_283,Syndafloder,"Ohlsson, Kristina",,F,no,CRIME,pb,both
205202,bstream_031,Bakom stängda dörrar,"Paris, B.A.",,F,transl,CRIME,no,strm
204911,SvB_BS_307,Arv och miljö,"Hjorth, Vigdis",,F,transl,PRESTIGE,pb,sell
201417,bstream_010,Rädslans fångar,"Jansson, Anna",,F,no,CRIME,no,strm
201379,SvB_BS_292,Broder Jakob,"Schepp, Emelie",,F,no,CRIME,hb,both
201346,bstream_001,Alla kan se dig,"Jansson, Anna",,F,no,CRIME,no,strm
200890,SvB_BS_285,Pappas pojke,"Schepp, Emelie",,F,no,CRIME,pb,both
200691,bstream_023,Det du inte vet,"Jansson, Anna",,F,no,CRIME,no,strm
199466,bstream_043,Dotter saknad,"Jansson, Anna",,F,no,CRIME,no,strm
198720,SvB_BS_207,Bakom din rygg,"Sarenbrant, Sofie",,F,no,CRIME,both,both
198572,SvB_BS_267,I fel sällskap,"Sten, Viveca",,F,no,CRIME,hb,sell
198542,SvB_BS_198,Avdelning 73,"Sarenbrant, Sofie",,F,no,CRIME,pb,both
198217,SvB_BS_184,Lotus blues,"Ohlsson, Kristina",,F,no,CRIME,pb,sell
197847,SvB_BS_297,I hemlighet begravd,"Sten, Viveca",,F,no,CRIME,hb,both
197447,bstream_042,Mitt hjärta är ditt,"Jansson, Anna",,F,no,CRIME,no,strm
197175,SvB_BS_206,Tiggaren,"Sarenbrant, Sofie",,F,no,CRIME,both,both
197107,SvB_BS_295,Skamvrån,"Sarenbrant, Sofie",,F,no,CRIME,hb,both
197058,SvB_BS_182,Visning pågår,"Sarenbrant, Sofie",,F,no,CRIME,pb,sell
197054,SvB_BS_157,Lejontämjaren,"Läckberg, Camilla",,F,no,CRIME,hb,both
196814,SvB_BS_200,Störst av allt,"Persson Giolito, Malin",,F,no,CRIME,both,both
196791,bstream_037,Hämndens pris,"Lewin, Erik",,M,no,CRIME,no,strm
196446,bstream_030,Kvinnan på bänken,"Jansson, Anna",,F,no,CRIME,no,strm
195980,SvB_BS_302,Bokhandeln på Riverside Drive,"Skybäck, Frida",,F,no,OTHER,pb,sell
195925,bstream_015,Prio ett,"Schepp, Emelie",,F,no,CRIME,no,strm
195128,SvB_BS_251,Häxan,"Läckberg, Camilla",,F,no,CRIME,both,both
195012,SvB_BS_268,Syndabocken,"Sarenbrant, Sofie",,F,no,CRIME,both,both
194904,SvB_BS_275,Silvervägen,"Jackson, Stina",,F,no,CRIME,pb,both
194795,SvB_BS_171,Allt jag inte minns,"Khemiri, Jonas Hassen",,M,no,PRESTIGE,both,sell
194647,SvB_BS_247,Kvinnan på tåget,"Hawkins, Paula",,F,transl,CRIME,pb,sell
194411,bstream_009,I sanningens namn,"Sten, Viveca",,F,no,CRIME,no,strm
194163,SvB_BS_189,I maktens skugga,"Sten, Viveca",,F,no,CRIME,pb,sell
194113,SvB_BS_276,Bara ett barn,"Persson Giolito, Malin",,F,no,CRIME,pb,sell
194051,SvB_BS_246,Toner i natten,"Moyes, Jojo",,F,transl,OTHER,both,both
193670,bstream_017,Mordbrännaren,"Kant, Johan",Anders Gustafson,M,no,CRIME,no,strm
193534,SvB_BS_252,Det förlorade barnet,"Ferrante, Elena",,F,transl,PRESTIGE,hb,sell
193199,bstream_008,En mörkare himmel : Gran Canaria,"Jungstedt, Mari",Ruben Eliassen,2,no,CRIME,no,strm
192759,SvB_BS_204,I varje ögonblick är vi fortfarande vid liv,"Malmquist, Tom",,M,no,PRESTIGE,pb,sell
192605,SvB_BS_245,Hennes nya namn,"Ferrante, Elena",,F,transl,OTHER,hb,sell
192197,bstream_026,De sju som såg,"Rudberg, Denise",,F,no,CRIME,no,strm
191912,SvB_BS_253,"Den som stannar, den som går","Ferrante, Elena",,F,transl,OTHER,hb,sell
191616,bstream_004,Vita spår,"Schepp, Emelie",,F,no,CRIME,no,strm
191478,bstream_014,På sex meters djup,"Rudberg, Denise",,F,no,CRIME,no,strm
191049,SvB_BS_280,Strandcaféet,"Diamond, Lucy",,F,transl,OTHER,pb,sell
190652,bstream_050,Morden på Mörkö,"Karlsson, Samuel",,M,no,CRIME,no,strm
190579,bstream_020,Välkommen hem,"Schulman, Ninni",,F,no,CRIME,no,strm
190422,bstream_040,Ondskans ansikte,"Ahlstedt, Mats",,M,no,CRIME,no,strm
190329,SvB_BS_290,Jag ser dig,"Jungstedt, Mari",,F,no,CRIME,hb,sell
190182,SvB_BS_279,Den tyska flickan,"Correa, Armando Lucas",,M,transl,OTHER,pb,sell
189719,bstream_051,Allt jag fått lära mig,"Westover, Tara",,F,transl,OTHER,no,strm
189440,SvB_BS_261,Lazarus,"Kepler, Lars",,2,no,CRIME,hb,both
188350,bstream_033,5:e Moseboken,"Larsson, Christina",,F,no,CRIME,no,strm
188333,SvB_BS_155,Stalker,"Kepler, Lars",,2,no,CRIME,both,both
188245,bstream_045,Under nio nätter,"Rudberg, Denise",,F,no,CRIME,no,strm
188022,bstream_049,Trojanen,"Ahlstedt, Mats",,M,no,CRIME,no,strm
187932,bstream_039,Skuggorna ruva,"Moström, Jonas",,M,no,CRIME,no,strm
187905,SvB_BS_303,Tatueraren i Auschwitz,"Morris, Heather",,F,transl,OTHER,pb,sell
187870,SvB_BS_185,Offer utan ansikte,"Ahnhem, Stefan",,M,no,CRIME,pb,sell
187797,SvB_BS_287,En bur av guld,"Läckberg, Camilla",,F,no,CRIME,hb,both
187668,SvB_BS_169,Britt-Marie var här,"Backman, Fredrik",,M,no,OTHER,both,sell
187555,SvB_BS_266,Ett mörker mitt ibland oss,"Jungstedt, Mari",,F,no,CRIME,both,both
187547,SvB_BS_256,Never let me go,"Ishiguro, Kazuo",,M,transl,PRESTIGE,hb,sell
187544,SvB_BS_186,Öppnas i händelse av min död,"Moriarty, Liane",,F,transl,OTHER,pb,sell
187492,SvB_BS_178,Liv till varje pris,"Sandberg, Kristina",,F,no,PRESTIGE,hb,sell
187116,bstream_021,Sov du lilla videung,"Börjlind, Rolf",Cilla Börjlind,2,no,CRIME,no,strm
186984,SvB_BS_216,Björnstad,"Backman, Fredrik",,M,no,OTHER,pb,sell
186536,SvB_BS_191,Den stumma flickan,"Hjorth, Michael",Hans Rosenfeldt,M,no,CRIME,pb,sell
186492,SvB_BS_173,Det är något som inte stämmer,"Haag, Martina",,F,no,OTHER,both,both
186147,SvB_BS_180,Etthundra mil,"Moyes, Jojo",,F,transl,OTHER,pb,sell
186114,SvB_BS_174,Playground,"Kepler, Lars",,2,no,CRIME,hb,sell
186006,SvB_BS_269,En högre rättvisa,"Hjorth, Michael",Hans Rosenfeldt,M,no,CRIME,hb,both
185826,SvB_BS_214,Vänd dig inte om,"Alsterdal, Tove",,F,no,CRIME,pb,sell
185653,SvB_BS_212,Ett litet liv,"Yanagihara, Hanya",,F,transl,PRESTIGE,pb,sell
185509,SvB_BS_181,Sista brevet från din älskade,"Moyes, Jojo",,F,transl,OTHER,pb,sell
184911,SvB_BS_305,Det som göms i snö,"Gerhardsen, Carin",,F,no,CRIME,pb,both
184782,bstream_028,Prästens lilla flicka,"Casserfelt, Susan",,F,no,CRIME,no,strm
184744,SvB_BS_193,Kaninjägaren,"Kepler, Lars",,2,no,CRIME,both,both
184352,SvB_BS_190,Jakthundarna,"Lier Horst, Jørn",,M,transl,CRIME,pb,sell
184296,bstream_034,Nådastöten,"Larsson, Christina",,F,no,CRIME,no,strm
184225,SvB_BS_165,De underkända,"Hjorth, Michael",Hans Rosenfeldt,M,no,CRIME,hb,both
184217,SvB_BS_199,Det andra ansiktet,"Jungstedt, Mari",,F,no,CRIME,both,both
184162,SvB_BS_296,Folk med ångest,"Backman, Fredrik",,M,no,OTHER,hb,sell
184073,bstream_011,Kärlek sökes,"Hjulström, Carin",,F,no,OTHER,no,strm
184018,SvB_BS_156,Gone Girl,"Flynn, Gillian",,F,transl,CRIME,pb,sell
183934,SvB_BS_277,Ensam i Paris och andra historier,"Moyes, Jojo",,F,transl,OTHER,pb,sell
183823,bstream_019,När livet börjar om,"Dillon, Lucy",,F,transl,OTHER,no,strm
183733,SvB_BS_183,Att föda ett barn,"Sandberg, Kristina",,F,no,OTHER,pb,sell
183712,bstream_036,Domaren,"Öhrlund, Dag",,M,no,CRIME,no,strm
183202,SvB_BS_260,Jul i det lilla bageriet på strandpromenaden,"Colgan, Jenny",,F,transl,OTHER,pb,sell
182984,SvB_BS_301,En helt vanlig familj,"Edvardsson, Mattias",,M,no,CRIME,pb,both
182845,bstream_038,Änglabarnet,"Kant, Johan",Anders Gustafson,M,no,CRIME,no,strm
182801,bstream_022,Den hemliga kvinnan,"Ekberg, Anna",,F,no,CRIME,no,strm
182759,SvB_BS_244,Min fantastiska väninna,"Ferrante, Elena",,F,transl,OTHER,both,sell
182546,SvB_BS_257,Det förlovade landet,"Jungstedt, Mari",,F,no,CRIME,both,both
182145,SvB_BS_202,Glöm mig,"Schulman, Alex",,M,no,OTHER,both,sell
181910,SvB_BS_248,Det lilla bageriet på strandpromenaden,"Colgan, Jenny",,F,transl,OTHER,pb,sell
181856,bstream_013,Motvind,"Buthler, Dan",Dag Öhrlund,M,no,CRIME,no,strm
181747,bstream_005,Dominodöden,"Moström, Jonas",,M,no,CRIME,no,strm
181646,bstream_048,Sista färjan från Ystad,"Alfredsson, Karin",,F,no,CRIME,no,strm
181643,SvB_BS_278,Husdjuret,"Grebe, Camilla",,F,no,CRIME,pb,sell
181639,SvB_BS_265,En andra chans,"Moyes, Jojo",,F,transl,OTHER,both,both
181439,SvB_BS_259,Sommar på strandpromenaden,"Colgan, Jenny",,F,transl,OTHER,pb,sell
181422,SvB_BS_274,Den lilla bokhandeln runt hörnet,"Colgan, Jenny",,F,transl,OTHER,pb,sell
181045,SvB_BS_175,Järnblod,"Marklund, Liza",,F,no,CRIME,both,both
180924,SvB_BS_158,VIP-rummet,"Lapidus, Jens",,M,no,CRIME,hb,sell
180897,bstream_046,Snödrev,"Tursten, Helene",,F,no,CRIME,no,strm
180515,SvB_BS_188,I skymningen sjunger koltrasten,"Olsson, Linda",,F,no,OTHER,pb,sell
180214,bstream_016,Svart stjärna - S1E1,"Ersgård, Jesper",Joakim Ersgård,M,no,OTHER,no,strm
180120,SvB_BS_176,Arvet efter dig,"Moyes, Jojo",,F,transl,OTHER,both,both
180089,SvB_BS_210,Arton grader minus,"Ahnhem, Stefan",,M,no,CRIME,pb,sell
179971,SvB_BS_203,De oroliga,"Ullmann, Linn",,F,no,PRESTIGE,hb,sell
179823,bstream_035,Se till mig som liten är,"Öhrlund, Dag",,M,no,CRIME,no,strm
179687,bstream_018,Midnattsflickor,"Moström, Jonas",,M,no,CRIME,no,strm
179494,bstream_027,Trogen intill döden,"Moström, Jonas",,M,no,CRIME,no,strm
179146,bstream_024,Tryggare kan ingen vara,"Öhrlund, Dag",,M,no,CRIME,no,strm
178973,SvB_BS_304,Sommar på den lilla ön i havet,"Colgan, Jenny",,F,transl,OTHER,pb,sell
178650,bstream_012,Där inga ögon ser,"Öhrlund, Dag",,M,no,CRIME,no,strm
178121,SvB_BS_161,Sonen,"Nesbø, Jo",,M,transl,CRIME,both,sell
177921,SvB_BS_306,Motiv X,"Ahnhem, Stefan",,M,no,CRIME,pb,sell
177888,bstream_029,Den tatuerade cirkeln,"Casserfelt, Susan",,F,no,CRIME,no,strm
177858,bstream_003,Hämnaren,"Buthler, Dan",Dag Öhrlund,M,no,CRIME,no,strm
177826,SvB_BS_294,Bergens stjärnor,"Moyes, Jojo",,F,transl,OTHER,hb,sell
177692,bstream_044,Ingen lämnas kvar,"Öhrlund, Dag",,M,no,CRIME,no,strm
177657,SvB_BS_254,Top Dogg,"Lapidus, Jens",,M,no,CRIME,hb,both
177409,bstream_025,Uppståndelsen,"Buthler, Dan",Dag Öhrlund,M,no,CRIME,no,strm
177330,SvB_BS_163,Jag heter inte Miriam,"Axelsson, Majgull",,F,no,OTHER,both,sell
177022,SvB_BS_179,Konsten att höra hjärtslag,"Sendker, Jan-Philipp",,M,transl,OTHER,pb,sell
176943,SvB_BS_194,Kan man dö två gånger?,"Persson, Leif GW",,M,no,CRIME,both,both
176189,bstream_047,Offer 2117,"Adler-Olsen, Jussi",,M,transl,CRIME,no,strm
176025,SvB_BS_205,Kvinna inför rätta,"Doughty, Louise",,F,transl,CRIME,pb,sell
175874,bstream_007,Skymningsflickan,"Wennstam, Katarina",,F,no,CRIME,no,strm
175597,SvB_BS_255,Törst,"Nesbø, Jo",,M,transl,CRIME,hb,both
175295,SvB_BS_262,Till minne av en villkorslös kärlek,"Gardell, Jonas",,M,no,OTHER,hb,sell
175173,SvB_BS_211,Återstoden av dagen,"Ishiguro, Kazuo",,M,transl,PRESTIGE,hb,sell
174984,SvB_BS_291,Kniv,"Nesbø, Jo",,M,transl,CRIME,hb,sell
174977,SvB_BS_209,Slutet på sommaren,"Motte, Anders de la",,M,no,CRIME,pb,sell
174602,SvB_BS_263,Bränn alla mina brev,"Schulman, Alex",,M,no,OTHER,both,both
174498,SvB_BS_172,STHLM Delete,"Lapidus, Jens",,M,no,CRIME,both,both
174415,SvB_BS_187,Stoner,"Williams, John",,M,transl,OTHER,pb,sell
174339,SvB_BS_195,Äkta amerikanska jeans,"Guillou, Jan",,M,no,OTHER,hb,sell
173203,SvB_BS_196,Simma med de drunknade,"Mytting, Lars",,M,transl,OTHER,pb,sell
172346,SvB_BS_213,Hjärtats innersta röst,"Sendker, Jan-Philipp",,M,transl,OTHER,pb,sell
171904,bstream_002,"Falleri, fallera, falleralla","Gerhardsen, Carin",,F,no,CRIME,no,strm
171848,SvB_BS_215,De kommer att drunkna i sina mödrars tårar,"Anyuru, Johannes",,M,no,PRESTIGE,hb,sell
171540,SvB_BS_249,Mannen som sökte sin skugga,"Lagercrantz, David",,M,no,CRIME,hb,both
171436,SvB_BS_201,Snövit ska dö,"Neuhaus, Nele",,F,transl,CRIME,pb,sell
171351,SvB_BS_308,På egen hand,"Keyes, Marian",,M,transl,OTHER,pb,sell
171160,SvB_BS_281,Kvinnan i fönstret,"Finn, A.J.",,M,transl,CRIME,pb,sell
171061,SvB_BS_282,Blodlokan,"Boije af Gennäs, Louise",,F,no,CRIME,pb,sell
170532,SvB_BS_284,Höstdåd,"Motte, Anders de la",,M,no,CRIME,pb,sell
170230,SvB_BS_168,Bombmakaren och hans kvinna,"Persson, Leif GW",,M,no,CRIME,hb,both
169353,SvB_BS_298,Hundraettåringen som tänkte att han tänkte för mycket,"Jonasson, Jonas",,M,no,OTHER,hb,sell
168438,SvB_BS_258,Selfies,"Adler-Olsen, Jussi",,M,transl,CRIME,hb,both
168372,SvB_BS_273,1793,"Natt och Dag, Niklas",,M,no,CRIME,pb,sell
167188,SvB_BS_288,1794,"Natt och Dag, Niklas",,M,no,CRIME,hb,sell
166892,bstream_006,Den gränslöse,"Adler-Olsen, Jussi",,M,transl,CRIME,no,strm
166875,SvB_BS_250,Begynnelse,"Brown, Dan",,M,transl,CRIME,both,sell
166843,SvB_BS_286,Hon som måste dö,"Lagercrantz, David",,M,no,CRIME,hb,both
165326,SvB_BS_167,Det som inte dödar oss,"Lagercrantz, David",,M,no,CRIME,both,both
164578,SvB_BS_170,Mördar-Anders och hans vänner samt en och annan ovän,"Jonasson, Jonas",,M,no,OTHER,both,both
163846,SvB_BS_271,Tre timmar,"Roslund, Anders",,M,no,CRIME,both,sell
163265,SvB_BS_299,Jamåhonleva,"Roslund, Anders",,M,no,CRIME,hb,sell
163119,SvB_BS_272,Vardagar,"Lundell, Ulf",,M,no,OTHER,hb,sell
162802,SvB_BS_270,De vänsterhäntas förening,"Nesser, Håkan",,M,no,CRIME,both,sell
161723,SvB_BS_177,Björndansen,"Roslund, Anders",Stefan Thunberg,M,no,CRIME,hb,sell
160738,SvB_BS_166,Blå stjärnan,"Guillou, Jan",,M,no,OTHER,hb,sell
155238,SvB_BS_192,Tre minuter,"Roslund, Anders",Börge Hellström,M,no,CRIME,hb,sell
153448,SvB_BS_197,Ljuset vi inte ser,"Doerr, Anthony",,M,transl,OTHER,pb,sell
151361,SvB_BS_208,1968,"Guillou, Jan",,M,no,OTHER,hb,sell
149122,SvB_BS_293,Löparna,"Tokarczuk, Olga",,F,transl,PRESTIGE,hb,sell
148072,SvB_BS_264,De som dödar drömmar sover aldrig,"Guillou, Jan",,M,no,OTHER,hb,sell
147370,SvB_BS_289,Den andra dödssynden,"Guillou, Jan",,M,no,OTHER,hb,sell
