p_ma,id,title,author1,author2,author_gender,translation,category,frmt1,frmt2
111230,SvB_BS_300,Jag for ner till bror,"Smirnoff, Karin",,F,no,PRESTIGE,pb,sell
99790,SvB_BS_281,Kvinnan i fönstret,"Finn, A.J.",,M,transl,CRIME,pb,sell
93491,SvB_BS_184,Lotus blues,"Ohlsson, Kristina",,F,no,CRIME,pb,sell
92394,SvB_BS_172,STHLM Delete,"Lapidus, Jens",,M,no,CRIME,both,both
92014,bstream_021,Sov du lilla videung,"Börjlind, Rolf",Cilla Börjlind,2,no,CRIME,no,strm
91461,SvB_BS_283,Syndafloder,"Ohlsson, Kristina",,F,no,CRIME,pb,both
91134,SvB_BS_213,Hjärtats innersta röst,"Sendker, Jan-Philipp",,M,transl,OTHER,pb,sell
90297,SvB_BS_287,En bur av guld,"Läckberg, Camilla",,F,no,CRIME,hb,both
90108,bstream_022,Den hemliga kvinnan,"Ekberg, Anna",,F,no,CRIME,no,strm
88782,SvB_BS_188,I skymningen sjunger koltrasten,"Olsson, Linda",,F,no,OTHER,pb,sell
88401,bstream_030,Kvinnan på bänken,"Jansson, Anna",,F,no,CRIME,no,strm
88351,SvB_BS_301,En helt vanlig familj,"Edvardsson, Mattias",,M,no,CRIME,pb,both
88326,bstream_028,Prästens lilla flicka,"Casserfelt, Susan",,F,no,CRIME,no,strm
88104,SvB_BS_177,Björndansen,"Roslund, Anders",Stefan Thunberg,M,no,CRIME,hb,sell
88104,bstream_023,Det du inte vet,"Jansson, Anna",,F,no,CRIME,no,strm
86944,bstream_011,Kärlek sökes,"Hjulström, Carin",,F,no,OTHER,no,strm
86783,bstream_004,Vita spår,"Schepp, Emelie",,F,no,CRIME,no,strm
86268,SvB_BS_297,I hemlighet begravd,"Sten, Viveca",,F,no,CRIME,hb,both
86219,bstream_016,Svart stjärna - S1E1,"Ersgård, Jesper",Joakim Ersgård,M,no,OTHER,no,strm
86213,SvB_BS_202,Glöm mig,"Schulman, Alex",,M,no,OTHER,both,sell
86117,SvB_BS_268,Syndabocken,"Sarenbrant, Sofie",,F,no,CRIME,both,both
85975,SvB_BS_196,Simma med de drunknade,"Mytting, Lars",,M,transl,OTHER,pb,sell
85535,bstream_042,Mitt hjärta är ditt,"Jansson, Anna",,F,no,CRIME,no,strm
85089,bstream_009,I sanningens namn,"Sten, Viveca",,F,no,CRIME,no,strm
84932,bstream_029,Den tatuerade cirkeln,"Casserfelt, Susan",,F,no,CRIME,no,strm
84724,bstream_001,Alla kan se dig,"Jansson, Anna",,F,no,CRIME,no,strm
84468,SvB_BS_158,VIP-rummet,"Lapidus, Jens",,M,no,CRIME,hb,sell
84460,SvB_BS_285,Pappas pojke,"Schepp, Emelie",,F,no,CRIME,pb,both
84350,SvB_BS_295,Skamvrån,"Sarenbrant, Sofie",,F,no,CRIME,hb,both
84139,SvB_BS_275,Silvervägen,"Jackson, Stina",,F,no,CRIME,pb,both
83948,SvB_BS_277,Ensam i Paris och andra historier,"Moyes, Jojo",,F,transl,OTHER,pb,sell
83812,bstream_015,Prio ett,"Schepp, Emelie",,F,no,CRIME,no,strm
83664,SvB_BS_267,I fel sällskap,"Sten, Viveca",,F,no,CRIME,hb,sell
83350,SvB_BS_180,Etthundra mil,"Moyes, Jojo",,F,transl,OTHER,pb,sell
83303,SvB_BS_161,Sonen,"Nesbø, Jo",,M,transl,CRIME,both,sell
83279,bstream_010,Rädslans fångar,"Jansson, Anna",,F,no,CRIME,no,strm
83176,SvB_BS_173,Det är något som inte stämmer,"Haag, Martina",,F,no,OTHER,both,both
83042,SvB_BS_165,De underkända,"Hjorth, Michael",Hans Rosenfeldt,M,no,CRIME,hb,both
83018,SvB_BS_299,Jamåhonleva,"Roslund, Anders",,M,no,CRIME,hb,sell
82836,SvB_BS_163,Jag heter inte Miriam,"Axelsson, Majgull",,F,no,OTHER,both,sell
82762,bstream_050,Morden på Mörkö,"Karlsson, Samuel",,M,no,CRIME,no,strm
82670,bstream_046,Snödrev,"Tursten, Helene",,F,no,CRIME,no,strm
82394,SvB_BS_278,Husdjuret,"Grebe, Camilla",,F,no,CRIME,pb,sell
82284,SvB_BS_191,Den stumma flickan,"Hjorth, Michael",Hans Rosenfeldt,M,no,CRIME,pb,sell
82256,bstream_043,Dotter saknad,"Jansson, Anna",,F,no,CRIME,no,strm
81981,bstream_017,Mordbrännaren,"Kant, Johan",Anders Gustafson,M,no,CRIME,no,strm
81973,SvB_BS_303,Tatueraren i Auschwitz,"Morris, Heather",,F,transl,OTHER,pb,sell
81485,SvB_BS_254,Top Dogg,"Lapidus, Jens",,M,no,CRIME,hb,both
81263,SvB_BS_199,Det andra ansiktet,"Jungstedt, Mari",,F,no,CRIME,both,both
81241,SvB_BS_255,Törst,"Nesbø, Jo",,M,transl,CRIME,hb,both
80693,bstream_007,Skymningsflickan,"Wennstam, Katarina",,F,no,CRIME,no,strm
80262,SvB_BS_181,Sista brevet från din älskade,"Moyes, Jojo",,F,transl,OTHER,pb,sell
80183,bstream_020,Välkommen hem,"Schulman, Ninni",,F,no,CRIME,no,strm
79789,SvB_BS_209,Slutet på sommaren,"Motte, Anders de la",,M,no,CRIME,pb,sell
79528,SvB_BS_169,Britt-Marie var här,"Backman, Fredrik",,M,no,OTHER,both,sell
79474,SvB_BS_266,Ett mörker mitt ibland oss,"Jungstedt, Mari",,F,no,CRIME,both,both
79436,SvB_BS_192,Tre minuter,"Roslund, Anders",Börge Hellström,M,no,CRIME,hb,sell
79253,SvB_BS_189,I maktens skugga,"Sten, Viveca",,F,no,CRIME,pb,sell
79078,SvB_BS_176,Arvet efter dig,"Moyes, Jojo",,F,transl,OTHER,both,both
78985,SvB_BS_186,Öppnas i händelse av min död,"Moriarty, Liane",,F,transl,OTHER,pb,sell
78952,bstream_049,Trojanen,"Ahlstedt, Mats",,M,no,CRIME,no,strm
78928,SvB_BS_190,Jakthundarna,"Lier Horst, Jørn",,M,transl,CRIME,pb,sell
78882,bstream_040,Ondskans ansikte,"Ahlstedt, Mats",,M,no,CRIME,no,strm
78576,bstream_014,På sex meters djup,"Rudberg, Denise",,F,no,CRIME,no,strm
78488,bstream_045,Under nio nätter,"Rudberg, Denise",,F,no,CRIME,no,strm
78331,SvB_BS_276,Bara ett barn,"Persson Giolito, Malin",,F,no,CRIME,pb,sell
77835,SvB_BS_171,Allt jag inte minns,"Khemiri, Jonas Hassen",,M,no,PRESTIGE,both,sell
77667,bstream_048,Sista färjan från Ystad,"Alfredsson, Karin",,F,no,CRIME,no,strm
77575,bstream_026,De sju som såg,"Rudberg, Denise",,F,no,CRIME,no,strm
77565,SvB_BS_291,Kniv,"Nesbø, Jo",,M,transl,CRIME,hb,sell
77509,SvB_BS_271,Tre timmar,"Roslund, Anders",,M,no,CRIME,both,sell
76781,SvB_BS_302,Bokhandeln på Riverside Drive,"Skybäck, Frida",,F,no,OTHER,pb,sell
76712,SvB_BS_251,Häxan,"Läckberg, Camilla",,F,no,CRIME,both,both
76523,SvB_BS_292,Broder Jakob,"Schepp, Emelie",,F,no,CRIME,hb,both
76307,SvB_BS_257,Det förlovade landet,"Jungstedt, Mari",,F,no,CRIME,both,both
76188,SvB_BS_308,På egen hand,"Keyes, Marian",,M,transl,OTHER,pb,sell
76065,SvB_BS_298,Hundraettåringen som tänkte att han tänkte för mycket,"Jonasson, Jonas",,M,no,OTHER,hb,sell
75945,bstream_039,Skuggorna ruva,"Moström, Jonas",,M,no,CRIME,no,strm
75850,SvB_BS_296,Folk med ångest,"Backman, Fredrik",,M,no,OTHER,hb,sell
75794,bstream_044,Ingen lämnas kvar,"Öhrlund, Dag",,M,no,CRIME,no,strm
75755,bstream_012,Där inga ögon ser,"Öhrlund, Dag",,M,no,CRIME,no,strm
75498,SvB_BS_269,En högre rättvisa,"Hjorth, Michael",Hans Rosenfeldt,M,no,CRIME,hb,both
75441,SvB_BS_290,Jag ser dig,"Jungstedt, Mari",,F,no,CRIME,hb,sell
75413,bstream_024,Tryggare kan ingen vara,"Öhrlund, Dag",,M,no,CRIME,no,strm
75242,bstream_035,Se till mig som liten är,"Öhrlund, Dag",,M,no,CRIME,no,strm
75171,SvB_BS_304,Sommar på den lilla ön i havet,"Colgan, Jenny",,F,transl,OTHER,pb,sell
74750,SvB_BS_284,Höstdåd,"Motte, Anders de la",,M,no,CRIME,pb,sell
74720,SvB_BS_265,En andra chans,"Moyes, Jojo",,F,transl,OTHER,both,both
74677,bstream_034,Nådastöten,"Larsson, Christina",,F,no,CRIME,no,strm
74600,SvB_BS_179,Konsten att höra hjärtslag,"Sendker, Jan-Philipp",,M,transl,OTHER,pb,sell
74269,SvB_BS_207,Bakom din rygg,"Sarenbrant, Sofie",,F,no,CRIME,both,both
74029,SvB_BS_282,Blodlokan,"Boije af Gennäs, Louise",,F,no,CRIME,pb,sell
73972,bstream_008,En mörkare himmel : Gran Canaria,"Jungstedt, Mari",Ruben Eliassen,2,no,CRIME,no,strm
73791,SvB_BS_246,Toner i natten,"Moyes, Jojo",,F,transl,OTHER,both,both
73578,SvB_BS_182,Visning pågår,"Sarenbrant, Sofie",,F,no,CRIME,pb,sell
73489,SvB_BS_263,Bränn alla mina brev,"Schulman, Alex",,M,no,OTHER,both,both
73255,SvB_BS_198,Avdelning 73,"Sarenbrant, Sofie",,F,no,CRIME,pb,both
73253,bstream_036,Domaren,"Öhrlund, Dag",,M,no,CRIME,no,strm
73237,SvB_BS_270,De vänsterhäntas förening,"Nesser, Håkan",,M,no,CRIME,both,sell
73158,SvB_BS_201,Snövit ska dö,"Neuhaus, Nele",,F,transl,CRIME,pb,sell
73032,SvB_BS_185,Offer utan ansikte,"Ahnhem, Stefan",,M,no,CRIME,pb,sell
72920,SvB_BS_197,Ljuset vi inte ser,"Doerr, Anthony",,M,transl,OTHER,pb,sell
72865,SvB_BS_260,Jul i det lilla bageriet på strandpromenaden,"Colgan, Jenny",,F,transl,OTHER,pb,sell
72864,SvB_BS_249,Mannen som sökte sin skugga,"Lagercrantz, David",,M,no,CRIME,hb,both
72583,bstream_018,Midnattsflickor,"Moström, Jonas",,M,no,CRIME,no,strm
72449,bstream_038,Änglabarnet,"Kant, Johan",Anders Gustafson,M,no,CRIME,no,strm
72299,SvB_BS_216,Björnstad,"Backman, Fredrik",,M,no,OTHER,pb,sell
71888,SvB_BS_259,Sommar på strandpromenaden,"Colgan, Jenny",,F,transl,OTHER,pb,sell
71764,bstream_027,Trogen intill döden,"Moström, Jonas",,M,no,CRIME,no,strm
71424,SvB_BS_157,Lejontämjaren,"Läckberg, Camilla",,F,no,CRIME,hb,both
71310,SvB_BS_274,Den lilla bokhandeln runt hörnet,"Colgan, Jenny",,F,transl,OTHER,pb,sell
71228,SvB_BS_175,Järnblod,"Marklund, Liza",,F,no,CRIME,both,both
71139,SvB_BS_248,Det lilla bageriet på strandpromenaden,"Colgan, Jenny",,F,transl,OTHER,pb,sell
69991,SvB_BS_280,Strandcaféet,"Diamond, Lucy",,F,transl,OTHER,pb,sell
69887,SvB_BS_178,Liv till varje pris,"Sandberg, Kristina",,F,no,PRESTIGE,hb,sell
69698,bstream_005,Dominodöden,"Moström, Jonas",,M,no,CRIME,no,strm
69610,SvB_BS_204,I varje ögonblick är vi fortfarande vid liv,"Malmquist, Tom",,M,no,PRESTIGE,pb,sell
68905,SvB_BS_247,Kvinnan på tåget,"Hawkins, Paula",,F,transl,CRIME,pb,sell
68502,SvB_BS_206,Tiggaren,"Sarenbrant, Sofie",,F,no,CRIME,both,both
68382,bstream_019,När livet börjar om,"Dillon, Lucy",,F,transl,OTHER,no,strm
67905,SvB_BS_200,Störst av allt,"Persson Giolito, Malin",,F,no,CRIME,both,both
67568,bstream_037,Hämndens pris,"Lewin, Erik",,M,no,CRIME,no,strm
67549,SvB_BS_194,Kan man dö två gånger?,"Persson, Leif GW",,M,no,CRIME,both,both
67317,bstream_006,Den gränslöse,"Adler-Olsen, Jussi",,M,transl,CRIME,no,strm
67127,SvB_BS_261,Lazarus,"Kepler, Lars",,2,no,CRIME,hb,both
66696,SvB_BS_203,De oroliga,"Ullmann, Linn",,F,no,PRESTIGE,hb,sell
66620,SvB_BS_174,Playground,"Kepler, Lars",,2,no,CRIME,hb,sell
66390,bstream_025,Uppståndelsen,"Buthler, Dan",Dag Öhrlund,M,no,CRIME,no,strm
65921,bstream_013,Motvind,"Buthler, Dan",Dag Öhrlund,M,no,CRIME,no,strm
65901,bstream_033,5:e Moseboken,"Larsson, Christina",,F,no,CRIME,no,strm
65883,SvB_BS_286,Hon som måste dö,"Lagercrantz, David",,M,no,CRIME,hb,both
65867,SvB_BS_294,Bergens stjärnor,"Moyes, Jojo",,F,transl,OTHER,hb,sell
65703,SvB_BS_279,Den tyska flickan,"Correa, Armando Lucas",,M,transl,OTHER,pb,sell
65137,SvB_BS_258,Selfies,"Adler-Olsen, Jussi",,M,transl,CRIME,hb,both
64825,SvB_BS_155,Stalker,"Kepler, Lars",,2,no,CRIME,both,both
64784,SvB_BS_306,Motiv X,"Ahnhem, Stefan",,M,no,CRIME,pb,sell
64709,bstream_003,Hämnaren,"Buthler, Dan",Dag Öhrlund,M,no,CRIME,no,strm
64494,SvB_BS_210,Arton grader minus,"Ahnhem, Stefan",,M,no,CRIME,pb,sell
64124,SvB_BS_168,Bombmakaren och hans kvinna,"Persson, Leif GW",,M,no,CRIME,hb,both
64104,SvB_BS_250,Begynnelse,"Brown, Dan",,M,transl,CRIME,both,sell
63833,SvB_BS_305,Det som göms i snö,"Gerhardsen, Carin",,F,no,CRIME,pb,both
63781,bstream_002,"Falleri, fallera, falleralla","Gerhardsen, Carin",,F,no,CRIME,no,strm
63179,SvB_BS_273,1793,"Natt och Dag, Niklas",,M,no,CRIME,pb,sell
63173,SvB_BS_215,De kommer att drunkna i sina mödrars tårar,"Anyuru, Johannes",,M,no,PRESTIGE,hb,sell
62787,SvB_BS_193,Kaninjägaren,"Kepler, Lars",,2,no,CRIME,both,both
62720,SvB_BS_156,Gone Girl,"Flynn, Gillian",,F,transl,CRIME,pb,sell
62286,bstream_047,Offer 2117,"Adler-Olsen, Jussi",,M,transl,CRIME,no,strm
62055,SvB_BS_214,Vänd dig inte om,"Alsterdal, Tove",,F,no,CRIME,pb,sell
61966,SvB_BS_262,Till minne av en villkorslös kärlek,"Gardell, Jonas",,M,no,OTHER,hb,sell
61599,SvB_BS_167,Det som inte dödar oss,"Lagercrantz, David",,M,no,CRIME,both,both
61336,bstream_051,Allt jag fått lära mig,"Westover, Tara",,F,transl,OTHER,no,strm
61320,SvB_BS_272,Vardagar,"Lundell, Ulf",,M,no,OTHER,hb,sell
61107,SvB_BS_170,Mördar-Anders och hans vänner samt en och annan ovän,"Jonasson, Jonas",,M,no,OTHER,both,both
59963,SvB_BS_166,Blå stjärnan,"Guillou, Jan",,M,no,OTHER,hb,sell
59531,SvB_BS_183,Att föda ett barn,"Sandberg, Kristina",,F,no,OTHER,pb,sell
59353,SvB_BS_288,1794,"Natt och Dag, Niklas",,M,no,CRIME,hb,sell
58151,SvB_BS_195,Äkta amerikanska jeans,"Guillou, Jan",,M,no,OTHER,hb,sell
56933,SvB_BS_289,Den andra dödssynden,"Guillou, Jan",,M,no,OTHER,hb,sell
55774,SvB_BS_208,1968,"Guillou, Jan",,M,no,OTHER,hb,sell
55162,SvB_BS_187,Stoner,"Williams, John",,M,transl,OTHER,pb,sell
54460,SvB_BS_256,Never let me go,"Ishiguro, Kazuo",,M,transl,PRESTIGE,hb,sell
54377,bstream_031,Bakom stängda dörrar,"Paris, B.A.",,F,transl,CRIME,no,strm
54330,SvB_BS_205,Kvinna inför rätta,"Doughty, Louise",,F,transl,CRIME,pb,sell
53965,SvB_BS_245,Hennes nya namn,"Ferrante, Elena",,F,transl,OTHER,hb,sell
53430,SvB_BS_264,De som dödar drömmar sover aldrig,"Guillou, Jan",,M,no,OTHER,hb,sell
52403,SvB_BS_244,Min fantastiska väninna,"Ferrante, Elena",,F,transl,OTHER,both,sell
51954,SvB_BS_253,"Den som stannar, den som går","Ferrante, Elena",,F,transl,OTHER,hb,sell
51193,SvB_BS_293,Löparna,"Tokarczuk, Olga",,F,transl,PRESTIGE,hb,sell
50382,SvB_BS_252,Det förlorade barnet,"Ferrante, Elena",,F,transl,PRESTIGE,hb,sell
47687,SvB_BS_211,Återstoden av dagen,"Ishiguro, Kazuo",,M,transl,PRESTIGE,hb,sell
45176,SvB_BS_212,Ett litet liv,"Yanagihara, Hanya",,F,transl,PRESTIGE,pb,sell
41534,SvB_BS_307,Arv och miljö,"Hjorth, Vigdis",,F,transl,PRESTIGE,pb,sell
