p_dt,id,title,author1,author2,author_gender,translation,category,frmt1,frmt2
49643,SvB_BS_293,Löparna,"Tokarczuk, Olga",,F,transl,PRESTIGE,hb,sell
48447,SvB_BS_211,Återstoden av dagen,"Ishiguro, Kazuo",,M,transl,PRESTIGE,hb,sell
47585,SvB_BS_264,De som dödar drömmar sover aldrig,"Guillou, Jan",,M,no,OTHER,hb,sell
46329,SvB_BS_289,Den andra dödssynden,"Guillou, Jan",,M,no,OTHER,hb,sell
46152,SvB_BS_197,Ljuset vi inte ser,"Doerr, Anthony",,M,transl,OTHER,pb,sell
45222,SvB_BS_250,Begynnelse,"Brown, Dan",,M,transl,CRIME,both,sell
45176,SvB_BS_208,1968,"Guillou, Jan",,M,no,OTHER,hb,sell
44365,SvB_BS_270,De vänsterhäntas förening,"Nesser, Håkan",,M,no,CRIME,both,sell
44096,SvB_BS_168,Bombmakaren och hans kvinna,"Persson, Leif GW",,M,no,CRIME,hb,both
44050,SvB_BS_213,Hjärtats innersta röst,"Sendker, Jan-Philipp",,M,transl,OTHER,pb,sell
42699,SvB_BS_166,Blå stjärnan,"Guillou, Jan",,M,no,OTHER,hb,sell
42624,SvB_BS_192,Tre minuter,"Roslund, Anders",Börge Hellström,M,no,CRIME,hb,sell
42379,SvB_BS_179,Konsten att höra hjärtslag,"Sendker, Jan-Philipp",,M,transl,OTHER,pb,sell
42069,SvB_BS_273,1793,"Natt och Dag, Niklas",,M,no,CRIME,pb,sell
42021,SvB_BS_194,Kan man dö två gånger?,"Persson, Leif GW",,M,no,CRIME,both,both
41740,SvB_BS_215,De kommer att drunkna i sina mödrars tårar,"Anyuru, Johannes",,M,no,PRESTIGE,hb,sell
41698,SvB_BS_187,Stoner,"Williams, John",,M,transl,OTHER,pb,sell
41604,bstream_002,"Falleri, fallera, falleralla","Gerhardsen, Carin",,F,no,CRIME,no,strm
41544,bstream_050,Morden på Mörkö,"Karlsson, Samuel",,M,no,CRIME,no,strm
41525,SvB_BS_170,Mördar-Anders och hans vänner samt en och annan ovän,"Jonasson, Jonas",,M,no,OTHER,both,both
41385,bstream_016,Svart stjärna - S1E1,"Ersgård, Jesper",Joakim Ersgård,M,no,OTHER,no,strm
41313,SvB_BS_288,1794,"Natt och Dag, Niklas",,M,no,CRIME,hb,sell
41183,bstream_025,Uppståndelsen,"Buthler, Dan",Dag Öhrlund,M,no,CRIME,no,strm
40761,SvB_BS_196,Simma med de drunknade,"Mytting, Lars",,M,transl,OTHER,pb,sell
40511,bstream_046,Snödrev,"Tursten, Helene",,F,no,CRIME,no,strm
40432,SvB_BS_167,Det som inte dödar oss,"Lagercrantz, David",,M,no,CRIME,both,both
40411,bstream_051,Allt jag fått lära mig,"Westover, Tara",,F,transl,OTHER,no,strm
40385,SvB_BS_298,Hundraettåringen som tänkte att han tänkte för mycket,"Jonasson, Jonas",,M,no,OTHER,hb,sell
39909,SvB_BS_263,Bränn alla mina brev,"Schulman, Alex",,M,no,OTHER,both,both
39831,bstream_013,Motvind,"Buthler, Dan",Dag Öhrlund,M,no,CRIME,no,strm
39818,SvB_BS_214,Vänd dig inte om,"Alsterdal, Tove",,F,no,CRIME,pb,sell
39768,bstream_003,Hämnaren,"Buthler, Dan",Dag Öhrlund,M,no,CRIME,no,strm
39688,SvB_BS_299,Jamåhonleva,"Roslund, Anders",,M,no,CRIME,hb,sell
39674,SvB_BS_257,Det förlovade landet,"Jungstedt, Mari",,F,no,CRIME,both,both
39629,SvB_BS_306,Motiv X,"Ahnhem, Stefan",,M,no,CRIME,pb,sell
39558,SvB_BS_271,Tre timmar,"Roslund, Anders",,M,no,CRIME,both,sell
39531,SvB_BS_262,Till minne av en villkorslös kärlek,"Gardell, Jonas",,M,no,OTHER,hb,sell
39515,SvB_BS_195,Äkta amerikanska jeans,"Guillou, Jan",,M,no,OTHER,hb,sell
39435,SvB_BS_279,Den tyska flickan,"Correa, Armando Lucas",,M,transl,OTHER,pb,sell
39433,SvB_BS_177,Björndansen,"Roslund, Anders",Stefan Thunberg,M,no,CRIME,hb,sell
39340,SvB_BS_193,Kaninjägaren,"Kepler, Lars",,2,no,CRIME,both,both
39257,bstream_014,På sex meters djup,"Rudberg, Denise",,F,no,CRIME,no,strm
39210,bstream_021,Sov du lilla videung,"Börjlind, Rolf",Cilla Börjlind,2,no,CRIME,no,strm
39034,SvB_BS_190,Jakthundarna,"Lier Horst, Jørn",,M,transl,CRIME,pb,sell
39009,SvB_BS_261,Lazarus,"Kepler, Lars",,2,no,CRIME,hb,both
38642,SvB_BS_256,Never let me go,"Ishiguro, Kazuo",,M,transl,PRESTIGE,hb,sell
38594,SvB_BS_266,Ett mörker mitt ibland oss,"Jungstedt, Mari",,F,no,CRIME,both,both
38369,bstream_038,Änglabarnet,"Kant, Johan",Anders Gustafson,M,no,CRIME,no,strm
38318,SvB_BS_205,Kvinna inför rätta,"Doughty, Louise",,F,transl,CRIME,pb,sell
38297,bstream_022,Den hemliga kvinnan,"Ekberg, Anna",,F,no,CRIME,no,strm
38237,SvB_BS_305,Det som göms i snö,"Gerhardsen, Carin",,F,no,CRIME,pb,both
38144,SvB_BS_291,Kniv,"Nesbø, Jo",,M,transl,CRIME,hb,sell
38068,SvB_BS_199,Det andra ansiktet,"Jungstedt, Mari",,F,no,CRIME,both,both
38028,bstream_048,Sista färjan från Ystad,"Alfredsson, Karin",,F,no,CRIME,no,strm
37892,SvB_BS_156,Gone Girl,"Flynn, Gillian",,F,transl,CRIME,pb,sell
37635,SvB_BS_163,Jag heter inte Miriam,"Axelsson, Majgull",,F,no,OTHER,both,sell
37631,bstream_006,Den gränslöse,"Adler-Olsen, Jussi",,M,transl,CRIME,no,strm
37606,bstream_036,Domaren,"Öhrlund, Dag",,M,no,CRIME,no,strm
37573,SvB_BS_284,Höstdåd,"Motte, Anders de la",,M,no,CRIME,pb,sell
37485,SvB_BS_185,Offer utan ansikte,"Ahnhem, Stefan",,M,no,CRIME,pb,sell
37471,SvB_BS_210,Arton grader minus,"Ahnhem, Stefan",,M,no,CRIME,pb,sell
37451,bstream_024,Tryggare kan ingen vara,"Öhrlund, Dag",,M,no,CRIME,no,strm
37425,bstream_026,De sju som såg,"Rudberg, Denise",,F,no,CRIME,no,strm
37288,SvB_BS_290,Jag ser dig,"Jungstedt, Mari",,F,no,CRIME,hb,sell
37273,bstream_037,Hämndens pris,"Lewin, Erik",,M,no,CRIME,no,strm
37177,bstream_012,Där inga ögon ser,"Öhrlund, Dag",,M,no,CRIME,no,strm
37098,bstream_008,En mörkare himmel : Gran Canaria,"Jungstedt, Mari",Ruben Eliassen,2,no,CRIME,no,strm
37084,bstream_035,Se till mig som liten är,"Öhrlund, Dag",,M,no,CRIME,no,strm
37026,SvB_BS_209,Slutet på sommaren,"Motte, Anders de la",,M,no,CRIME,pb,sell
36997,SvB_BS_203,De oroliga,"Ullmann, Linn",,F,no,PRESTIGE,hb,sell
36863,bstream_040,Ondskans ansikte,"Ahlstedt, Mats",,M,no,CRIME,no,strm
36706,SvB_BS_161,Sonen,"Nesbø, Jo",,M,transl,CRIME,both,sell
36681,SvB_BS_272,Vardagar,"Lundell, Ulf",,M,no,OTHER,hb,sell
36636,SvB_BS_155,Stalker,"Kepler, Lars",,2,no,CRIME,both,both
36595,bstream_045,Under nio nätter,"Rudberg, Denise",,F,no,CRIME,no,strm
36448,bstream_044,Ingen lämnas kvar,"Öhrlund, Dag",,M,no,CRIME,no,strm
36404,SvB_BS_188,I skymningen sjunger koltrasten,"Olsson, Linda",,F,no,OTHER,pb,sell
36336,SvB_BS_165,De underkända,"Hjorth, Michael",Hans Rosenfeldt,M,no,CRIME,hb,both
36275,bstream_049,Trojanen,"Ahlstedt, Mats",,M,no,CRIME,no,strm
36217,SvB_BS_294,Bergens stjärnor,"Moyes, Jojo",,F,transl,OTHER,hb,sell
36116,bstream_047,Offer 2117,"Adler-Olsen, Jussi",,M,transl,CRIME,no,strm
35777,bstream_017,Mordbrännaren,"Kant, Johan",Anders Gustafson,M,no,CRIME,no,strm
35666,SvB_BS_258,Selfies,"Adler-Olsen, Jussi",,M,transl,CRIME,hb,both
35655,SvB_BS_191,Den stumma flickan,"Hjorth, Michael",Hans Rosenfeldt,M,no,CRIME,pb,sell
35624,bstream_007,Skymningsflickan,"Wennstam, Katarina",,F,no,CRIME,no,strm
35353,SvB_BS_216,Björnstad,"Backman, Fredrik",,M,no,OTHER,pb,sell
35311,SvB_BS_249,Mannen som sökte sin skugga,"Lagercrantz, David",,M,no,CRIME,hb,both
35274,SvB_BS_269,En högre rättvisa,"Hjorth, Michael",Hans Rosenfeldt,M,no,CRIME,hb,both
35242,SvB_BS_158,VIP-rummet,"Lapidus, Jens",,M,no,CRIME,hb,sell
35191,SvB_BS_174,Playground,"Kepler, Lars",,2,no,CRIME,hb,sell
35183,bstream_029,Den tatuerade cirkeln,"Casserfelt, Susan",,F,no,CRIME,no,strm
35031,SvB_BS_265,En andra chans,"Moyes, Jojo",,F,transl,OTHER,both,both
34954,SvB_BS_278,Husdjuret,"Grebe, Camilla",,F,no,CRIME,pb,sell
34808,SvB_BS_172,STHLM Delete,"Lapidus, Jens",,M,no,CRIME,both,both
34784,SvB_BS_189,I maktens skugga,"Sten, Viveca",,F,no,CRIME,pb,sell
34446,bstream_011,Kärlek sökes,"Hjulström, Carin",,F,no,OTHER,no,strm
34361,SvB_BS_296,Folk med ångest,"Backman, Fredrik",,M,no,OTHER,hb,sell
34351,bstream_009,I sanningens namn,"Sten, Viveca",,F,no,CRIME,no,strm
34316,bstream_042,Mitt hjärta är ditt,"Jansson, Anna",,F,no,CRIME,no,strm
34303,SvB_BS_201,Snövit ska dö,"Neuhaus, Nele",,F,transl,CRIME,pb,sell
34251,bstream_033,5:e Moseboken,"Larsson, Christina",,F,no,CRIME,no,strm
34214,SvB_BS_286,Hon som måste dö,"Lagercrantz, David",,M,no,CRIME,hb,both
34184,SvB_BS_255,Törst,"Nesbø, Jo",,M,transl,CRIME,hb,both
34110,SvB_BS_246,Toner i natten,"Moyes, Jojo",,F,transl,OTHER,both,both
34000,SvB_BS_303,Tatueraren i Auschwitz,"Morris, Heather",,F,transl,OTHER,pb,sell
33932,SvB_BS_297,I hemlighet begravd,"Sten, Viveca",,F,no,CRIME,hb,both
33871,SvB_BS_276,Bara ett barn,"Persson Giolito, Malin",,F,no,CRIME,pb,sell
33857,SvB_BS_181,Sista brevet från din älskade,"Moyes, Jojo",,F,transl,OTHER,pb,sell
33851,SvB_BS_277,Ensam i Paris och andra historier,"Moyes, Jojo",,F,transl,OTHER,pb,sell
33752,SvB_BS_175,Järnblod,"Marklund, Liza",,F,no,CRIME,both,both
33589,bstream_027,Trogen intill döden,"Moström, Jonas",,M,no,CRIME,no,strm
33552,bstream_019,När livet börjar om,"Dillon, Lucy",,F,transl,OTHER,no,strm
33383,bstream_018,Midnattsflickor,"Moström, Jonas",,M,no,CRIME,no,strm
33381,SvB_BS_173,Det är något som inte stämmer,"Haag, Martina",,F,no,OTHER,both,both
33279,bstream_005,Dominodöden,"Moström, Jonas",,M,no,CRIME,no,strm
33273,bstream_001,Alla kan se dig,"Jansson, Anna",,F,no,CRIME,no,strm
33267,SvB_BS_176,Arvet efter dig,"Moyes, Jojo",,F,transl,OTHER,both,both
33095,SvB_BS_244,Min fantastiska väninna,"Ferrante, Elena",,F,transl,OTHER,both,sell
32976,SvB_BS_287,En bur av guld,"Läckberg, Camilla",,F,no,CRIME,hb,both
32954,SvB_BS_300,Jag for ner till bror,"Smirnoff, Karin",,F,no,PRESTIGE,pb,sell
32746,bstream_043,Dotter saknad,"Jansson, Anna",,F,no,CRIME,no,strm
32602,bstream_030,Kvinnan på bänken,"Jansson, Anna",,F,no,CRIME,no,strm
32548,SvB_BS_157,Lejontämjaren,"Läckberg, Camilla",,F,no,CRIME,hb,both
32525,SvB_BS_212,Ett litet liv,"Yanagihara, Hanya",,F,transl,PRESTIGE,pb,sell
32515,SvB_BS_248,Det lilla bageriet på strandpromenaden,"Colgan, Jenny",,F,transl,OTHER,pb,sell
32454,bstream_039,Skuggorna ruva,"Moström, Jonas",,M,no,CRIME,no,strm
32338,SvB_BS_186,Öppnas i händelse av min död,"Moriarty, Liane",,F,transl,OTHER,pb,sell
32283,bstream_010,Rädslans fångar,"Jansson, Anna",,F,no,CRIME,no,strm
32204,SvB_BS_275,Silvervägen,"Jackson, Stina",,F,no,CRIME,pb,both
32150,SvB_BS_254,Top Dogg,"Lapidus, Jens",,M,no,CRIME,hb,both
32141,SvB_BS_301,En helt vanlig familj,"Edvardsson, Mattias",,M,no,CRIME,pb,both
32109,SvB_BS_252,Det förlorade barnet,"Ferrante, Elena",,F,transl,PRESTIGE,hb,sell
32059,SvB_BS_308,På egen hand,"Keyes, Marian",,M,transl,OTHER,pb,sell
32033,SvB_BS_295,Skamvrån,"Sarenbrant, Sofie",,F,no,CRIME,hb,both
31808,SvB_BS_302,Bokhandeln på Riverside Drive,"Skybäck, Frida",,F,no,OTHER,pb,sell
31668,bstream_023,Det du inte vet,"Jansson, Anna",,F,no,CRIME,no,strm
31549,SvB_BS_274,Den lilla bokhandeln runt hörnet,"Colgan, Jenny",,F,transl,OTHER,pb,sell
31533,SvB_BS_259,Sommar på strandpromenaden,"Colgan, Jenny",,F,transl,OTHER,pb,sell
31418,SvB_BS_251,Häxan,"Läckberg, Camilla",,F,no,CRIME,both,both
31404,SvB_BS_267,I fel sällskap,"Sten, Viveca",,F,no,CRIME,hb,sell
31176,bstream_028,Prästens lilla flicka,"Casserfelt, Susan",,F,no,CRIME,no,strm
31060,SvB_BS_253,"Den som stannar, den som går","Ferrante, Elena",,F,transl,OTHER,hb,sell
31024,SvB_BS_206,Tiggaren,"Sarenbrant, Sofie",,F,no,CRIME,both,both
31009,SvB_BS_180,Etthundra mil,"Moyes, Jojo",,F,transl,OTHER,pb,sell
30984,bstream_034,Nådastöten,"Larsson, Christina",,F,no,CRIME,no,strm
30910,SvB_BS_184,Lotus blues,"Ohlsson, Kristina",,F,no,CRIME,pb,sell
30829,SvB_BS_169,Britt-Marie var här,"Backman, Fredrik",,M,no,OTHER,both,sell
30746,SvB_BS_171,Allt jag inte minns,"Khemiri, Jonas Hassen",,M,no,PRESTIGE,both,sell
30698,bstream_004,Vita spår,"Schepp, Emelie",,F,no,CRIME,no,strm
30592,SvB_BS_182,Visning pågår,"Sarenbrant, Sofie",,F,no,CRIME,pb,sell
30517,SvB_BS_202,Glöm mig,"Schulman, Alex",,M,no,OTHER,both,sell
30396,SvB_BS_198,Avdelning 73,"Sarenbrant, Sofie",,F,no,CRIME,pb,both
30295,SvB_BS_283,Syndafloder,"Ohlsson, Kristina",,F,no,CRIME,pb,both
30180,SvB_BS_268,Syndabocken,"Sarenbrant, Sofie",,F,no,CRIME,both,both
30161,SvB_BS_245,Hennes nya namn,"Ferrante, Elena",,F,transl,OTHER,hb,sell
29624,SvB_BS_282,Blodlokan,"Boije af Gennäs, Louise",,F,no,CRIME,pb,sell
29513,SvB_BS_204,I varje ögonblick är vi fortfarande vid liv,"Malmquist, Tom",,M,no,PRESTIGE,pb,sell
29502,bstream_020,Välkommen hem,"Schulman, Ninni",,F,no,CRIME,no,strm
29501,SvB_BS_304,Sommar på den lilla ön i havet,"Colgan, Jenny",,F,transl,OTHER,pb,sell
29410,SvB_BS_260,Jul i det lilla bageriet på strandpromenaden,"Colgan, Jenny",,F,transl,OTHER,pb,sell
29316,SvB_BS_247,Kvinnan på tåget,"Hawkins, Paula",,F,transl,CRIME,pb,sell
29239,SvB_BS_207,Bakom din rygg,"Sarenbrant, Sofie",,F,no,CRIME,both,both
29233,SvB_BS_307,Arv och miljö,"Hjorth, Vigdis",,F,transl,PRESTIGE,pb,sell
28891,bstream_015,Prio ett,"Schepp, Emelie",,F,no,CRIME,no,strm
28861,SvB_BS_281,Kvinnan i fönstret,"Finn, A.J.",,M,transl,CRIME,pb,sell
28492,SvB_BS_200,Störst av allt,"Persson Giolito, Malin",,F,no,CRIME,both,both
27888,SvB_BS_183,Att föda ett barn,"Sandberg, Kristina",,F,no,OTHER,pb,sell
27364,SvB_BS_292,Broder Jakob,"Schepp, Emelie",,F,no,CRIME,hb,both
27324,SvB_BS_280,Strandcaféet,"Diamond, Lucy",,F,transl,OTHER,pb,sell
27289,SvB_BS_178,Liv till varje pris,"Sandberg, Kristina",,F,no,PRESTIGE,hb,sell
26620,SvB_BS_285,Pappas pojke,"Schepp, Emelie",,F,no,CRIME,pb,both
25366,bstream_031,Bakom stängda dörrar,"Paris, B.A.",,F,transl,CRIME,no,strm
