p_sn,id,title,author1,author2,author_gender,translation,category,frmt1,frmt2
34045,bstream_031,Bakom stängda dörrar,"Paris, B.A.",,F,transl,CRIME,no,strm
28379,SvB_BS_307,Arv och miljö,"Hjorth, Vigdis",,F,transl,PRESTIGE,pb,sell
27493,SvB_BS_200,Störst av allt,"Persson Giolito, Malin",,F,no,CRIME,both,both
26857,SvB_BS_256,Never let me go,"Ishiguro, Kazuo",,M,transl,PRESTIGE,hb,sell
26421,SvB_BS_211,Återstoden av dagen,"Ishiguro, Kazuo",,M,transl,PRESTIGE,hb,sell
24680,SvB_BS_245,Hennes nya namn,"Ferrante, Elena",,F,transl,OTHER,hb,sell
24206,SvB_BS_252,Det förlorade barnet,"Ferrante, Elena",,F,transl,PRESTIGE,hb,sell
23891,SvB_BS_169,Britt-Marie var här,"Backman, Fredrik",,M,no,OTHER,both,sell
23734,bstream_026,De sju som såg,"Rudberg, Denise",,F,no,CRIME,no,strm
23684,SvB_BS_291,Kniv,"Nesbø, Jo",,M,transl,CRIME,hb,sell
23502,SvB_BS_253,"Den som stannar, den som går","Ferrante, Elena",,F,transl,OTHER,hb,sell
23450,SvB_BS_244,Min fantastiska väninna,"Ferrante, Elena",,F,transl,OTHER,both,sell
23174,SvB_BS_171,Allt jag inte minns,"Khemiri, Jonas Hassen",,M,no,PRESTIGE,both,sell
23052,SvB_BS_255,Törst,"Nesbø, Jo",,M,transl,CRIME,hb,both
23044,SvB_BS_296,Folk med ångest,"Backman, Fredrik",,M,no,OTHER,hb,sell
22959,SvB_BS_184,Lotus blues,"Ohlsson, Kristina",,F,no,CRIME,pb,sell
22799,SvB_BS_206,Tiggaren,"Sarenbrant, Sofie",,F,no,CRIME,both,both
22680,SvB_BS_170,Mördar-Anders och hans vänner samt en och annan ovän,"Jonasson, Jonas",,M,no,OTHER,both,both
22070,SvB_BS_207,Bakom din rygg,"Sarenbrant, Sofie",,F,no,CRIME,both,both
22060,SvB_BS_198,Avdelning 73,"Sarenbrant, Sofie",,F,no,CRIME,pb,both
22030,SvB_BS_247,Kvinnan på tåget,"Hawkins, Paula",,F,transl,CRIME,pb,sell
22011,SvB_BS_212,Ett litet liv,"Yanagihara, Hanya",,F,transl,PRESTIGE,pb,sell
21998,SvB_BS_269,En högre rättvisa,"Hjorth, Michael",Hans Rosenfeldt,M,no,CRIME,hb,both
21862,bstream_014,På sex meters djup,"Rudberg, Denise",,F,no,CRIME,no,strm
21548,SvB_BS_161,Sonen,"Nesbø, Jo",,M,transl,CRIME,both,sell
21534,SvB_BS_265,En andra chans,"Moyes, Jojo",,F,transl,OTHER,both,both
21517,SvB_BS_294,Bergens stjärnor,"Moyes, Jojo",,F,transl,OTHER,hb,sell
21372,bstream_051,Allt jag fått lära mig,"Westover, Tara",,F,transl,OTHER,no,strm
21237,bstream_045,Under nio nätter,"Rudberg, Denise",,F,no,CRIME,no,strm
21230,SvB_BS_182,Visning pågår,"Sarenbrant, Sofie",,F,no,CRIME,pb,sell
21157,SvB_BS_176,Arvet efter dig,"Moyes, Jojo",,F,transl,OTHER,both,both
20988,SvB_BS_210,Arton grader minus,"Ahnhem, Stefan",,M,no,CRIME,pb,sell
20962,SvB_BS_205,Kvinna inför rätta,"Doughty, Louise",,F,transl,CRIME,pb,sell
20927,SvB_BS_283,Syndafloder,"Ohlsson, Kristina",,F,no,CRIME,pb,both
20890,SvB_BS_280,Strandcaféet,"Diamond, Lucy",,F,transl,OTHER,pb,sell
20836,SvB_BS_178,Liv till varje pris,"Sandberg, Kristina",,F,no,PRESTIGE,hb,sell
20606,SvB_BS_156,Gone Girl,"Flynn, Gillian",,F,transl,CRIME,pb,sell
20526,bstream_013,Motvind,"Buthler, Dan",Dag Öhrlund,M,no,CRIME,no,strm
20486,SvB_BS_276,Bara ett barn,"Persson Giolito, Malin",,F,no,CRIME,pb,sell
20454,SvB_BS_279,Den tyska flickan,"Correa, Armando Lucas",,M,transl,OTHER,pb,sell
20241,bstream_001,Alla kan se dig,"Jansson, Anna",,F,no,CRIME,no,strm
20239,SvB_BS_298,Hundraettåringen som tänkte att han tänkte för mycket,"Jonasson, Jonas",,M,no,OTHER,hb,sell
20236,SvB_BS_216,Björnstad,"Backman, Fredrik",,M,no,OTHER,pb,sell
20205,SvB_BS_180,Etthundra mil,"Moyes, Jojo",,F,transl,OTHER,pb,sell
20178,SvB_BS_195,Äkta amerikanska jeans,"Guillou, Jan",,M,no,OTHER,hb,sell
20131,SvB_BS_278,Husdjuret,"Grebe, Camilla",,F,no,CRIME,pb,sell
20128,SvB_BS_306,Motiv X,"Ahnhem, Stefan",,M,no,CRIME,pb,sell
20116,SvB_BS_186,Öppnas i händelse av min död,"Moriarty, Liane",,F,transl,OTHER,pb,sell
20104,bstream_037,Hämndens pris,"Lewin, Erik",,M,no,CRIME,no,strm
19878,SvB_BS_246,Toner i natten,"Moyes, Jojo",,F,transl,OTHER,both,both
19878,bstream_043,Dotter saknad,"Jansson, Anna",,F,no,CRIME,no,strm
19753,SvB_BS_157,Lejontämjaren,"Läckberg, Camilla",,F,no,CRIME,hb,both
19674,bstream_019,När livet börjar om,"Dillon, Lucy",,F,transl,OTHER,no,strm
19672,bstream_049,Trojanen,"Ahlstedt, Mats",,M,no,CRIME,no,strm
19631,SvB_BS_305,Det som göms i snö,"Gerhardsen, Carin",,F,no,CRIME,pb,both
19559,SvB_BS_262,Till minne av en villkorslös kärlek,"Gardell, Jonas",,M,no,OTHER,hb,sell
19540,bstream_023,Det du inte vet,"Jansson, Anna",,F,no,CRIME,no,strm
19342,SvB_BS_215,De kommer att drunkna i sina mödrars tårar,"Anyuru, Johannes",,M,no,PRESTIGE,hb,sell
19324,SvB_BS_187,Stoner,"Williams, John",,M,transl,OTHER,pb,sell
19321,bstream_042,Mitt hjärta är ditt,"Jansson, Anna",,F,no,CRIME,no,strm
19269,SvB_BS_292,Broder Jakob,"Schepp, Emelie",,F,no,CRIME,hb,both
19251,bstream_047,Offer 2117,"Adler-Olsen, Jussi",,M,transl,CRIME,no,strm
19185,SvB_BS_168,Bombmakaren och hans kvinna,"Persson, Leif GW",,M,no,CRIME,hb,both
19145,bstream_003,Hämnaren,"Buthler, Dan",Dag Öhrlund,M,no,CRIME,no,strm
19128,SvB_BS_183,Att föda ett barn,"Sandberg, Kristina",,F,no,OTHER,pb,sell
19057,SvB_BS_181,Sista brevet från din älskade,"Moyes, Jojo",,F,transl,OTHER,pb,sell
18995,bstream_039,Skuggorna ruva,"Moström, Jonas",,M,no,CRIME,no,strm
18902,SvB_BS_275,Silvervägen,"Jackson, Stina",,F,no,CRIME,pb,both
18742,SvB_BS_302,Bokhandeln på Riverside Drive,"Skybäck, Frida",,F,no,OTHER,pb,sell
18702,bstream_035,Se till mig som liten är,"Öhrlund, Dag",,M,no,CRIME,no,strm
18686,SvB_BS_297,I hemlighet begravd,"Sten, Viveca",,F,no,CRIME,hb,both
18646,bstream_010,Rädslans fångar,"Jansson, Anna",,F,no,CRIME,no,strm
18642,SvB_BS_258,Selfies,"Adler-Olsen, Jussi",,M,transl,CRIME,hb,both
18633,SvB_BS_188,I skymningen sjunger koltrasten,"Olsson, Linda",,F,no,OTHER,pb,sell
18628,bstream_007,Skymningsflickan,"Wennstam, Katarina",,F,no,CRIME,no,strm
18617,bstream_033,5:e Moseboken,"Larsson, Christina",,F,no,CRIME,no,strm
18593,bstream_030,Kvinnan på bänken,"Jansson, Anna",,F,no,CRIME,no,strm
18573,SvB_BS_185,Offer utan ansikte,"Ahnhem, Stefan",,M,no,CRIME,pb,sell
18475,bstream_034,Nådastöten,"Larsson, Christina",,F,no,CRIME,no,strm
18377,bstream_025,Uppståndelsen,"Buthler, Dan",Dag Öhrlund,M,no,CRIME,no,strm
18347,bstream_012,Där inga ögon ser,"Öhrlund, Dag",,M,no,CRIME,no,strm
18316,SvB_BS_194,Kan man dö två gånger?,"Persson, Leif GW",,M,no,CRIME,both,both
18311,bstream_024,Tryggare kan ingen vara,"Öhrlund, Dag",,M,no,CRIME,no,strm
18252,SvB_BS_277,Ensam i Paris och andra historier,"Moyes, Jojo",,F,transl,OTHER,pb,sell
18145,SvB_BS_270,De vänsterhäntas förening,"Nesser, Håkan",,M,no,CRIME,both,sell
18135,bstream_036,Domaren,"Öhrlund, Dag",,M,no,CRIME,no,strm
18099,SvB_BS_173,Det är något som inte stämmer,"Haag, Martina",,F,no,OTHER,both,both
18066,SvB_BS_251,Häxan,"Läckberg, Camilla",,F,no,CRIME,both,both
18013,SvB_BS_301,En helt vanlig familj,"Edvardsson, Mattias",,M,no,CRIME,pb,both
17992,SvB_BS_267,I fel sällskap,"Sten, Viveca",,F,no,CRIME,hb,sell
17953,bstream_046,Snödrev,"Tursten, Helene",,F,no,CRIME,no,strm
17914,bstream_040,Ondskans ansikte,"Ahlstedt, Mats",,M,no,CRIME,no,strm
17911,SvB_BS_260,Jul i det lilla bageriet på strandpromenaden,"Colgan, Jenny",,F,transl,OTHER,pb,sell
17851,bstream_006,Den gränslöse,"Adler-Olsen, Jussi",,M,transl,CRIME,no,strm
17849,bstream_017,Mordbrännaren,"Kant, Johan",Anders Gustafson,M,no,CRIME,no,strm
17823,SvB_BS_274,Den lilla bokhandeln runt hörnet,"Colgan, Jenny",,F,transl,OTHER,pb,sell
17778,SvB_BS_209,Slutet på sommaren,"Motte, Anders de la",,M,no,CRIME,pb,sell
17767,bstream_044,Ingen lämnas kvar,"Öhrlund, Dag",,M,no,CRIME,no,strm
17751,SvB_BS_203,De oroliga,"Ullmann, Linn",,F,no,PRESTIGE,hb,sell
17699,SvB_BS_295,Skamvrån,"Sarenbrant, Sofie",,F,no,CRIME,hb,both
17641,bstream_011,Kärlek sökes,"Hjulström, Carin",,F,no,OTHER,no,strm
17526,SvB_BS_189,I maktens skugga,"Sten, Viveca",,F,no,CRIME,pb,sell
17502,SvB_BS_167,Det som inte dödar oss,"Lagercrantz, David",,M,no,CRIME,both,both
17374,SvB_BS_214,Vänd dig inte om,"Alsterdal, Tove",,F,no,CRIME,pb,sell
17369,SvB_BS_268,Syndabocken,"Sarenbrant, Sofie",,F,no,CRIME,both,both
17363,bstream_008,En mörkare himmel : Gran Canaria,"Jungstedt, Mari",Ruben Eliassen,2,no,CRIME,no,strm
17351,SvB_BS_290,Jag ser dig,"Jungstedt, Mari",,F,no,CRIME,hb,sell
17323,bstream_002,"Falleri, fallera, falleralla","Gerhardsen, Carin",,F,no,CRIME,no,strm
17323,bstream_005,Dominodöden,"Moström, Jonas",,M,no,CRIME,no,strm
17296,SvB_BS_191,Den stumma flickan,"Hjorth, Michael",Hans Rosenfeldt,M,no,CRIME,pb,sell
17250,bstream_027,Trogen intill döden,"Moström, Jonas",,M,no,CRIME,no,strm
17229,SvB_BS_261,Lazarus,"Kepler, Lars",,2,no,CRIME,hb,both
17090,SvB_BS_250,Begynnelse,"Brown, Dan",,M,transl,CRIME,both,sell
16820,SvB_BS_259,Sommar på strandpromenaden,"Colgan, Jenny",,F,transl,OTHER,pb,sell
16700,SvB_BS_165,De underkända,"Hjorth, Michael",Hans Rosenfeldt,M,no,CRIME,hb,both
16679,SvB_BS_179,Konsten att höra hjärtslag,"Sendker, Jan-Philipp",,M,transl,OTHER,pb,sell
16635,SvB_BS_286,Hon som måste dö,"Lagercrantz, David",,M,no,CRIME,hb,both
16603,bstream_018,Midnattsflickor,"Moström, Jonas",,M,no,CRIME,no,strm
16573,bstream_028,Prästens lilla flicka,"Casserfelt, Susan",,F,no,CRIME,no,strm
16547,SvB_BS_284,Höstdåd,"Motte, Anders de la",,M,no,CRIME,pb,sell
16541,SvB_BS_193,Kaninjägaren,"Kepler, Lars",,2,no,CRIME,both,both
16456,SvB_BS_304,Sommar på den lilla ön i havet,"Colgan, Jenny",,F,transl,OTHER,pb,sell
16383,bstream_029,Den tatuerade cirkeln,"Casserfelt, Susan",,F,no,CRIME,no,strm
16371,bstream_009,I sanningens namn,"Sten, Viveca",,F,no,CRIME,no,strm
16329,bstream_048,Sista färjan från Ystad,"Alfredsson, Karin",,F,no,CRIME,no,strm
16307,SvB_BS_196,Simma med de drunknade,"Mytting, Lars",,M,transl,OTHER,pb,sell
16273,SvB_BS_287,En bur av guld,"Läckberg, Camilla",,F,no,CRIME,hb,both
16268,bstream_020,Välkommen hem,"Schulman, Ninni",,F,no,CRIME,no,strm
16243,bstream_015,Prio ett,"Schepp, Emelie",,F,no,CRIME,no,strm
16229,bstream_016,Svart stjärna - S1E1,"Ersgård, Jesper",Joakim Ersgård,M,no,OTHER,no,strm
16141,SvB_BS_199,Det andra ansiktet,"Jungstedt, Mari",,F,no,CRIME,both,both
16134,SvB_BS_289,Den andra dödssynden,"Guillou, Jan",,M,no,OTHER,hb,sell
16103,SvB_BS_299,Jamåhonleva,"Roslund, Anders",,M,no,CRIME,hb,sell
15800,SvB_BS_166,Blå stjärnan,"Guillou, Jan",,M,no,OTHER,hb,sell
15777,SvB_BS_248,Det lilla bageriet på strandpromenaden,"Colgan, Jenny",,F,transl,OTHER,pb,sell
15773,SvB_BS_208,1968,"Guillou, Jan",,M,no,OTHER,hb,sell
15707,SvB_BS_264,De som dödar drömmar sover aldrig,"Guillou, Jan",,M,no,OTHER,hb,sell
15685,SvB_BS_308,På egen hand,"Keyes, Marian",,M,transl,OTHER,pb,sell
15674,SvB_BS_155,Stalker,"Kepler, Lars",,2,no,CRIME,both,both
15588,SvB_BS_271,Tre timmar,"Roslund, Anders",,M,no,CRIME,both,sell
15470,SvB_BS_190,Jakthundarna,"Lier Horst, Jørn",,M,transl,CRIME,pb,sell
15462,SvB_BS_273,1793,"Natt och Dag, Niklas",,M,no,CRIME,pb,sell
15452,SvB_BS_266,Ett mörker mitt ibland oss,"Jungstedt, Mari",,F,no,CRIME,both,both
15431,SvB_BS_257,Det förlovade landet,"Jungstedt, Mari",,F,no,CRIME,both,both
15271,SvB_BS_285,Pappas pojke,"Schepp, Emelie",,F,no,CRIME,pb,both
15230,SvB_BS_249,Mannen som sökte sin skugga,"Lagercrantz, David",,M,no,CRIME,hb,both
15029,SvB_BS_300,Jag for ner till bror,"Smirnoff, Karin",,F,no,PRESTIGE,pb,sell
15024,SvB_BS_202,Glöm mig,"Schulman, Alex",,M,no,OTHER,both,sell
14999,SvB_BS_288,1794,"Natt och Dag, Niklas",,M,no,CRIME,hb,sell
14896,bstream_038,Änglabarnet,"Kant, Johan",Anders Gustafson,M,no,CRIME,no,strm
14825,SvB_BS_158,VIP-rummet,"Lapidus, Jens",,M,no,CRIME,hb,sell
14717,SvB_BS_213,Hjärtats innersta röst,"Sendker, Jan-Philipp",,M,transl,OTHER,pb,sell
14706,SvB_BS_174,Playground,"Kepler, Lars",,2,no,CRIME,hb,sell
14525,SvB_BS_263,Bränn alla mina brev,"Schulman, Alex",,M,no,OTHER,both,both
14179,SvB_BS_254,Top Dogg,"Lapidus, Jens",,M,no,CRIME,hb,both
13991,SvB_BS_282,Blodlokan,"Boije af Gennäs, Louise",,F,no,CRIME,pb,sell
13975,SvB_BS_293,Löparna,"Tokarczuk, Olga",,F,transl,PRESTIGE,hb,sell
13896,SvB_BS_163,Jag heter inte Miriam,"Axelsson, Majgull",,F,no,OTHER,both,sell
13696,SvB_BS_281,Kvinnan i fönstret,"Finn, A.J.",,M,transl,CRIME,pb,sell
13655,SvB_BS_172,STHLM Delete,"Lapidus, Jens",,M,no,CRIME,both,both
13628,bstream_004,Vita spår,"Schepp, Emelie",,F,no,CRIME,no,strm
13546,SvB_BS_201,Snövit ska dö,"Neuhaus, Nele",,F,transl,CRIME,pb,sell
13510,SvB_BS_192,Tre minuter,"Roslund, Anders",Börge Hellström,M,no,CRIME,hb,sell
13399,bstream_022,Den hemliga kvinnan,"Ekberg, Anna",,F,no,CRIME,no,strm
13242,SvB_BS_272,Vardagar,"Lundell, Ulf",,M,no,OTHER,hb,sell
13210,SvB_BS_303,Tatueraren i Auschwitz,"Morris, Heather",,F,transl,OTHER,pb,sell
12936,SvB_BS_177,Björndansen,"Roslund, Anders",Stefan Thunberg,M,no,CRIME,hb,sell
12817,bstream_050,Morden på Mörkö,"Karlsson, Samuel",,M,no,CRIME,no,strm
12741,SvB_BS_197,Ljuset vi inte ser,"Doerr, Anthony",,M,transl,OTHER,pb,sell
12591,SvB_BS_204,I varje ögonblick är vi fortfarande vid liv,"Malmquist, Tom",,M,no,PRESTIGE,pb,sell
12114,bstream_021,Sov du lilla videung,"Börjlind, Rolf",Cilla Börjlind,2,no,CRIME,no,strm
12006,SvB_BS_175,Järnblod,"Marklund, Liza",,F,no,CRIME,both,both
