id,title,author1,author2,author_gender,category,frmt1,frmt2,p_vb,p_nn,p_pn,p_pp,p_ab,p_ma,p_mi,p_kn,p_jj,p_dt,p_pm,p_pl,p_sn,p_pa,p_hp,p_ps,p_ie,p_ha,p_pc,p_rg,p_in,p_ro,p_uo,p_hd,p_hs,r_punct,r_nsubj,r_advmod,r_case,r_root,r_obl,r_obj,r_mark,r_conj,r_cc,r_det,r_amod,r_aux,r_advcl,r_compound:prt,r_nmod,r_cop,r_nmod:poss,r_parataxis,r_xcomp,r_fixed,r_acl:relcl,r_ccomp,r_expl,r_nsubj:pass,r_acl,r_nummod,r_flat:name,r_dislocated,r_appos,r_csubj,r_iobj,r_discourse,r_obl:agent,r_orphan,r_aux:pass,r_compound,r_csubj:pass,r_list
SvB_BS_155,Stalker,"Kepler, Lars",,2,CRIME,both,both,188333,157954,102847,95504,57322,64825,75027,48899,42722,36636,38053,22999,15674,258,7589,10729,6773,8914,11809,3429,2448,736,380,104,37,139477,115840,62647,88688,68162,67107,56426,30360,54954,44863,36667,35654,19944,21974,23183,22379,15637,16208,15257,11760,7595,7128,10539,5306,5141,2761,2834,3460,2251,1460,1356,1797,558,239,135,141,55,55,0
SvB_BS_156,Gone Girl,"Flynn, Gillian",,F,CRIME,pb,sell,184018,119796,134488,76521,79795,62720,62039,43481,44813,37892,23125,16510,20606,23576,12043,15403,11778,10801,9990,4452,3430,976,1357,325,65,147763,113922,84137,65294,59139,51703,55644,47296,38648,35258,37967,32324,32684,26370,17041,15929,20216,18633,17531,13515,12925,12729,10085,6655,3375,4106,3430,2754,2629,3951,1738,2559,1292,150,205,155,95,80,70
SvB_BS_157,Lejontämjaren,"Läckberg, Camilla",,F,CRIME,hb,both,197054,116043,120221,79020,84197,71424,53481,47189,37675,32548,36581,18406,19753,23330,12968,10970,11614,10688,8008,1796,5047,999,514,442,29,147903,118802,90736,67789,66037,53547,55002,43409,37160,40868,32939,23765,35806,25539,18783,13903,18167,15735,16379,12918,12693,11281,11064,7364,4938,4004,1390,1354,2563,1463,2484,1651,1760,253,232,138,72,109,0
SvB_BS_158,VIP-rummet,"Lapidus, Jens",,M,CRIME,hb,sell,180924,131324,116811,81706,84593,84468,54234,37786,38446,35242,37270,18358,14825,22974,12977,11403,6650,8628,7596,6980,3807,921,1698,317,62,160563,119156,85109,72113,83193,54651,52835,32349,30993,30819,35341,26731,30414,20523,18825,18856,19092,16896,12865,11272,15416,10476,9058,6041,4268,3540,5897,3266,2999,2103,1456,1325,896,156,149,143,149,62,6
SvB_BS_161,Sonen,"Nesbø, Jo",,M,CRIME,both,sell,178121,139413,107590,82312,67845,83303,63105,40977,39719,36706,30676,18536,21548,32195,13209,7876,7263,8169,9271,4922,4707,919,1278,319,20,177378,112525,71516,73152,78466,53612,53306,39112,35246,34353,37039,27800,25225,21046,19233,19090,17388,11951,16580,9832,11625,12518,10197,6709,4088,3677,3573,3266,2973,2171,1695,1975,893,183,254,150,150,52,0
SvB_BS_163,Jag heter inte Miriam,"Axelsson, Majgull",,F,OTHER,both,sell,177330,128974,101592,75888,100532,82836,54094,49775,50067,37635,31162,19179,13896,18248,9446,13330,8399,8113,7989,3643,5914,1112,507,260,78,154548,102275,102919,67489,82966,52195,50354,32385,44661,42586,37733,32879,28104,20115,19497,15334,16908,18242,12569,14130,10429,8574,6649,5718,3520,3682,2967,1041,2231,1802,1594,2140,1067,176,202,130,98,91,0
SvB_BS_165,De underkända,"Hjorth, Michael",Hans Rosenfeldt,M,CRIME,hb,both,184225,119340,118635,82414,81563,83042,52968,38513,40437,36336,35784,20601,16700,24081,12516,9987,11021,10661,10446,4989,3641,1081,552,391,77,159133,112411,84905,71576,80513,52584,55619,40253,35187,32297,36382,27607,27660,23545,20969,17919,16999,12715,14723,12899,11404,10646,9596,7289,4054,4238,3656,2866,3081,1878,2092,1732,812,261,222,153,61,61,0
SvB_BS_166,Blå stjärnan,"Guillou, Jan",,M,OTHER,hb,sell,160738,145489,94073,93048,96130,59963,58054,45308,56605,42699,32816,15701,15800,17150,10830,9388,11672,8717,12916,5613,3881,1301,1746,325,35,134355,93430,98795,82076,58528,57100,48369,42063,37913,34951,43081,45266,27125,24701,15843,26221,17589,15220,13934,12463,15751,10328,6157,5832,5550,5832,4793,4220,2948,3202,2121,1654,1520,262,325,191,219,57,14
SvB_BS_167,Det som inte dödar oss,"Lagercrantz, David",,M,CRIME,both,both,165326,119284,109937,79487,97043,61599,65828,60407,47169,40432,37140,15622,17502,21761,13428,12449,8796,7040,10047,3304,4258,652,1097,344,47,147824,105637,99907,67756,62347,51101,48664,38646,44180,51677,40550,31755,23961,22461,15848,17882,18896,16773,10012,12704,16322,10338,8434,7254,4727,4508,2556,6933,2699,2272,1673,1785,1020,308,172,184,160,71,6
SvB_BS_168,Bombmakaren och hans kvinna,"Persson, Leif GW",,M,CRIME,hb,both,170230,130704,101550,90696,87343,64124,58297,39196,49158,44096,47696,12196,19185,1342,22424,16344,9770,9758,9782,8301,4936,1529,1096,205,42,123293,107612,88811,77247,64648,53697,49917,44812,34584,30027,43716,39653,30118,24362,12744,24025,15742,20967,16151,9325,18662,18114,7862,6333,3443,5605,7176,9469,3461,2306,2191,2047,1150,241,144,175,90,78,0
SvB_BS_169,Britt-Marie var här,"Backman, Fredrik",,M,OTHER,both,sell,187668,129367,116341,82772,86559,79528,67980,40311,36963,30829,38918,15887,23891,4703,10389,10791,9603,9482,7817,2889,5442,1122,430,243,75,151715,123074,89047,73001,79715,55599,55590,47221,36084,31867,30708,22451,23620,27341,16616,18009,18337,14681,11922,12427,11062,8603,12820,7368,3404,4526,2029,739,2740,2020,2300,1646,944,168,122,327,56,94,9
SvB_BS_170,Mördar-Anders och hans vänner samt en och annan ovän,"Jonasson, Jonas",,M,OTHER,both,both,164578,166317,86683,101261,88689,61107,54351,43329,48243,41525,27671,14007,22680,4800,12940,10159,14909,7480,12013,10261,4038,2057,356,470,76,119890,97680,93134,83508,62237,59151,47189,52916,35074,34478,41589,36090,23404,27684,14794,27607,16483,17410,11543,12978,19442,11391,9423,8102,5397,6769,7734,4229,2921,2616,2972,1854,1410,241,254,216,89,102,0
SvB_BS_171,Allt jag inte minns,"Khemiri, Jonas Hassen",,M,PRESTIGE,both,sell,194795,129348,135306,77377,74284,77835,51849,46671,38399,30746,21977,19933,23174,4721,15602,13679,9751,12589,7734,5353,4627,1278,2488,444,40,133786,128783,80780,66940,78238,54069,55050,48030,39099,38494,31258,25299,25716,26564,20040,13342,20511,17229,15602,13275,10061,12966,12656,7774,4412,3833,4277,982,3766,1991,1735,1614,847,161,175,188,323,134,0
SvB_BS_172,STHLM Delete,"Lapidus, Jens",,M,CRIME,both,both,174498,140417,110452,81677,79210,92394,58313,34057,37177,34808,40188,17783,13655,22350,12769,11627,7102,7560,8641,8446,3914,885,1667,354,55,172196,116741,79466,72773,90849,53433,50093,31150,28659,26912,35052,26668,27895,18235,18351,21905,18986,17398,15822,11255,13795,10357,8592,5472,4061,3493,6070,3432,3053,3462,1289,1203,1099,275,134,147,159,61,6
SvB_BS_173,Det är något som inte stämmer,"Haag, Martina",,F,OTHER,both,both,186492,126827,128003,82267,103005,83176,50305,46246,43318,33381,15149,24909,18099,89,9538,11068,9183,9582,6166,4281,6499,1109,821,488,0,133126,111390,101164,74659,86281,57802,48553,38394,39548,39193,33692,28014,29544,20938,25463,17123,18765,13042,10868,13730,11157,7120,8628,8318,3017,3460,3615,1131,3638,1176,2373,2307,2262,155,67,111,67,44,67
SvB_BS_174,Playground,"Kepler, Lars",,2,CRIME,hb,sell,186114,147154,102312,91249,57105,66620,67496,46884,41812,35191,37395,22706,14706,29361,7923,13166,7285,8187,11625,2647,1889,596,485,68,26,162668,113929,62398,84951,65573,66909,54722,29642,49156,43310,35250,35982,18417,19642,22450,18519,14689,19310,23574,12136,6110,7064,8255,5311,5021,2970,2383,2962,1813,1268,1098,1583,264,136,238,102,111,85,0
SvB_BS_175,Järnblod,"Marklund, Liza",,F,CRIME,both,both,181045,151990,106372,88525,69501,71228,85664,37282,42098,33752,38772,21616,12006,2019,10581,11326,8303,7623,10171,4632,3725,551,831,346,43,158231,115885,73495,80762,73765,60161,53067,29444,44721,32229,33978,27824,24822,19111,21691,21972,17858,16789,22296,11197,9901,10300,6791,5614,5453,3919,3595,4977,2203,3218,1576,1285,1058,292,162,205,97,54,0
SvB_BS_176,Arvet efter dig,"Moyes, Jojo",,F,OTHER,both,both,180120,117334,135571,76415,73254,79078,63897,39222,40057,33267,19356,18362,21157,33515,10578,17078,11179,9895,8053,4051,6390,676,1208,200,90,175752,116271,77767,66844,70494,52802,55431,44735,35778,33425,33294,27229,26766,25214,18762,15829,18217,20384,16692,11386,8529,9171,10709,5734,2829,3809,3216,1946,2201,2505,1615,2629,1428,110,228,104,110,48,7
SvB_BS_177,Björndansen,"Roslund, Anders",Stefan Thunberg,M,CRIME,hb,sell,161723,148385,104208,82348,84655,88104,70771,49910,43391,39433,24939,20621,12936,296,18813,8392,6482,9843,8932,10010,2973,1812,818,190,14,157881,102483,84313,74969,89736,49258,48518,29363,48893,42730,39498,34149,22909,17148,20958,24814,12983,13921,8392,8558,11055,19021,6103,5654,4152,3690,8179,1230,2774,3708,1045,939,291,213,222,92,102,55,0
SvB_BS_178,Liv till varje pris,"Sandberg, Kristina",,F,PRESTIGE,hb,sell,187492,130515,100365,79630,106569,69887,66878,41988,44749,27289,47543,19103,20836,28,8208,6334,11759,10500,8959,2478,7717,440,237,485,11,136493,109295,110486,69819,70417,53126,49615,43140,45793,37049,27830,25736,37416,25680,20125,16913,20147,10997,12543,13210,10777,9043,11132,6633,3664,4748,1592,1180,2546,3189,3500,1507,3974,181,209,181,23,85,6
SvB_BS_179,Konsten att höra hjärtslag,"Sendker, Jan-Philipp",,M,OTHER,pb,sell,177022,158865,111595,95467,73568,74600,28972,50695,47716,42379,34039,14709,16679,9618,12926,14803,7800,9911,9806,4105,1314,1419,1572,235,188,113037,113119,80242,85649,73274,65369,56489,37018,46027,42215,42555,32608,29992,21664,15248,19952,16163,20034,6909,12856,12762,11507,7917,4457,3753,3789,3554,13806,1666,2006,1290,2100,411,164,94,129,106,70,0
SvB_BS_180,Etthundra mil,"Moyes, Jojo",,F,OTHER,pb,sell,186147,121217,127178,77726,71680,83350,52486,38886,36695,31009,31055,20382,20205,37177,10582,14137,9831,8605,8229,5670,5639,667,1050,291,107,172125,117478,76416,68983,73090,56203,56777,40886,32373,32710,31239,24527,29860,23209,20726,14643,17079,17692,18795,13279,10390,9233,10536,6835,2858,3678,4605,3961,2253,2153,1816,1893,1096,92,207,130,123,54,0
SvB_BS_181,Sista brevet från din älskade,"Moyes, Jojo",,F,OTHER,pb,sell,185509,122945,132744,78816,71491,80262,53954,35472,42642,33857,23105,19206,19057,32485,10981,16638,10272,8785,10299,4264,4514,818,1379,378,128,166114,117309,76498,69342,70470,55191,57502,40297,34127,29768,34154,28863,30309,23004,19658,16394,18584,20192,18469,13144,10333,10008,10650,6156,3669,3656,3122,2433,2669,2257,1629,2379,885,196,189,142,115,108,14
SvB_BS_182,Visning pågår,"Sarenbrant, Sofie",,F,CRIME,pb,sell,197058,119011,112740,83218,86596,73578,47484,39954,37755,30592,33208,21349,21230,27214,12958,11096,16525,12176,9679,2516,2615,773,159,485,30,147603,115187,92837,68823,67832,53378,54309,53616,34278,34208,30919,22756,30691,30374,21993,14741,19378,15068,13335,15435,11106,9501,11363,8262,4201,4835,1892,1427,2883,1179,3576,1684,555,139,159,258,30,188,0
SvB_BS_183,Att föda ett barn,"Sandberg, Kristina",,F,OTHER,pb,sell,183733,134222,107446,71690,108308,59531,71182,56865,48142,27888,29839,17288,19128,73,10478,8406,10246,10362,10197,2317,11346,507,293,458,55,130774,107250,110380,63681,59812,47102,49340,39326,59855,51926,28378,27699,35591,24924,18162,17044,21665,13229,12098,13058,10833,11499,10258,7819,3967,4652,1699,905,3136,2769,2720,1699,6254,165,92,159,12,67,0
SvB_BS_184,Lotus blues,"Ohlsson, Kristina",,F,CRIME,pb,sell,198217,108991,141162,76092,85762,93491,45739,36126,38918,30910,36633,16745,22959,1155,15426,13985,11488,10751,7091,3545,3193,999,197,418,8,139893,131721,90355,64653,94105,51331,55425,48203,23623,28494,31147,23770,28806,23786,17637,13101,19193,18939,12986,13977,10382,11480,13191,8188,4774,4512,2751,2825,3349,1245,2546,2022,811,221,205,188,16,147,0
SvB_BS_185,Offer utan ansikte,"Ahnhem, Stefan",,M,CRIME,pb,sell,187870,123454,109561,83733,86561,73032,43323,51429,39119,37485,30812,22959,18573,22175,12532,11095,11257,10842,9562,5328,4650,1108,3081,354,106,137453,105022,89591,70452,69455,53093,52987,45428,39079,42514,37692,28510,34105,25519,23263,17172,18588,14789,11343,11687,16919,11004,9173,7169,4928,4488,4007,4189,3471,1670,1745,1493,1138,197,212,96,233,121,5
SvB_BS_186,Öppnas i händelse av min död,"Moriarty, Liane",,F,OTHER,pb,sell,187544,117059,114886,77259,75989,78985,54547,39936,46814,32338,44354,14835,20116,30349,9778,15834,10697,9171,9610,3180,4418,927,1023,304,48,163322,114231,80367,67241,70812,53764,52159,44098,35270,31723,32474,30773,34615,22728,15298,15674,20555,22193,19413,12375,12175,8947,9842,6583,3771,4266,2229,2596,2341,2492,1901,1686,1262,248,248,192,80,56,0
SvB_BS_187,Stoner,"Williams, John",,M,OTHER,pb,sell,174415,135256,113885,87803,70767,55162,58556,53407,53062,41698,32359,15261,19324,23941,13589,12670,8962,8983,11970,3342,3374,1347,554,178,136,137439,111420,76418,80209,49229,62223,53710,40559,49396,45406,41729,36924,24264,24275,15605,19574,16065,18102,18217,15334,10466,14592,7583,4679,5546,4857,2705,3750,1849,2476,1379,1880,1285,324,167,230,63,73,0
SvB_BS_188,I skymningen sjunger koltrasten,"Olsson, Linda",,F,OTHER,pb,sell,180515,116746,141307,73859,95456,88782,45267,48845,43238,36404,18034,18224,18633,16209,9053,13945,9024,10163,8776,1942,4074,1139,58,292,15,149908,117257,97909,65462,86621,49838,56935,39733,33994,40361,36608,27759,25277,22050,18720,14062,17698,16267,10996,13449,11945,8192,9900,8601,3256,4454,1489,701,2891,1475,2103,2176,1416,161,102,146,29,58,0
SvB_BS_189,I maktens skugga,"Sten, Viveca",,F,CRIME,pb,sell,194163,130646,106080,86516,75808,79253,48812,32711,40178,34784,46845,22403,17526,29755,12007,8296,11108,8990,8385,2590,1842,418,623,214,45,157144,118559,80259,76031,75123,59956,54340,39813,27780,27281,34865,29934,33716,23819,23115,16458,16992,13066,17962,12274,11197,10547,8874,8126,4210,3587,2029,3338,2448,1549,2528,2065,338,187,169,116,125,80,0
SvB_BS_190,Jakthundarna,"Lier Horst, Jørn",,M,CRIME,pb,sell,184352,149332,109256,95544,53634,78928,48904,41461,41480,39034,37600,22417,15470,27013,13272,5112,9345,7855,10358,6431,1701,1022,96,382,0,154081,113852,60084,85053,74838,63706,58030,36416,38279,35900,39406,30778,26554,20410,22742,22675,18289,8801,13865,9775,8476,12059,8380,6794,5695,3832,5122,7491,2828,1338,1749,1691,210,363,182,153,48,57,0
SvB_BS_191,Den stumma flickan,"Hjorth, Michael",Hans Rosenfeldt,M,CRIME,pb,sell,186536,118794,118377,83799,86216,82284,45586,42078,40671,35655,39526,20473,17296,20898,12219,10233,10644,9681,10220,4484,2733,1003,263,289,40,148108,115320,88269,72690,79504,54775,55449,40186,35918,35797,35608,26896,28916,24163,21052,17329,17047,13983,13371,12805,12637,10752,8974,6921,3743,4073,3541,2908,2659,1421,2141,1676,741,209,121,215,40,40,0
SvB_BS_192,Tre minuter,"Roslund, Anders",Börge Hellström,M,CRIME,hb,sell,155238,150146,95110,85355,84566,79436,74357,43829,49641,42624,34673,17087,13510,473,17087,10607,9295,10014,12039,9250,2922,1653,801,227,57,153320,94019,85721,75979,80471,50341,46782,35210,45470,35487,42952,40024,20937,19668,17605,26079,12279,18053,8380,10834,11945,18299,5925,5660,6234,5275,7458,8468,2720,4543,1325,1205,303,398,259,151,158,63,0
SvB_BS_193,Kaninjägaren,"Kepler, Lars",,2,CRIME,both,both,184744,166886,95546,99378,56757,62787,68305,48425,42459,39340,35832,25730,16541,182,7801,10751,7211,8196,12729,4312,2574,869,2445,169,32,130820,110408,61763,91980,64473,69051,58903,32467,56750,44307,39470,38121,18766,22131,25905,24666,14304,16554,13410,12469,8572,7600,10141,4533,4766,2963,3793,3664,1867,1446,1154,1634,434,149,162,149,195,58,0
SvB_BS_194,Kan man dö två gånger?,"Persson, Leif GW",,M,CRIME,both,both,176943,126751,105795,87533,89377,67549,63531,36517,43277,42021,47964,14250,18316,702,21443,15141,8753,10941,8482,7240,5396,1398,405,263,14,131377,111170,90842,75147,67907,54022,48943,40758,30864,28277,41764,33991,32917,22793,14696,22928,16911,19525,18430,9205,18059,17269,7949,7260,4255,4977,5990,9705,3856,2262,2323,1668,1209,263,115,169,81,122,0
SvB_BS_195,Äkta amerikanska jeans,"Guillou, Jan",,M,OTHER,hb,sell,174339,149690,106038,92722,103060,58151,33624,55508,53949,39515,29977,18538,20178,1436,11758,8665,11635,10803,8967,7033,1346,1983,898,155,33,93081,106046,106944,82335,58469,59938,47609,47495,42322,43375,39630,38014,27758,28533,18766,26175,22234,13659,8420,14222,15503,11570,8420,8118,4088,5312,5728,4218,3313,2464,3011,1518,849,269,188,188,147,73,0
SvB_BS_196,Simma med de drunknade,"Mytting, Lars",,M,OTHER,pb,sell,173203,151979,106392,90846,65497,85975,52622,42327,43312,40761,27616,21581,16307,23237,10354,7445,7132,9384,10235,6587,2872,1104,3081,149,0,160998,110197,70458,82431,81723,59783,50347,34964,39567,35031,40738,30608,22767,20239,21917,23528,17023,11235,14315,10481,10533,10697,7699,5192,4454,4200,4737,4841,2305,2283,1149,1761,545,403,179,119,492,60,0
SvB_BS_197,Ljuset vi inte ser,"Doerr, Anthony",,M,OTHER,pb,sell,153448,188171,83377,98036,53923,72920,58792,43786,48505,46152,33989,18228,12741,18167,11722,14074,7030,8404,12816,10396,1197,1945,1543,422,218,149206,102122,59424,91053,71363,63428,51523,29501,47430,37089,46431,40937,16780,18018,18582,31466,13782,23137,13027,9709,9396,12871,6228,3862,5806,3937,8308,5290,1489,4385,1108,1897,326,354,258,88,279,75,34
SvB_BS_198,Avdelning 73,"Sarenbrant, Sofie",,F,CRIME,pb,both,198542,120322,113913,82061,85615,73255,51917,37218,39809,30396,31244,20134,22060,25213,12773,10950,16350,11890,10136,2064,3004,573,69,424,69,149640,115105,92288,67533,67786,53224,54084,54073,32265,31256,30671,24709,33503,30063,21315,13575,18540,16144,13667,14848,11718,9884,12372,7785,4437,4712,1766,1043,3027,1754,3692,1949,837,183,195,149,23,172,11
SvB_BS_199,Det andra ansiktet,"Jungstedt, Mari",,F,CRIME,both,both,184217,141763,113124,89036,81871,81263,45727,44266,51564,38068,30481,20053,16141,113,11591,11591,9481,9131,11736,3562,3881,751,309,257,21,126744,113248,86338,79307,81778,59758,52017,37554,41589,37718,38202,34857,27064,21484,20475,20918,18839,15606,11025,13866,10418,10675,7649,6650,6084,3788,2677,4087,2532,1482,2121,1709,1040,154,165,226,51,103,0
SvB_BS_200,Störst av allt,"Persson Giolito, Malin",,F,CRIME,both,both,196814,119518,136883,78819,80628,67905,54110,41878,38267,28492,28967,16506,27493,17865,9956,13550,11560,12510,8482,4585,2161,1384,1392,270,8,139552,124757,88529,67013,66153,52284,52710,51629,39528,35746,28688,22147,32585,29687,16604,16104,20214,18200,14410,15318,11634,9022,14508,7704,3889,3864,3570,2055,2792,3087,2661,1957,565,229,196,254,65,90,0
SvB_BS_201,Snövit ska dö,"Neuhaus, Nele",,F,CRIME,pb,sell,171436,133689,101796,91467,83348,73158,56231,39662,42598,34303,46153,18717,13546,29721,11800,15649,7825,8244,10498,4776,3593,914,419,351,106,158522,106478,87129,80813,64063,63186,52813,32488,35825,33602,34616,32845,27593,21145,19042,19023,14742,21634,20607,10942,13196,9678,6041,5083,4113,3843,3994,7518,2579,2216,1246,1759,889,163,300,119,88,69,0
SvB_BS_202,Glöm mig,"Schulman, Alex",,M,OTHER,both,sell,182145,143299,136170,86630,82318,86213,51018,43228,33856,30517,10607,21962,15024,20066,9772,11476,7668,10746,6190,5060,4434,817,591,191,0,156619,123650,85465,78962,84248,60495,52235,32534,37820,37368,30413,20466,22675,20119,22240,19753,18745,15337,15198,9425,9703,9564,8712,6677,3460,3634,3756,713,3339,1635,2069,1513,922,139,87,174,70,70,0
SvB_BS_203,De oroliga,"Ullmann, Linn",,F,PRESTIGE,hb,sell,179971,149348,127943,81520,71472,66696,67517,53181,48665,36997,15810,14855,17751,2678,10495,14004,8066,9135,8159,7391,5097,1588,1360,291,10,136767,118216,75520,73434,67496,56077,51001,35845,56492,46641,37174,30530,26211,22028,15613,19672,22319,17772,14554,10287,11533,11761,9727,6581,3727,4391,5076,1547,2927,3166,1734,2159,1308,135,228,135,156,42,21
SvB_BS_204,I varje ögonblick är vi fortfarande vid liv,"Malmquist, Tom",,M,PRESTIGE,pb,sell,192759,132294,147257,81883,64595,69610,85081,38446,39189,29513,30610,17476,12591,448,9157,8697,6030,7670,6738,5877,12367,661,885,165,0,155210,131173,68112,75605,69846,57126,53963,26952,48594,33242,29477,23318,23931,22846,17642,20615,21406,14385,26338,10927,9818,12072,7859,8095,3021,2608,4425,1888,2820,3623,2183,1841,8390,153,142,142,177,35,0
SvB_BS_205,Kvinna inför rätta,"Doughty, Louise",,F,CRIME,pb,sell,176025,137346,131996,92588,74233,54330,66073,40798,45509,38318,16176,18085,20962,16462,10902,16958,12292,11353,10752,3907,2968,1014,571,286,98,136369,111492,80236,80499,50588,60303,52459,47192,44780,34712,38596,31233,25343,28108,18415,23344,18543,20068,15042,12465,11105,12337,10023,7130,5042,5372,2772,3313,2570,3952,2179,2720,947,195,143,255,90,68,0
SvB_BS_206,Tiggaren,"Sarenbrant, Sofie",,F,CRIME,both,both,197175,121674,118772,84825,85807,68502,49096,38823,39793,31024,31685,19470,22799,21796,12941,11341,16184,11917,8940,2230,2507,693,1515,469,21,138850,116713,92528,70348,64000,53694,55401,54697,31963,33158,31440,24804,34726,30608,20302,15960,19662,16589,12802,15117,11906,10316,11927,8183,4470,4822,1856,1387,3393,1515,3531,1750,640,181,256,128,288,85,0
SvB_BS_207,Bakom din rygg,"Sarenbrant, Sofie",,F,CRIME,both,both,198720,112841,120889,80852,87547,74269,46473,42618,40184,29239,40105,20650,22070,17449,12342,13222,14710,10618,8431,2390,2480,1014,575,316,0,137706,118161,93217,67303,72387,52470,54262,51207,33308,36329,29814,25497,34108,27864,21405,15284,19049,18204,11351,15544,12252,9457,12140,8014,3900,4576,1826,2288,2795,1510,3258,2018,631,113,225,225,79,225,0
SvB_BS_208,1968,"Guillou, Jan",,M,OTHER,hb,sell,151361,168014,78114,97768,92104,55774,55157,46740,60227,45176,35796,14306,15773,14006,11448,9086,11380,8597,15187,6800,3588,1437,1632,459,68,124508,89284,95835,86380,54420,57775,47252,42972,39828,35503,45710,51645,24040,24483,14239,33472,17639,17293,11945,11982,15187,11523,5626,5724,6326,6619,5483,5122,2204,3889,1941,1294,1549,436,263,173,346,90,0
SvB_BS_209,Slutet på sommaren,"Motte, Anders de la",,M,CRIME,pb,sell,174977,149250,106400,86627,83934,79789,50773,38635,44485,37026,26733,21889,17778,19475,13406,11473,11342,8465,8806,4399,2344,901,656,306,131,149503,109294,88009,74900,76081,56055,56177,41687,40139,31412,37035,30870,20245,23069,22335,22125,17044,16580,11220,13537,12488,11797,9147,4818,4416,4748,3489,1828,2282,2387,1758,2169,586,236,271,114,96,52,0
SvB_BS_210,Arton grader minus,"Ahnhem, Stefan",,M,CRIME,pb,sell,180089,122127,111234,88468,94815,64494,44286,50125,39048,37471,27757,22703,20988,24124,14138,10667,12279,11378,10321,4967,4782,1016,2345,260,121,132084,104084,98471,72689,57685,54537,52787,50881,35698,40289,37505,29247,29276,29039,23142,18343,18978,13942,14219,11320,18620,12330,9050,7889,4153,4678,4135,3812,3754,1507,1871,1692,1479,248,185,58,266,52,6
SvB_BS_211,Återstoden av dagen,"Ishiguro, Kazuo",,M,PRESTIGE,hb,sell,175173,146518,109571,92356,90254,47687,45917,38218,50906,48447,25566,11132,26421,19270,13555,15812,15741,9765,10359,2566,2257,1105,760,499,143,112600,97643,91655,77482,46226,56716,50871,58320,31732,30960,49029,38587,34833,29962,11619,30770,20172,21242,9302,13543,18474,12652,11512,9124,5809,7556,2352,6083,2958,2542,3421,2637,796,261,178,154,48,178,0
SvB_BS_212,Ett litet liv,"Yanagihara, Hanya",,F,PRESTIGE,pb,sell,185653,118757,129483,80596,72737,45176,80385,54191,41808,32525,29996,13444,22011,25333,13275,11869,11630,12226,9317,4209,2575,1588,687,291,237,150364,115543,82712,69423,36781,53737,52791,46847,53241,47580,32642,25042,30743,30039,13566,18474,19016,16572,20981,14607,11493,13700,10655,5601,4238,5507,3143,1922,2444,5213,1577,2028,793,297,274,248,77,88,0
SvB_BS_213,Hjärtats innersta röst,"Sendker, Jan-Philipp",,M,OTHER,pb,sell,172346,144055,122935,86573,76458,91134,41127,35523,46032,44050,16841,14009,14717,19602,13261,20543,10186,10661,10327,3975,2377,1598,870,486,314,150367,110150,82577,77216,89051,59758,57260,35786,33723,28787,44262,32286,25317,20938,14727,18004,15627,24680,8416,11875,11703,10499,7192,4805,3287,4329,3449,5411,2417,1477,1396,2124,465,223,152,121,111,30,0
SvB_BS_214,Vänd dig inte om,"Alsterdal, Tove",,F,CRIME,pb,sell,185826,132580,115575,82718,87300,62055,69645,37941,38636,39818,27883,18712,17374,22451,15697,8506,8957,10538,8425,3821,2638,939,1678,222,67,153582,114370,91764,73458,60407,54037,51835,37498,38089,32059,39803,24676,31623,24062,18808,19702,18135,11965,19857,11891,11048,15985,8780,9068,5358,4501,3111,2638,3488,3096,2121,1463,732,325,207,207,200,52,0
SvB_BS_215,De kommer att drunkna i sina mödrars tårar,"Anyuru, Johannes",,M,PRESTIGE,hb,sell,171848,161634,111772,99643,54277,63173,64396,46453,40422,41740,18364,18377,19342,16557,17766,16218,8516,10038,13311,2717,964,1127,1005,149,190,143637,110414,61489,90841,59248,66664,51737,38955,49889,40205,41699,31784,23362,22004,18622,24748,13868,23539,13243,11464,8326,17888,8965,4482,5392,5324,1807,1290,2160,3043,1059,1752,149,353,244,149,122,81,0
SvB_BS_216,Björnstad,"Backman, Fredrik",,M,OTHER,pb,sell,186984,147482,113114,86401,81989,72299,59446,40066,41444,35353,30840,14631,20236,5755,11204,14667,9547,11982,7198,4848,2528,1185,500,271,29,137107,119441,87337,75355,72406,57218,57496,43436,38702,32233,35339,26413,26392,26606,15074,19451,19615,20344,11996,13903,11518,10932,11311,6020,3827,4927,3863,621,3106,2513,2064,2156,436,236,150,293,107,57,0
SvB_BS_244,Min fantastiska väninna,"Ferrante, Elena",,F,OTHER,both,sell,182759,123476,126903,88762,78186,52403,53858,61523,53229,33095,27127,17956,23450,12298,15010,13934,10472,9697,9154,3023,2015,1085,267,284,34,118042,111962,87246,75603,51421,60127,55434,49544,56709,52575,33250,29289,27790,30038,18231,15673,17163,17887,9912,16345,12392,13813,10282,5288,3703,4719,2463,2540,2497,2850,1481,2472,448,215,164,233,60,138,0
SvB_BS_245,Hennes nya namn,"Ferrante, Elena",,F,OTHER,hb,sell,192605,108079,136189,82476,79733,53965,56255,58695,49338,30161,25608,18370,24680,17082,14745,13955,12065,10393,9191,2245,2794,670,355,315,34,126426,115002,88506,68475,52396,54749,56685,52934,53387,49939,30309,25511,31833,31609,18525,13474,18656,16853,12226,16664,12546,13720,10788,6099,3837,4421,1735,1895,2668,2451,1689,2451,555,183,183,401,115,103,0
SvB_BS_246,Toner i natten,"Moyes, Jojo",,F,OTHER,both,both,194051,121920,125232,78411,75202,73791,56040,36265,42283,34110,25559,18859,19878,31893,12469,13874,12270,11203,8800,2727,3470,592,695,303,103,161249,117541,80793,68234,62733,54505,54512,44583,33911,30241,34269,27927,37505,26206,19334,15120,17985,16945,19981,13103,11774,11154,11113,7312,3250,3959,2410,1866,2341,2678,2059,1949,702,165,248,193,90,62,0
SvB_BS_247,Kvinnan på tåget,"Hawkins, Paula",,F,CRIME,pb,sell,194647,106733,158894,80439,81764,68905,67646,39903,35490,29316,18243,18218,22030,19643,9179,11336,11056,10702,8142,3927,2569,831,132,198,58,155576,124005,86391,68535,64822,54276,54836,45196,43640,34272,29250,18852,29505,26443,18622,14456,20318,13197,20120,13287,12489,8817,12324,8364,3219,3532,2667,1688,2832,3252,1605,2404,667,156,132,148,8,99,0
SvB_BS_248,Det lilla bageriet på strandpromenaden,"Colgan, Jenny",,F,OTHER,pb,sell,181910,112662,114012,73252,82554,71139,75849,42564,47561,32515,29147,20464,15777,38791,10947,9596,11257,8119,9644,2129,7515,643,1652,222,79,184937,112273,85200,62925,63934,49531,49467,39569,38822,36542,32634,31824,28606,23411,20488,14148,17111,12258,25167,12830,12003,9787,8016,7301,3472,3916,1716,1303,2224,2463,1613,1883,1692,262,334,159,111,64,8
SvB_BS_249,Mannen som sökte sin skugga,"Lagercrantz, David",,M,CRIME,hb,both,171540,124643,113166,82184,86552,72864,56645,62275,44257,35311,42233,16452,15230,19030,11905,13135,7708,7054,9873,3395,2344,771,1160,241,31,147348,108743,89503,72599,72459,54052,48493,33940,51288,54621,35420,27034,22020,18991,17013,18648,19621,17457,10332,13112,12816,9562,7529,7117,6961,3761,2663,7599,2141,2422,1456,1791,491,288,202,202,171,132,0
SvB_BS_250,Begynnelse,"Brown, Dan",,M,CRIME,both,sell,166875,163452,79588,92792,64932,64104,52995,37542,51592,45222,46353,14736,17090,31993,12450,11746,11091,8916,15434,4597,2329,1001,2762,229,179,148450,99694,70042,81695,56300,59118,52185,41645,35954,31462,45500,47174,25160,24394,15231,27662,16164,24499,16392,11597,12073,12289,8508,4659,6451,4838,3936,5252,1817,3961,1446,2249,692,395,334,167,507,80,31
SvB_BS_251,Häxan,"Läckberg, Camilla",,F,CRIME,both,both,195128,120234,117672,81335,76823,76712,52862,46100,37048,31418,40089,18607,18066,25233,12534,11216,10464,10146,7304,2632,5676,727,1570,355,50,154241,119523,82165,71399,74634,55064,54482,39800,35652,40155,31785,24052,33070,24097,19090,15967,17359,15988,16971,12406,11336,11076,10683,6325,4805,4007,1933,1413,2780,1277,2041,1884,1723,202,194,83,248,91,0
SvB_BS_252,Det förlorade barnet,"Ferrante, Elena",,F,PRESTIGE,hb,sell,193534,107358,138283,82674,80795,50382,54863,56891,50103,32109,24422,16775,24206,17310,14179,17100,12442,11024,9111,2602,2152,752,478,387,68,121907,115467,89706,69184,47068,56116,56145,52962,50035,48697,32514,26825,32371,32018,17117,12618,20203,20061,15112,17396,12436,14059,10563,6742,3826,4857,2101,1532,2511,2500,1925,2107,569,239,131,256,40,85,0
SvB_BS_253,"Den som stannar, den som går","Ferrante, Elena",,F,OTHER,hb,sell,191912,109400,136541,82493,78828,51954,60165,57537,48557,31060,24794,16160,23502,18553,15070,15540,11797,9893,9058,2432,3111,756,293,561,33,129941,114245,86732,69666,49092,54778,57191,50715,51844,49626,31687,26965,32326,30630,16786,13642,19244,18651,15155,16101,11771,14216,10056,6202,3600,4519,1911,1376,2772,2778,1728,2302,887,215,143,346,46,117,0
SvB_BS_254,Top Dogg,"Lapidus, Jens",,M,CRIME,hb,both,177657,132298,110426,76239,81301,81485,60398,37794,37696,32150,46958,18559,14179,31388,13360,10434,6694,8691,7352,7606,3993,750,2066,450,75,172544,119071,83470,67577,77405,51569,51182,32854,31278,29772,32554,25652,28451,21145,18894,19887,18288,16551,18882,11894,13758,12379,8570,5529,4357,3676,6031,4848,2984,4126,1327,1241,1050,254,231,133,242,75,271
SvB_BS_255,Törst,"Nesbø, Jo",,M,CRIME,hb,both,175597,129553,105607,78500,67195,81241,66575,41122,36937,34184,42920,17165,23052,38515,12307,8025,8833,8257,8865,5187,6555,1228,2354,221,5,184829,111580,70981,68407,74353,50838,51667,43583,34852,34055,34351,27032,24942,22669,17440,18560,18269,12431,18199,9264,12016,11930,10637,7201,4153,4196,3754,6178,2752,2801,1750,1950,1422,237,280,92,280,70,0
SvB_BS_256,Never let me go,"Ishiguro, Kazuo",,M,PRESTIGE,hb,sell,187547,104749,145135,83180,102396,54460,51898,50507,39441,38642,23023,15991,26857,15482,12484,8277,9867,13974,8295,3189,2353,1199,781,245,27,121512,118995,109982,71050,51343,56813,49781,51425,38532,42576,38651,25376,32063,30383,16245,16718,19698,11121,11766,13756,14083,12257,11294,10112,4007,4852,2317,1499,3316,2144,2453,2044,1027,200,209,191,82,127,0
SvB_BS_257,Det förlovade landet,"Jungstedt, Mari",,F,CRIME,both,both,182546,150515,103622,95079,79917,76307,46417,43708,48507,39674,34348,21192,15431,31,13125,10901,9712,9577,11273,2937,3527,869,434,310,41,122611,110231,83175,84912,76556,64320,51826,36457,43356,37750,39850,35227,26022,21843,22267,23995,18006,14583,10446,13021,10849,12256,7519,6299,6578,3816,2224,4871,2430,1572,2017,1572,838,331,124,83,72,93,0
SvB_BS_258,Selfies,"Adler-Olsen, Jussi",,M,CRIME,hb,both,168438,128184,114107,87538,97262,65137,55430,42874,40749,35666,36575,17888,18642,22292,14163,11175,9327,10421,11008,6241,4968,875,530,461,52,142300,108471,100112,77152,60289,58453,53219,39558,37531,36236,35896,30081,23271,25545,18492,19954,16748,17249,15153,12292,15291,11549,8187,7525,4214,4911,4577,3765,3184,2309,1802,2245,1624,213,196,242,58,92,17
SvB_BS_259,Sommar på strandpromenaden,"Colgan, Jenny",,F,OTHER,pb,sell,181439,109675,113402,72678,83918,71888,76792,42198,46197,31533,32290,20622,16820,40165,11397,9076,10969,8180,8895,2378,7324,634,1152,329,49,188014,111691,86115,62359,64556,49299,49875,39672,37269,36306,31681,30718,28291,22588,20671,13125,17947,11973,24654,12302,13043,9924,8418,7299,3464,3810,1843,1588,2576,2559,1909,1819,1761,280,288,123,173,16,0
SvB_BS_260,Jul i det lilla bageriet på strandpromenaden,"Colgan, Jenny",,F,OTHER,pb,sell,183202,106402,114668,70411,89272,72865,73837,44280,47231,29410,31242,17210,17911,37405,12676,10697,11387,8537,8435,2216,8978,509,893,271,57,183213,113107,90120,59872,65379,46598,48486,42278,37529,37789,29569,30032,29343,23610,17345,13241,19279,14338,25261,12777,13659,10425,8548,7248,3223,3901,1730,1470,2408,2160,1549,1696,2001,181,328,147,102,57,0
SvB_BS_261,Lazarus,"Kepler, Lars",,2,CRIME,hb,both,189440,166062,99825,97593,55853,67127,63601,46601,44592,39009,34929,24282,17229,317,7876,11200,7721,8078,11328,3972,2043,924,229,155,13,130755,113871,61207,89852,68537,67262,58935,33830,53648,42522,39103,36527,21477,21490,24511,24572,17094,17539,13547,11672,7357,7559,10654,5664,4612,2866,3385,2481,1976,1173,1719,1821,297,148,101,142,27,67,0
SvB_BS_262,Till minne av en villkorslös kärlek,"Gardell, Jonas",,M,OTHER,hb,sell,175295,148762,99584,90768,94404,61966,48047,51160,45562,39531,30959,15678,19559,3860,15860,14331,10848,12279,11211,4865,2520,1424,1103,342,84,113761,104568,100338,78580,62531,55607,47084,46260,47132,41674,40110,30554,28187,25723,16188,24425,20697,21807,6338,12809,14101,15252,9165,6394,6492,5717,3476,2925,3113,3141,2227,1647,1047,307,147,244,112,119,0
SvB_BS_263,Bränn alla mina brev,"Schulman, Alex",,M,OTHER,both,both,174602,144874,129789,93274,69909,73489,54858,42200,39773,39909,20396,18903,14525,17511,13642,15203,7059,11148,8874,5803,2053,1374,458,271,102,145179,118658,77120,85791,71860,63851,53704,32375,39519,35243,40401,27573,21448,20956,19157,23128,17443,20362,13575,10860,8348,13880,8586,5803,4666,4530,4514,2002,2596,2562,1273,1850,475,187,119,204,102,102,0
SvB_BS_264,De som dödar drömmar sover aldrig,"Guillou, Jan",,M,OTHER,hb,sell,148072,167943,74455,101156,93137,53430,51285,46713,61069,47585,42169,13111,15707,14293,12760,9095,11226,7934,16284,6035,2863,1470,1808,359,42,118509,86103,96162,89648,52445,58713,46333,42063,38785,35395,47901,53550,24429,23156,13336,35219,17275,19885,11247,12211,16635,12654,5634,6246,5902,6739,4966,7238,2251,4023,2005,1252,943,492,253,169,169,63,0
SvB_BS_265,En andra chans,"Moyes, Jojo",,F,OTHER,both,both,181639,117793,134560,82512,75061,74720,51335,43080,42379,35031,25357,18319,21534,28407,11080,14940,12140,9808,8572,4128,5382,865,865,371,122,153707,113818,79334,71237,67371,56303,54775,46897,38349,36663,35195,29235,28103,26088,18825,17004,17863,17741,14837,12414,11957,10009,10995,5991,2928,4079,3312,3976,2447,2332,1778,2539,1242,158,177,140,134,37,12
SvB_BS_266,Ett mörker mitt ibland oss,"Jungstedt, Mari",,F,CRIME,both,both,187555,139719,109267,89804,82506,79474,50073,45403,45159,38594,36430,21125,15452,37,13289,8154,8399,9817,10134,3276,4707,819,367,379,61,129205,114364,85978,79963,80012,60746,50917,34523,42445,38888,38900,30721,27934,21161,21650,20403,19425,11675,13007,12824,12445,11479,7689,6479,6601,3276,2531,4890,2702,1540,2017,1577,1137,171,183,220,24,147,147
SvB_BS_267,I fel sällskap,"Sten, Viveca",,F,CRIME,hb,sell,198572,128753,111507,83496,75835,83664,45233,31043,40107,31404,42771,22861,17992,29102,9385,12514,12104,9666,8832,2655,1444,682,160,193,24,157446,121205,80624,73509,79325,58974,56070,41672,26319,25661,31557,29038,35030,24947,23631,14848,17607,16605,17198,13773,9899,8503,8262,7187,4356,3874,2118,2503,1861,1251,2591,1837,152,128,168,168,8,96,0
SvB_BS_268,Syndabocken,"Sarenbrant, Sofie",,F,CRIME,both,both,195012,121090,118604,76453,78838,86117,55758,38042,37605,30180,32409,19978,17369,30617,11770,9821,12005,11053,8690,2945,4211,795,146,482,11,171663,121673,85120,65881,79723,51569,54179,41144,32286,33013,30695,22767,30539,24558,20751,13875,20292,14088,17179,12565,8634,8657,9407,8029,3964,3953,1949,1153,2777,1265,2912,1725,1288,224,325,90,22,67,0
SvB_BS_269,En högre rättvisa,"Hjorth, Michael",Hans Rosenfeldt,M,CRIME,hb,both,186006,110992,125520,82682,82103,75498,60384,38174,38847,35274,36013,20050,21998,22283,12566,9659,11921,10310,9842,4599,3383,1150,483,249,15,157154,112090,85633,70592,73484,52519,55814,47569,37961,31539,35201,25469,30148,25835,20291,17004,17575,12302,14133,11965,12244,10303,11043,7257,3412,4760,3581,2475,3134,2233,1919,1845,776,220,190,205,44,81,0
SvB_BS_270,De vänsterhäntas förening,"Nesser, Håkan",,M,CRIME,both,sell,162802,125269,101873,77564,87991,73237,68578,45398,40752,44365,40210,15009,18145,32727,12925,9203,8285,8190,9299,9471,5966,1364,1013,338,25,173376,102382,87724,68100,68278,49113,43212,35901,35940,38158,44620,29426,24397,21294,15679,22485,17648,13180,19624,9981,15443,9879,7431,9063,4034,4162,6724,9783,4073,3053,2078,1307,1549,223,325,159,121,76,0
SvB_BS_271,Tre timmar,"Roslund, Anders",,M,CRIME,both,sell,163846,143173,101842,87326,87079,77509,66991,44760,46235,39558,29914,18464,15588,445,22174,11087,10708,11565,9331,7015,2819,1566,635,305,66,144055,100449,90170,76479,79471,52656,50035,40012,40317,36088,39970,34926,21704,22808,19132,22042,13988,19000,7641,11103,12455,21020,6883,6273,6050,5020,5490,4575,3083,3272,1467,1459,264,223,148,165,58,49,0
SvB_BS_272,Vardagar,"Lundell, Ulf",,M,OTHER,hb,sell,163119,164546,89371,83577,103270,61320,51114,44121,54799,36681,43123,14389,13242,4901,12595,8017,7912,8043,11361,13199,4324,919,5383,630,44,116749,94334,97957,77958,141308,44480,41215,30240,39010,35649,35727,35614,25811,13339,14494,28393,18468,14100,7194,11046,15553,8709,6205,5680,6039,4945,8709,6932,2363,4910,1715,1698,1733,315,254,341,508,201,105
SvB_BS_273,1793,"Natt och Dag, Niklas",,M,CRIME,pb,sell,168372,181168,94080,103998,62432,63179,47158,41928,45152,42069,30382,12560,15462,11255,12694,24216,15533,9674,12647,2776,1211,1133,299,181,440,121214,101819,70713,90966,62542,67041,62038,46867,39820,34228,42132,32285,21007,28841,13394,25286,14377,34857,5741,15321,9564,13897,7236,3995,8872,7519,2234,5907,2021,2352,1510,3209,236,480,165,118,24,173,0
SvB_BS_274,Den lilla bokhandeln runt hörnet,"Colgan, Jenny",,F,OTHER,pb,sell,181422,107850,117241,74219,89181,71310,68421,45512,47870,31549,29001,20665,17823,36758,12956,8498,11178,8935,8869,2167,7082,475,751,228,38,175767,113372,91396,63563,62803,49106,49296,41891,40332,38887,31473,31653,28136,24524,20646,13545,17319,10988,22214,12110,13308,10494,9220,7253,3118,3736,1682,1131,2519,2481,1511,1863,1835,200,257,190,133,48,0
SvB_BS_275,Silvervägen,"Jackson, Stina",,F,CRIME,pb,both,194904,148637,123079,92624,64385,84139,46721,44676,40019,32204,28864,21026,18902,57,12314,10428,9122,12825,9655,2431,2204,545,45,193,0,130201,123635,72632,85025,84536,67475,60636,39497,41280,37565,32272,29557,25831,25365,21503,16187,14336,14245,8031,14301,7929,12189,10076,5782,4203,3839,1942,727,3306,1352,1840,1829,341,216,136,91,0,91,0
SvB_BS_276,Bara ett barn,"Persson Giolito, Malin",,F,CRIME,pb,sell,194113,132502,117207,82056,89869,78331,45068,40043,43118,33871,30827,18463,20486,13262,11971,10785,10939,8576,9133,4345,3313,795,660,258,10,136372,118105,91747,72118,74729,56400,53221,43459,37875,33706,33768,27555,32746,25336,18607,17771,19061,15532,12405,14324,11528,10527,10382,7668,3519,3953,3560,3272,2652,2178,2797,1713,877,155,144,103,41,83,10
SvB_BS_277,Ensam i Paris och andra historier,"Moyes, Jojo",,F,OTHER,pb,sell,183934,118503,128130,79521,72960,83948,57407,35339,39005,33851,25838,19900,18252,36134,10573,14989,10711,10100,7241,4912,6065,692,1580,288,127,176717,116750,77123,69997,74298,55228,54467,40723,33356,29608,33921,25273,29332,23129,20050,16049,17352,17837,17629,10953,10377,9927,10527,5431,2767,3505,3643,3021,2640,2248,1718,2133,1372,173,254,196,208,69,0
SvB_BS_278,Husdjuret,"Grebe, Camilla",,F,CRIME,pb,sell,181643,135863,114984,87386,80846,82394,56582,49268,45517,34954,31672,19646,20131,1599,13191,10036,7416,9457,9134,3649,3427,731,289,162,26,139877,117790,84120,77835,83873,58317,50526,39862,43578,40491,34784,28754,24306,22206,20097,18166,18931,14883,9644,10775,11600,11558,10087,6302,4703,3036,2790,1395,2892,2313,1735,1429,706,264,119,136,34,60,26
SvB_BS_279,Den tyska flickan,"Correa, Armando Lucas",,M,OTHER,pb,sell,190182,144866,123620,91254,67261,65703,49299,38284,43475,39435,24399,17471,20454,11119,14007,17858,14300,9231,10175,3615,1010,1180,1170,406,227,125866,114285,71782,78219,64769,60389,59351,50025,39709,31261,39737,31875,30865,28326,18179,19925,18698,23012,10958,16046,11959,14592,10015,5040,5012,4295,2860,1850,2190,2652,1963,2851,321,302,189,255,170,76,132
SvB_BS_280,Strandcaféet,"Diamond, Lucy",,F,OTHER,pb,sell,191049,106183,128798,71611,84519,69991,65734,49568,43618,27324,23526,18423,20890,37354,9667,8627,9901,9788,8337,2838,9748,758,1177,556,16,172529,114068,89921,61283,60074,49705,50810,42385,44682,43159,27848,25074,30581,26227,18899,12860,18963,11368,25695,14916,12142,8208,9651,6152,2564,3362,2145,1693,2169,2370,2274,1943,3402,145,266,202,194,73,0
SvB_BS_281,Kvinnan i fönstret,"Finn, A.J.",,M,CRIME,pb,sell,171160,129868,132594,78128,66799,99790,78316,31432,32787,28861,18193,21026,13696,39994,10390,12994,4979,8064,7191,5044,5265,963,2147,278,41,216672,117616,68439,71786,88886,56262,50279,27841,35717,24339,29139,21271,20152,17328,21703,17369,14700,15165,21777,9199,10439,9060,7950,5363,2971,3183,3183,1322,2677,3828,1061,1641,841,204,253,188,106,73,16
SvB_BS_282,Blodlokan,"Boije af Gennäs, Louise",,F,CRIME,pb,sell,171061,121309,122303,85480,80350,74029,66373,44950,40775,29624,31286,17492,13991,39957,11369,13957,7329,9060,9230,4039,3222,552,1880,286,95,179324,112168,84764,77094,64724,57613,46101,31191,38418,39147,29781,28595,23963,19965,17370,20864,16259,18364,25087,10006,11580,9305,7179,6873,4033,3671,2949,2881,2949,2827,1567,1444,770,238,354,157,293,75,54
SvB_BS_283,Syndafloder,"Ohlsson, Kristina",,F,CRIME,pb,both,205374,110536,123136,71956,84658,91461,59287,34637,35491,30295,48176,16282,20927,1371,17619,10586,10781,11230,7608,2759,3698,779,846,491,17,151773,133520,90294,60244,92452,47542,54117,45215,25793,27545,30685,19709,31946,24160,16409,11712,18397,15960,18279,13159,11602,12660,12846,7912,5441,4697,2276,3580,3715,1227,2107,1642,702,220,127,110,93,118,17
SvB_BS_284,Höstdåd,"Motte, Anders de la",,M,CRIME,pb,sell,170532,141058,98999,85543,81679,74750,52680,43327,43518,37573,41900,21792,16547,26119,11448,11804,11785,8429,9030,5067,3673,885,1367,330,165,152869,109007,85431,75516,68118,57469,54451,40638,42336,36325,37824,30399,18067,23655,22255,20768,17208,17670,15094,13258,10860,10417,9122,4683,3679,4545,3673,4300,2345,2259,1651,2239,1057,159,284,106,244,20,0
SvB_BS_285,Pappas pojke,"Schepp, Emelie",,F,CRIME,pb,both,200890,112162,126800,81345,71580,84460,82894,39986,30385,26620,45207,20639,15271,376,13356,10736,8803,10809,8327,2620,5854,431,119,293,37,166877,123777,77837,73550,86201,58563,57812,32282,37512,35827,26868,21289,28901,18742,21014,13484,14721,13649,21491,12449,8336,9005,10837,6815,3582,3087,2070,4269,2693,1447,1676,1686,1237,147,101,119,27,18,0
SvB_BS_286,Hon som måste dö,"Lagercrantz, David",,M,CRIME,hb,both,166843,114010,119472,80241,90062,65883,74219,64825,38128,34214,35566,17641,16635,24642,12846,11351,7348,7410,8816,3416,3229,560,2144,489,9,163178,108913,93977,70216,66275,51748,46668,34765,50680,57165,34570,23886,21003,19678,17872,18753,17703,14625,11120,11707,13406,9937,7668,7713,5471,3576,2776,5729,2322,2180,1468,1717,747,294,160,62,205,62,9
SvB_BS_287,En bur av guld,"Läckberg, Camilla",,F,CRIME,hb,both,187797,127416,119070,82840,68864,90297,49356,38898,39680,32976,40687,21384,16273,21316,10995,14416,9959,9627,9040,3518,3636,704,968,215,68,160030,116500,73711,73809,89105,57057,60097,36738,36113,33591,32976,26193,28666,21179,21785,17133,16097,19478,11142,12373,9705,9910,9236,4877,4574,3655,2971,2238,2209,1574,1808,2082,762,215,147,117,88,59,0
SvB_BS_288,1794,"Natt och Dag, Niklas",,M,CRIME,hb,sell,167188,173841,100224,99860,69234,59353,50387,43134,46510,41313,24344,11430,14999,12372,14307,25743,15620,10430,13343,3113,1078,1164,236,221,557,121570,104793,77829,86896,57869,65143,64344,46817,38865,35031,41663,32211,19825,30962,11972,21945,14442,36566,6861,15256,10030,15320,6961,3298,7646,7432,2620,4276,2099,2506,1792,3941,314,435,171,171,50,79,0
SvB_BS_289,Den andra dödssynden,"Guillou, Jan",,M,OTHER,hb,sell,147370,169799,70729,100032,94917,56933,50677,45914,60257,46329,38688,12700,16134,15578,12184,9463,11707,8290,16517,8313,3394,1486,2158,368,63,122500,85431,97811,88286,55995,57676,44999,43130,36279,35067,46665,53305,24682,23407,12951,35083,16525,19371,10487,12372,16759,11770,5513,6139,6499,6741,6585,5326,2487,4145,2362,1181,1189,414,219,133,414,102,0
SvB_BS_290,Jag ser dig,"Jungstedt, Mari",,F,CRIME,hb,sell,190329,139705,109017,91432,83196,75441,50913,44960,43832,37288,36435,21160,17351,27,13199,9679,9679,8717,9858,3135,3589,550,206,234,69,126038,112839,85409,80570,75799,61500,52728,38071,43035,38621,37453,29354,30509,22109,21627,20349,19111,14505,12800,13007,12457,11632,8002,7218,6228,3850,2392,2915,2791,1485,2365,1402,1031,330,165,179,41,82,0
SvB_BS_291,Kniv,"Nesbø, Jo",,M,CRIME,hb,sell,174984,135536,105623,83794,67446,77565,64675,42273,40419,38144,36033,16604,23684,29880,13577,8678,8711,8956,9720,5236,5127,971,2193,147,22,170904,108874,72208,72655,72683,51688,51562,45486,35128,34053,38144,28899,27731,23329,17073,21131,17569,13386,14553,9867,12889,12998,10582,7309,4566,4898,3742,4146,3016,3027,1647,2045,1047,267,360,164,278,93,0
SvB_BS_292,Broder Jakob,"Schepp, Emelie",,F,CRIME,hb,both,201379,112518,125683,82392,70900,76523,82438,41600,31262,27364,43254,20523,19269,400,15208,11129,9548,11275,7641,2880,5724,427,136,463,64,158634,124883,77650,72181,78304,57399,54819,39393,37521,36876,27718,21314,29772,22286,20550,14182,15399,14790,21850,12020,9694,9830,12192,7450,5006,3280,2308,2580,3480,1345,1971,1617,1254,118,136,145,9,45,0
SvB_BS_293,Löparna,"Tokarczuk, Olga",,F,PRESTIGE,hb,sell,149122,184233,93166,107286,71586,51193,68365,40609,62140,49643,12376,16655,13975,4206,14815,14290,10988,8178,18448,4101,961,1098,1865,379,323,123659,90147,76591,94950,51895,66855,53736,39777,49263,32027,50030,51467,19400,23655,17075,28434,13345,22064,11989,12150,14120,14831,5651,5982,6604,7008,3270,1195,2261,4723,1841,2398,412,597,145,170,178,105,0
SvB_BS_294,Bergens stjärnor,"Moyes, Jojo",,F,OTHER,hb,sell,177826,132250,111185,86674,75644,65867,53667,44496,41565,36217,37199,19902,21517,26566,12590,14359,12597,10306,9644,3732,3656,641,1497,258,146,145522,109068,79571,75679,60303,58583,54788,48243,39678,37415,36071,30465,26329,28272,20083,20222,15974,19532,13572,13231,12820,11573,9958,5661,4227,4303,3120,5250,2270,2423,1581,2173,996,341,237,146,223,77,21
SvB_BS_295,Skamvrån,"Sarenbrant, Sofie",,F,CRIME,hb,both,197107,122003,113659,79552,73833,84350,53248,39666,38694,32033,38314,19633,17699,29930,11479,9997,12611,10227,8414,2524,3736,691,160,391,50,166997,120760,80624,69445,77939,53148,51736,41839,33916,34587,32364,23279,31492,24671,20284,15325,19933,14063,16798,13072,8474,9115,9616,8414,4207,3977,2003,1182,2805,1302,3165,1482,1212,240,210,210,10,90,10
SvB_BS_296,Folk med ångest,"Backman, Fredrik",,M,OTHER,hb,sell,184162,128131,115736,73264,98302,75850,63245,37968,40287,34361,26231,13454,23044,24905,11403,10773,10315,10038,7223,2977,5849,964,1193,267,57,163303,116890,100535,62195,76127,49123,53188,46165,33340,31241,34561,24036,26603,27309,13531,13874,20764,13951,15325,14552,12729,9991,10926,7233,2929,4752,2424,286,3244,2748,2137,1851,1317,181,200,258,86,95,0
SvB_BS_297,I hemlighet begravd,"Sten, Viveca",,F,CRIME,hb,both,197847,125364,114066,83382,78682,86268,44278,30402,41646,33932,44278,20682,18686,25764,9275,10182,11888,9828,8022,3176,1153,780,236,163,18,155848,122896,83437,72755,82620,58253,54142,42063,24911,25292,33986,28541,33796,25029,21190,14983,18931,14566,15273,13785,10355,8449,8104,7777,3975,3603,2723,3920,2060,1316,2931,1697,172,154,209,136,36,82,0
SvB_BS_298,Hundraettåringen som tänkte att han tänkte för mycket,"Jonasson, Jonas",,M,OTHER,hb,sell,169353,154857,88434,96604,84929,76065,50195,38154,49361,40385,46700,13577,20239,2230,11328,9164,13586,7543,11825,8780,4132,1658,422,459,19,128050,104906,89136,81734,77518,56557,48358,46625,30012,30452,40666,37649,22966,24484,14374,29984,18271,15638,12050,12678,16107,9848,9248,7131,5228,6090,7440,5275,2774,2183,2605,1537,1434,234,309,159,159,131,0
SvB_BS_299,Jamåhonleva,"Roslund, Anders",,M,CRIME,hb,sell,163265,139558,106806,83948,87583,83018,63446,45235,47656,39688,28041,18633,16103,1192,19811,12614,9095,11116,10527,7154,2952,1701,385,378,95,146035,102000,89052,73356,85191,51145,48804,38161,40415,37274,39971,37514,21127,20684,19193,20945,13384,19302,7954,11145,13159,18386,7714,6972,5605,4587,5772,4769,3235,3330,1570,1294,225,342,138,145,29,73,0
SvB_BS_300,Jag for ner till bror,"Smirnoff, Karin",,F,PRESTIGE,pb,sell,205958,152576,140687,85465,73822,111230,0,45898,38586,32954,15128,22391,15029,25,11754,13987,8613,9165,8147,2724,4012,785,797,196,74,111328,138270,80373,77257,111291,60547,59026,36071,34476,37543,33101,25998,23998,22943,22857,17078,19483,18109,4822,12588,9619,9042,8919,6024,4625,3877,1914,380,2307,245,1742,1632,2086,37,74,123,123,74,0
SvB_BS_301,En helt vanlig familj,"Edvardsson, Mattias",,M,CRIME,pb,both,182984,125715,126657,81890,74954,88351,48776,39310,38633,32141,33643,17670,18013,29821,12634,14650,9139,8882,8438,3487,2436,677,677,397,23,165936,121667,79866,72487,85424,57907,52754,39061,32834,31892,32476,26365,24030,21282,17857,15109,17950,18846,13459,12198,10758,9146,9824,7387,4305,3947,2545,3441,2779,1471,1915,1666,560,218,234,195,117,78,16
SvB_BS_302,Bokhandeln på Riverside Drive,"Skybäck, Frida",,F,OTHER,pb,sell,195980,111396,119178,78083,89231,76781,43706,39192,38576,31808,46176,21465,18742,24481,11856,12261,11387,12233,7880,2463,5417,588,630,448,42,144058,122796,97154,67515,74066,55470,58389,41634,33026,34230,31878,25895,32809,28190,21800,13192,15229,16754,11793,14291,11541,9728,10806,6733,3184,3870,1953,2030,2435,896,2254,2610,1064,182,154,210,112,70,0
SvB_BS_303,Tatueraren i Auschwitz,"Morris, Heather",,F,OTHER,pb,sell,187905,132224,116878,86273,63686,81973,49147,40223,38271,34000,35499,24227,13210,28116,12913,13789,11682,10735,8712,4837,4045,849,410,297,99,158318,114318,70348,76585,78211,59146,61706,34834,40096,35923,34071,28965,26518,22530,25062,18782,13747,18527,13238,12573,9066,10141,9377,4073,5403,4172,3988,651,2291,1612,1853,2164,1047,184,99,226,57,28,71
SvB_BS_304,Sommar på den lilla ön i havet,"Colgan, Jenny",,F,OTHER,pb,sell,178973,107109,115402,73466,84056,75171,79836,42764,46201,29501,32364,18371,16456,36202,12549,10730,10869,8781,8972,1906,7971,600,1427,244,78,190051,111878,85066,62831,70646,48751,47384,40605,37942,36263,29492,30493,27795,22139,18597,13584,17266,13967,22348,12253,13393,10460,8328,7179,3159,4212,1488,1358,2541,2524,1619,1749,1801,252,261,131,131,52,9
SvB_BS_305,Det som göms i snö,"Gerhardsen, Carin",,F,CRIME,pb,both,184911,132528,115899,91089,94455,63833,58808,47117,43080,38237,25903,17685,19631,527,15038,10751,12630,9581,11432,3663,2052,681,96,297,77,122765,107306,97553,77125,65397,58012,55442,45659,38112,39982,38275,30440,31610,26613,18471,17186,18442,14951,11815,13004,16236,12889,8286,8430,6224,5562,2944,978,3366,2024,2004,1793,547,192,153,115,10,58,29
SvB_BS_306,Motiv X,"Ahnhem, Stefan",,M,CRIME,pb,sell,177921,124121,112202,89670,98130,64784,41894,48598,39980,39629,24082,21145,20128,23204,14712,10293,13469,11668,10638,5592,4469,1167,2178,220,107,129211,102216,101670,74192,59337,55420,50625,50838,34683,38813,39497,29455,28501,29882,21578,19293,19626,13362,13312,11322,18685,12741,8862,8580,4425,4820,4299,2812,4262,1663,2209,1582,1312,308,232,100,207,56,13
SvB_BS_307,Arv och miljö,"Hjorth, Vigdis",,F,PRESTIGE,pb,sell,204911,133290,130379,89488,69224,41534,72685,53660,46001,29233,20615,14394,28379,316,12325,11892,11401,11787,10652,4315,1368,1251,526,351,23,114476,114920,77140,76310,41756,57940,54362,54818,59869,46714,29724,25327,41710,33022,14500,16359,22135,16710,16406,13283,12816,12781,12535,8220,4291,5297,3590,1567,2760,3052,2105,1789,713,281,199,269,35,222,0
SvB_BS_308,På egen hand,"Keyes, Marian",,M,OTHER,pb,sell,171351,109960,121762,68984,87324,76188,73841,39902,47124,32059,28308,15527,15685,43513,8631,15119,12206,7186,10126,5224,6909,707,1876,453,36,192201,107214,87084,60254,66479,44890,48574,39258,34125,33781,32326,30514,29626,22563,16030,16066,22744,19224,21312,12151,12174,8694,7498,6393,3774,4449,4318,2197,2478,3507,2188,2592,2093,236,444,163,245,127,14
bstream_001,Alla kan se dig,"Jansson, Anna",,F,CRIME,no,strm,201346,137144,121268,85776,64025,84724,32481,37492,41815,33273,40117,18710,20241,19928,11157,11876,11126,11365,10396,2792,1875,542,229,292,10,136967,124570,72244,75828,77703,58649,58483,42284,32325,32273,33638,26668,35711,25991,19512,17907,20908,16699,12667,15449,8959,10449,11105,7584,4917,4000,2261,5198,2552,1302,2344,1531,427,188,240,271,31,167,0
bstream_002,"Falleri, fallera, falleralla","Gerhardsen, Carin",,F,CRIME,no,strm,171904,140157,103400,96391,86940,63781,63708,47329,44997,41604,35901,17264,17323,834,15825,11000,11318,8617,12896,4346,2147,856,1011,332,118,127924,105385,89567,83325,64305,59333,52250,41390,38601,40135,41707,34359,25889,24170,18017,22340,17463,15641,12683,11568,15966,13383,7961,7105,5821,5792,3497,4228,2899,2154,1844,1830,620,266,199,125,125,103,30
bstream_003,Hämnaren,"Buthler, Dan",Dag Öhrlund,M,CRIME,no,strm,177858,148264,95507,92789,78780,64709,46170,46487,45880,39768,44412,20051,19145,13930,10281,13200,10588,10967,10799,4424,3790,748,862,545,44,124001,101698,84804,80943,65782,62317,60303,42020,46003,40586,40155,34439,28819,27984,20192,21124,13974,20095,6728,13341,12681,10070,8284,4564,4846,4177,3852,6235,1988,2005,1592,2348,1108,273,123,246,79,114,106
bstream_004,Vita spår,"Schepp, Emelie",,F,CRIME,no,strm,191616,130864,114294,82988,75343,86783,78112,41757,35864,30698,34757,20974,13628,781,11849,11340,8753,8562,9425,4494,5738,708,463,173,36,164631,114212,78402,75125,88572,58391,58300,30680,42847,37226,30898,25986,24851,17197,21328,16016,14355,14309,16915,11840,9025,9588,9116,6002,4186,3014,3323,5148,2579,1562,1589,1335,953,163,136,145,18,36,0
bstream_005,Dominodöden,"Moström, Jonas",,M,CRIME,no,strm,181747,140403,97724,87853,60495,69698,60626,48479,33191,33279,55078,17531,17323,35030,10856,9192,7824,11239,9838,6194,4749,799,536,285,33,164456,114620,69030,79131,66229,58547,54760,36824,42427,41005,33366,25367,22675,23178,17761,22467,16612,14675,20847,10943,10188,10320,9236,5351,3863,3896,4957,7748,2221,2057,1587,1620,1313,142,241,186,109,44,0
bstream_006,Den gränslöse,"Adler-Olsen, Jussi",,M,CRIME,no,strm,166892,128040,115435,86843,96670,67317,57865,42365,41615,37631,34240,16325,17851,23372,14291,11137,9256,9890,10460,4919,5473,1035,597,396,85,147926,108921,99781,76229,62599,55266,51066,39100,36691,35111,37837,30388,24513,24688,17001,21645,17276,17445,15294,11406,15400,11575,7840,7550,4063,4882,3909,2657,2784,2636,1992,1828,1944,153,195,222,85,53,48
bstream_007,Skymningsflickan,"Wennstam, Katarina",,F,CRIME,no,strm,175874,133687,111708,87672,83766,80693,47829,41961,42829,35624,32361,18125,18628,21901,14418,11970,9175,10217,10469,4635,4297,642,1137,321,61,149320,113236,86396,77802,78236,57603,48697,39843,33940,34279,35911,30052,26015,22404,18923,21432,17812,17179,11467,10772,12413,12630,9644,7535,4227,4410,3654,3924,3134,1745,1936,1606,1007,191,191,174,139,122,0
bstream_008,En mörkare himmel : Gran Canaria,"Jungstedt, Mari",Ruben Eliassen,2,CRIME,no,strm,193199,142947,122583,92432,73916,73972,51752,41702,42874,37098,28032,22660,17363,94,13182,10913,8344,9694,10904,2588,2363,591,478,291,28,125612,119902,79166,82869,74647,64381,58981,37211,43080,35692,37258,28604,28970,23054,23270,20035,17879,13988,12544,13660,8944,12647,9085,5953,4322,3525,1978,3403,2616,1613,1678,2034,553,253,150,150,150,141,0
bstream_009,I sanningens namn,"Sten, Viveca",,F,CRIME,no,strm,194411,136126,103436,85660,73863,85089,48745,29871,38099,34351,48285,23185,16371,28840,9965,7376,9957,10494,8347,4676,1516,886,179,247,26,162087,121450,79945,76120,80464,60499,52749,35790,26191,24956,34487,27409,32613,22401,23644,16652,17324,12512,17716,12325,11533,9974,8228,7402,4898,3526,3407,4906,1899,1627,2419,1840,315,196,170,162,85,77,0
bstream_010,Rädslans fångar,"Jansson, Anna",,F,CRIME,no,strm,201417,137958,117475,88288,64045,83279,33846,38969,38988,32283,42094,18902,18646,21402,11790,11695,11108,10872,10067,3627,2254,455,161,341,38,138025,123034,72000,77824,76640,59935,58344,40522,33874,34092,32776,25285,38609,24575,19413,18874,19631,16885,13078,15010,9943,10550,10284,7017,4441,4025,2765,3371,2273,1345,2481,1780,417,246,227,303,9,95,0
bstream_011,Kärlek sökes,"Hjulström, Carin",,F,OTHER,no,strm,184073,122303,109851,75861,92821,86944,60772,47006,48437,34446,36318,16620,17641,2776,10936,8507,10356,9536,9080,4385,7788,766,2336,425,15,149913,110060,93518,66472,87439,49551,49574,39427,41446,40533,34663,31863,28762,21454,17362,17896,18546,12459,12250,13364,13178,8701,9698,7571,4068,3882,3380,2034,2637,1802,2575,1678,1299,224,240,178,193,108,0
bstream_012,Där inga ögon ser,"Öhrlund, Dag",,M,CRIME,no,strm,178650,131312,103590,80970,81889,75755,58137,45913,39543,37177,43188,20927,18347,24975,10048,8893,8018,10452,8927,4923,6886,538,482,404,56,157353,109590,86544,70563,77191,55838,56544,36425,45240,40339,37278,28687,25625,24560,20960,16138,14321,13088,11013,12067,12583,8254,8310,4901,4553,3533,3802,3757,2658,2198,1312,2030,1850,247,247,213,67,123,0
bstream_013,Motvind,"Buthler, Dan",Dag Öhrlund,M,CRIME,no,strm,181856,142325,98315,89389,82071,65921,45988,46393,44484,39831,43211,19933,20526,14877,10955,12004,10353,10267,10525,4712,4549,516,430,482,86,125712,104265,86869,77608,67934,59988,59782,42626,44432,40631,40115,33348,31043,27638,20337,19976,13776,17749,6931,13544,13183,9597,8591,4919,5237,4024,3895,6303,2416,1746,1582,2115,1230,198,112,215,43,120,172
bstream_014,På sex meters djup,"Rudberg, Denise",,F,CRIME,no,strm,191478,124853,113816,83569,91941,78576,38018,40758,45802,39257,40283,21236,21862,888,13052,13653,12752,9110,10950,3491,3028,713,463,438,13,116869,116656,92980,72369,78814,57264,53873,46715,30609,35390,39695,33338,32274,24628,22313,15405,19534,18321,6783,15242,13127,10925,12276,7020,5631,4130,2878,4417,3141,1026,2853,1639,851,313,213,300,50,138,0
bstream_015,Prio ett,"Schepp, Emelie",,F,CRIME,no,strm,195925,122122,124300,80097,74187,83812,80899,43486,34049,28891,35023,18984,16243,342,11930,11085,8557,9548,8651,3928,6507,683,299,401,51,164053,120124,78278,72308,86041,56475,56065,33195,40890,38558,29104,23323,28284,18797,19275,14860,15970,13527,19275,12101,9573,8728,10257,7011,3518,3143,3109,4945,2536,1469,1956,1426,1187,205,137,196,17,85,0
bstream_016,Svart stjärna - S1E1,"Ersgård, Jesper",Joakim Ersgård,M,OTHER,no,strm,180214,136056,104815,86354,94333,86219,47877,41250,43752,41385,42061,17988,16229,1623,13389,9873,7371,8385,9738,6018,3449,947,203,473,0,134704,113132,96430,77766,87909,57817,51461,33203,36516,36110,41520,31377,28063,19137,18799,20084,17717,14539,8994,9940,10481,10346,7709,7303,6154,4125,4531,3246,4057,1961,1758,1352,676,338,135,0,68,0,541
bstream_017,Mordbrännaren,"Kant, Johan",Anders Gustafson,M,CRIME,no,strm,193670,145543,98047,89613,69361,81981,47256,42528,38542,35777,53486,21875,17849,591,11378,10387,10657,10006,10487,5288,4026,701,351,581,20,129367,117398,75431,79377,82472,62891,56280,39363,37109,37760,36348,30068,32512,20883,22216,18279,16506,16757,13131,11569,10497,9986,10126,6130,6030,3516,4167,4287,2394,1322,2133,1653,1372,240,180,130,40,80,0
bstream_018,Midnattsflickor,"Moström, Jonas",,M,CRIME,no,strm,179687,144161,99795,88785,62143,72583,60569,46171,37216,33383,46180,19182,16603,31809,10929,9515,7523,9515,10840,6661,4197,1209,1094,187,62,164383,114930,68608,80399,68679,58479,53499,35198,42107,38897,33570,27870,21263,22241,19413,23922,16932,14718,19644,11320,10209,10609,8662,5265,4055,3833,5282,6109,2277,2259,1565,1476,1396,267,196,196,196,71,9
bstream_019,När livet börjar om,"Dillon, Lucy",,F,OTHER,no,strm,183823,113558,120831,78739,86001,68382,56256,44010,45570,33552,35321,17356,19674,32075,10883,12503,11618,10644,9066,3114,5319,753,562,299,90,155985,113654,92497,67540,58444,51481,53274,44429,35721,36857,33868,31334,32500,27247,18234,16758,18652,16393,20762,12718,11564,10297,9562,6568,2869,4668,2546,1512,2689,2397,2056,2426,1667,155,287,173,114,102,0
bstream_020,Välkommen hem,"Schulman, Ninni",,F,CRIME,no,strm,190579,111241,117915,79074,89152,80183,58798,39743,35472,29502,40269,22459,16268,32991,12025,6709,9062,11798,7128,2715,5423,618,533,327,14,171091,118540,94468,69167,75322,55329,50262,35785,35941,34235,29587,21648,27569,23880,22835,14321,17462,9900,19040,14200,12757,9374,8628,7562,3930,3163,1983,2182,3063,1514,1834,1350,1429,163,185,213,36,43,7
bstream_021,Sov du lilla videung,"Börjlind, Rolf",Cilla Börjlind,2,CRIME,no,strm,187116,134362,112932,86811,77572,92014,52775,42185,40021,39210,39309,25950,12114,1139,11772,8705,7032,11331,9210,2633,4420,833,178,363,14,145081,119458,80213,79202,92220,60163,54946,27317,35843,37473,39381,31857,28704,17018,26085,19366,17765,12292,11623,10221,11281,9665,9210,6206,3473,2932,2078,1431,2562,1552,1210,1516,228,128,107,100,28,64,0
bstream_022,Den hemliga kvinnan,"Ekberg, Anna",,F,CRIME,no,strm,182801,129089,121946,80438,76363,90108,73994,30506,44107,38297,37807,21017,13399,382,13615,12809,7826,8525,9979,3298,2426,792,302,144,29,164030,120283,79063,72396,88250,54511,54907,30420,37642,25798,38448,28786,25488,18468,21816,17662,19303,17561,16085,10454,8381,12233,7855,7567,3312,3773,2650,1966,3535,2995,1570,1541,670,180,151,151,29,72,0
bstream_023,Det du inte vet,"Jansson, Anna",,F,CRIME,no,strm,200691,133092,115195,88016,64961,88104,34720,36541,37407,31668,50018,19403,19540,22622,11016,9509,10582,10002,10385,3130,2412,404,236,276,69,145033,124193,72088,77374,80052,59438,58070,40705,32426,32052,32023,24768,36512,23892,20082,18212,19629,14914,13811,14067,9933,10090,10740,6822,4272,3573,2402,3849,2244,1408,2254,1713,541,158,285,217,39,108,10
bstream_024,Tryggare kan ingen vara,"Öhrlund, Dag",,M,CRIME,no,strm,179146,133638,103375,81040,82414,75413,56233,46094,40060,37451,38638,19294,18311,26726,11034,8741,9245,10172,9188,4992,6618,577,943,594,65,156681,107904,86878,70624,76503,54704,57420,37841,43906,40117,37784,28263,27645,24466,19205,17310,14245,13448,10765,11408,13749,9310,8806,5212,4659,3569,4000,3537,2724,1626,1488,1927,1472,228,203,179,89,73,33
bstream_025,Uppståndelsen,"Buthler, Dan",Dag Öhrlund,M,CRIME,no,strm,177409,149150,95742,89088,76647,66390,45858,47364,45770,41183,46291,19351,18377,14882,9242,12412,10847,10443,11310,5502,4518,728,906,502,89,126284,102602,82110,77267,68625,59953,62178,40700,47502,41842,41429,34972,27737,27383,19686,21546,13504,18515,6565,13347,12343,8977,8347,4341,4538,3996,4646,8908,2333,1929,1476,2185,1211,266,138,207,236,59,118
bstream_026,De sju som såg,"Rudberg, Denise",,F,CRIME,no,strm,192197,117865,119278,79821,99897,77575,41223,41501,44945,37425,37867,20378,23734,416,11154,12416,13476,9375,9249,4442,4454,858,177,227,50,118710,117057,99089,68415,78030,55267,55532,49992,29665,35393,37488,30674,31785,26687,21059,14523,18914,16113,7192,15192,13325,10448,13186,7659,5325,3760,3798,4517,2940,1022,2826,2423,1438,227,88,114,0,114,13
bstream_027,Trogen intill döden,"Moström, Jonas",,M,CRIME,no,strm,179494,143806,98692,88912,64741,71764,58688,46522,35469,33589,48891,17140,17250,34575,11365,9282,7815,9780,9325,7074,3929,809,750,304,34,164378,114492,70558,80026,66343,58266,54472,36978,39752,38546,33648,26380,22511,22544,17899,24500,17014,14619,20116,10733,11306,10969,9072,5548,3743,3954,5691,5868,2563,2251,1830,1450,1104,329,244,177,84,42,0
bstream_028,Prästens lilla flicka,"Casserfelt, Susan",,F,CRIME,no,strm,184782,148726,97450,91355,72001,88326,43118,34076,37373,31176,45714,21886,16573,23875,11859,9198,9898,9705,9981,4521,4097,792,3094,378,46,154545,117587,79036,80638,86834,64626,56183,38054,28543,28276,31701,27613,27917,22438,22309,18212,15533,15321,10957,12605,12946,9217,8793,5478,4337,3895,3747,3066,2477,1344,1943,1731,1151,166,212,101,414,55,0
bstream_029,Den tatuerade cirkeln,"Casserfelt, Susan",,F,CRIME,no,strm,177888,145682,99477,88937,71087,84932,50518,36462,40887,35183,34939,22743,16383,31759,11833,9331,10477,10218,9785,4382,4424,748,1447,454,28,166153,112833,76384,77356,81584,59757,56451,39314,31724,30221,35435,30591,24888,23910,23267,18612,14572,13538,12518,11518,13859,8897,7555,5486,4186,3788,3425,1656,2817,1712,1866,2062,1139,140,280,147,280,77,0
bstream_030,Kvinnan på bänken,"Jansson, Anna",,F,CRIME,no,strm,196446,131307,123289,83417,68411,88401,37889,37174,39645,32602,38734,17856,18593,26253,11637,11691,9101,10835,10141,2655,2568,531,531,282,11,151991,124806,75725,74175,79939,57609,57327,37954,31919,32407,32916,25256,34769,22786,18506,16631,20900,16458,14291,13934,8505,10726,9806,7812,4659,3521,1777,3565,2405,1744,2048,1766,553,184,228,260,43,87,11
bstream_031,Bakom stängda dörrar,"Paris, B.A.",,F,CRIME,no,strm,205202,96193,152755,80008,78803,54377,59799,40234,31360,25366,26499,20413,34045,30022,9150,11396,15144,14460,7434,2614,3400,817,194,286,31,143514,123979,88769,64833,45196,54407,58196,64037,36588,35761,25488,17778,40295,37834,20597,12142,15777,13449,18718,14746,12193,8843,16002,7077,3135,4738,2083,1328,2532,2022,2900,3309,878,184,204,327,61,82,0
bstream_033,5:e Moseboken,"Larsson, Christina",,F,CRIME,no,strm,188350,127307,114890,88134,78699,65901,42626,46188,37097,34251,40233,20447,18617,29275,15716,9870,9426,9163,9200,7849,5003,1097,136,508,18,137394,114400,83358,76388,58396,59665,53366,39707,41384,39889,34623,25523,32819,25024,20746,19260,16894,13632,18617,12091,15055,13414,10505,7341,4323,3997,5275,5284,3743,1641,2076,1822,1622,227,199,218,27,54,0
bstream_034,Nådastöten,"Larsson, Christina",,F,CRIME,no,strm,184296,131200,113350,88294,76021,74677,44412,46486,33806,30984,40738,19962,18475,29469,15123,10549,11278,9583,10218,5142,4631,578,246,360,123,147990,111797,79667,75803,67840,58143,56211,41903,41183,40255,31117,22859,28390,25965,20748,20094,16657,14706,14147,11174,14233,12026,9791,7490,5161,3684,3437,7216,3437,1525,2008,1506,1269,189,133,170,19,57,0
bstream_035,Se till mig som liten är,"Öhrlund, Dag",,M,CRIME,no,strm,179823,131277,105250,80197,82903,75242,60057,46154,39284,37084,35254,19300,18702,27829,10579,8230,8664,9775,9504,5119,7482,662,1103,491,36,161463,108318,86797,69711,77342,53650,54739,37333,43121,40259,37219,26846,29210,24041,19649,16581,15263,11882,11348,12914,13754,8636,8956,5389,4948,3474,4079,2734,2456,1666,1566,2008,1709,214,221,242,164,85,14
bstream_036,Domaren,"Öhrlund, Dag",,M,CRIME,no,strm,183712,140705,104928,82608,81225,73253,53698,48594,43842,37606,30153,19824,18135,16381,10487,11861,9838,10858,10255,4399,5949,603,501,529,56,141977,106070,87350,71211,76371,56297,59573,39601,47759,42339,37912,29958,30506,25735,19916,15731,15100,16158,8260,12789,12334,9058,8213,4956,5132,3638,3434,2404,2608,1568,1513,2162,1596,223,102,251,84,84,28
bstream_037,Hämndens pris,"Lewin, Erik",,M,CRIME,no,strm,196791,148656,97964,89501,78463,67568,38380,44344,42758,37273,34019,21388,20104,9687,16355,11759,13227,9671,10945,5552,2323,856,1971,386,59,115376,115803,83068,77499,66679,58971,59458,46365,36946,37919,37684,32006,36367,26739,21958,19802,18217,17597,8295,12933,12069,14594,10719,5217,6014,4613,4890,1912,2776,1778,2088,1812,856,252,159,210,285,75,0
bstream_038,Änglabarnet,"Kant, Johan",Anders Gustafson,M,CRIME,no,strm,182845,157266,84779,93931,67203,72449,45338,45644,41279,38369,51350,19989,14896,19989,10415,10377,9535,9305,12368,7007,3255,1225,651,498,38,136895,110128,73061,84970,68964,66743,52192,34769,42045,41279,38867,35535,29370,21099,20869,21827,16887,16044,15700,10645,8616,9650,7850,5974,5974,3638,4787,6701,1876,1647,1838,1379,1379,230,153,77,191,153,0
bstream_039,Skuggorna ruva,"Moström, Jonas",,M,CRIME,no,strm,187932,129650,107151,85593,62952,75945,55810,45347,32046,32454,50691,18712,18995,36375,12669,7441,7833,10504,9739,5985,4237,949,649,300,42,167789,119994,70560,75929,69836,57975,55486,38805,39796,37840,32737,22965,22690,24147,19078,19969,17363,12111,20418,11220,11620,10663,10288,5885,3879,3821,4578,2714,2805,1831,1706,1648,1065,225,283,183,50,50,0
bstream_040,Ondskans ansikte,"Ahlstedt, Mats",,M,CRIME,no,strm,190422,145555,115496,92653,74181,78882,48522,38851,39772,36863,36666,20896,17914,62,12550,11639,10116,10479,11256,3686,2040,963,114,362,62,126989,119006,79979,80642,79451,60544,56050,40476,35641,32213,37225,28361,28682,23578,21683,20947,21186,16060,11224,12964,13534,10841,9361,7259,4753,4297,2951,4484,2806,1377,2454,1926,435,269,124,166,10,52,0
bstream_042,Mitt hjärta är ditt,"Jansson, Anna",,F,CRIME,no,strm,197447,133938,119415,82867,65631,85535,38280,39586,38076,34316,38002,18894,19321,27249,11726,10975,9679,10438,9901,4057,2797,509,945,398,19,150415,122944,72892,73772,77190,57471,57378,39354,33630,34612,34788,25396,34695,23248,19413,17709,20691,15727,14560,12911,7817,10429,10568,7280,4779,3890,3075,3844,2556,1491,2325,1788,713,195,139,176,46,93,0
bstream_043,Dotter saknad,"Jansson, Anna",,F,CRIME,no,strm,199466,128644,122713,84917,68013,82256,34937,41692,39353,32746,40201,20315,19878,23033,10858,11706,9803,11896,10347,3394,2883,478,181,255,33,139774,121700,76242,74669,75303,58556,58951,41132,35736,36675,32993,26016,35349,25142,21032,16970,20340,16394,12901,14433,9021,9935,10767,6961,4473,3897,2694,2636,2480,1219,2167,2051,741,173,165,189,66,58,0
bstream_044,Ingen lämnas kvar,"Öhrlund, Dag",,M,CRIME,no,strm,177692,125452,108754,78303,86689,75794,61880,47295,38747,36448,38577,19183,17767,26792,10571,8596,8183,9940,8418,4962,7754,745,1060,372,24,162872,109329,89441,68348,78668,53406,55963,35857,43272,41127,36545,26436,28767,23562,19345,14990,15509,12327,11397,11615,13428,8191,8458,5723,3812,3367,4063,2857,2768,1765,1603,2210,2145,227,186,235,138,49,0
bstream_045,Under nio nätter,"Rudberg, Denise",,F,CRIME,no,strm,188245,123321,121541,80592,90839,78488,47853,44226,41570,36595,37471,21345,21237,823,12243,14616,10922,9169,9466,3762,4193,539,593,324,27,126436,116175,93199,70627,78893,56402,57629,43498,33493,38469,36837,28221,29839,23623,21668,16302,18284,18837,8171,14481,11946,10382,12580,6782,4773,4126,3047,4868,2939,1106,2521,1712,1429,148,175,162,81,135,0
bstream_046,Snödrev,"Tursten, Helene",,F,CRIME,no,strm,180897,144005,105780,90215,75550,82670,50171,40392,46492,40511,37435,20850,17953,756,12957,10459,9423,8938,12855,5930,4061,892,595,195,17,133011,115568,79696,81582,83265,61667,50069,37817,32031,34963,40494,36475,27613,21691,20689,22286,19134,15268,9694,12430,10213,11385,8819,6848,5701,3798,4809,3619,2379,1708,2413,1674,467,221,136,153,93,119,0
bstream_047,Offer 2117,"Adler-Olsen, Jussi",,M,CRIME,no,strm,176189,131703,112657,88662,90208,62286,56079,45950,39261,36116,32595,16330,19251,21620,15495,12973,8435,10258,11186,5420,4315,993,1452,488,76,139562,110523,93071,77611,57595,58289,51153,38879,38467,39014,36357,29403,32166,25859,17411,21456,17023,18852,14331,11574,14537,12932,8400,8024,3874,4244,4350,2998,4150,2052,1752,1887,1346,135,176,241,241,65,0
bstream_048,Sista färjan från Ystad,"Alfredsson, Karin",,F,CRIME,no,strm,181646,145568,95428,82738,78542,77667,60821,45088,43656,38028,45347,20406,16329,3898,10462,11058,10263,10263,9587,5231,4952,875,1730,378,40,141789,112632,83852,72873,78959,52785,51334,37153,39858,39718,38366,32757,33493,22952,20327,21719,17642,17622,8910,11556,11416,9885,8672,6563,4555,3381,3918,5330,1870,2188,2387,1392,1134,338,179,179,239,40,40
bstream_049,Trojanen,"Ahlstedt, Mats",,M,CRIME,no,strm,188022,141088,115979,92223,74735,78952,49952,40523,39557,36275,40726,19977,19672,295,13596,10344,10507,9196,10720,3506,2439,874,285,508,51,128772,117971,80019,79846,79460,59727,55368,42545,35300,33562,36804,27953,26328,23452,20322,21023,20434,15455,11746,12366,14236,11939,9409,8251,4623,4674,2937,5548,2926,1575,2479,1738,437,264,112,305,20,71,0
bstream_050,Morden på Mörkö,"Karlsson, Samuel",,M,CRIME,no,strm,190652,139679,114265,91751,61378,82762,32699,46531,40213,41544,33302,24917,12817,25807,15622,8998,10338,9295,10137,3226,3197,383,211,230,48,140933,117768,66059,83451,76952,63761,54744,34987,38337,40491,41592,30028,26534,21002,24907,19336,19518,13047,16101,13574,7926,12214,7868,7533,4556,3389,2470,1206,3475,890,2001,1369,1034,230,258,268,86,57,48
bstream_051,Allt jag fått lära mig,"Westover, Tara",,F,OTHER,no,strm,189719,152918,123052,89084,58890,61336,54393,41544,40858,40411,19046,21179,21372,14378,10999,19299,12707,11648,9269,4288,850,1618,694,261,186,129942,120859,66369,78458,56839,62096,60322,48658,40903,34751,40530,29799,31790,29725,21283,18710,17465,23953,14832,12454,8814,10813,10686,5287,4019,4691,3520,1894,2327,3147,1491,2767,164,328,127,89,60,37,0
