SvB_BS_155,Stalker,"Kepler, Lars",,2,no,CRIME,both,both,163009,pp_VB,30700,pp_NN,25748,pp_PN,16765,pp_PP,15568,pp_MI,12230,pp_MA,10567,pp_AB,9344,pp_KN,7971,pp_JJ,6964,pp_PM,6203,pp_DT,5972,pp_PL,3749,pp_SN,2555,pp_PC,1925,pp_PS,1749,pp_HA,1453,pp_HP,1237,pp_IE,1104,pp_RG,559,pp_IN,399,pp_RO,120,pp_UO,62,pp_PA,42,pp_HD,17,pp_HS,6
SvB_BS_156,Gone Girl,"Flynn, Gillian",,F,transl,CRIME,pb,sell,199698,pp_VB,36748,pp_PN,26857,pp_NN,23923,pp_AB,15935,pp_PP,15281,pp_MA,12525,pp_MI,12389,pp_JJ,8949,pp_KN,8683,pp_DT,7567,pp_PA,4708,pp_PM,4618,pp_SN,4115,pp_PL,3297,pp_PS,3076,pp_HP,2405,pp_IE,2352,pp_HA,2157,pp_PC,1995,pp_RG,889,pp_IN,685,pp_UO,271,pp_RO,195,pp_HD,65,pp_HS,13
SvB_BS_157,Lejontämjaren,"Läckberg, Camilla",,F,no,CRIME,hb,both,138104,pp_VB,27214,pp_PN,16603,pp_NN,16026,pp_AB,11628,pp_PP,10913,pp_MA,9864,pp_MI,7386,pp_KN,6517,pp_JJ,5203,pp_PM,5052,pp_DT,4495,pp_PA,3222,pp_SN,2728,pp_PL,2542,pp_HP,1791,pp_IE,1604,pp_PS,1515,pp_HA,1476,pp_PC,1106,pp_IN,697,pp_RG,248,pp_RO,138,pp_UO,71,pp_HD,61,pp_HS,4
SvB_BS_158,VIP-rummet,"Lapidus, Jens",,M,no,CRIME,hb,sell,160747,pp_VB,29083,pp_NN,21110,pp_PN,18777,pp_AB,13598,pp_MA,13578,pp_PP,13134,pp_MI,8718,pp_JJ,6180,pp_KN,6074,pp_PM,5991,pp_DT,5665,pp_PA,3693,pp_PL,2951,pp_SN,2383,pp_HP,2086,pp_PS,1833,pp_HA,1387,pp_PC,1221,pp_RG,1122,pp_IE,1069,pp_IN,612,pp_UO,273,pp_RO,148,pp_HD,51,pp_HS,10
SvB_BS_161,Sonen,"Nesbø, Jo",,M,transl,CRIME,both,sell,153379,pp_VB,27320,pp_NN,21383,pp_PN,16502,pp_MA,12777,pp_PP,12625,pp_AB,10406,pp_MI,9679,pp_KN,6285,pp_JJ,6092,pp_DT,5630,pp_PA,4938,pp_PM,4705,pp_SN,3305,pp_PL,2843,pp_HP,2026,pp_PC,1422,pp_HA,1253,pp_PS,1208,pp_IE,1114,pp_RG,755,pp_IN,722,pp_UO,196,pp_RO,141,pp_HD,49,pp_HS,3
SvB_BS_163,Jag heter inte Miriam,"Axelsson, Majgull",,F,no,OTHER,both,sell,153713,pp_VB,27258,pp_NN,19825,pp_PN,15616,pp_AB,15453,pp_MA,12733,pp_PP,11665,pp_MI,8315,pp_JJ,7696,pp_KN,7651,pp_DT,5785,pp_PM,4790,pp_PL,2948,pp_PA,2805,pp_SN,2136,pp_PS,2049,pp_HP,1452,pp_IE,1291,pp_HA,1247,pp_PC,1228,pp_IN,909,pp_RG,560,pp_RO,171,pp_UO,78,pp_HD,40,pp_HS,12
SvB_BS_165,De underkända,"Hjorth, Michael",Hans Rosenfeldt,M,no,CRIME,hb,both,130476,pp_VB,24037,pp_NN,15571,pp_PN,15479,pp_MA,10835,pp_PP,10753,pp_AB,10642,pp_MI,6911,pp_JJ,5276,pp_KN,5025,pp_DT,4741,pp_PM,4669,pp_PA,3142,pp_PL,2688,pp_SN,2179,pp_HP,1633,pp_IE,1438,pp_HA,1391,pp_PC,1363,pp_PS,1303,pp_RG,651,pp_IN,475,pp_RO,141,pp_UO,72,pp_HD,51,pp_HS,10
SvB_BS_166,Blå stjärnan,"Guillou, Jan",,M,no,OTHER,hb,sell,141454,pp_VB,22737,pp_NN,20580,pp_AB,13598,pp_PN,13307,pp_PP,13162,pp_MA,8482,pp_MI,8212,pp_JJ,8007,pp_KN,6409,pp_DT,6040,pp_PM,4642,pp_PA,2426,pp_SN,2235,pp_PL,2221,pp_PC,1827,pp_IE,1651,pp_HP,1532,pp_PS,1328,pp_HA,1233,pp_RG,794,pp_IN,549,pp_UO,247,pp_RO,184,pp_HD,46,pp_HS,5
SvB_BS_167,Det som inte dödar oss,"Lagercrantz, David",,M,no,CRIME,both,both,168606,pp_VB,27875,pp_NN,20112,pp_PN,18536,pp_AB,16362,pp_PP,13402,pp_MI,11099,pp_MA,10386,pp_KN,10185,pp_JJ,7953,pp_DT,6817,pp_PM,6262,pp_PA,3669,pp_SN,2951,pp_PL,2634,pp_HP,2264,pp_PS,2099,pp_PC,1694,pp_IE,1483,pp_HA,1187,pp_IN,718,pp_RG,557,pp_UO,185,pp_RO,110,pp_HD,58,pp_HS,8
SvB_BS_168,Bombmakaren och hans kvinna,"Persson, Leif GW",,M,no,CRIME,hb,both,166116,pp_VB,28278,pp_NN,21712,pp_PN,16869,pp_PP,15066,pp_AB,14509,pp_MA,10652,pp_MI,9684,pp_JJ,8166,pp_PM,7923,pp_DT,7325,pp_KN,6511,pp_HP,3725,pp_SN,3187,pp_PS,2715,pp_PL,2026,pp_PC,1625,pp_IE,1623,pp_HA,1621,pp_RG,1379,pp_IN,820,pp_RO,254,pp_PA,223,pp_UO,182,pp_HD,34,pp_HS,7
SvB_BS_169,Britt-Marie var här,"Backman, Fredrik",,M,no,OTHER,both,sell,106944,pp_VB,20070,pp_NN,13835,pp_PN,12442,pp_AB,9257,pp_PP,8852,pp_MA,8505,pp_MI,7270,pp_KN,4311,pp_PM,4162,pp_JJ,3953,pp_DT,3297,pp_SN,2555,pp_PL,1699,pp_PS,1154,pp_HP,1111,pp_IE,1027,pp_HA,1014,pp_PC,836,pp_IN,582,pp_PA,503,pp_RG,309,pp_RO,120,pp_UO,46,pp_HD,26,pp_HS,8
SvB_BS_170,Mördar-Anders och hans vänner samt en och annan ovän,"Jonasson, Jonas",,M,no,OTHER,both,both,78747,pp_NN,13097,pp_VB,12960,pp_PP,7974,pp_AB,6984,pp_PN,6826,pp_MA,4812,pp_MI,4280,pp_JJ,3799,pp_KN,3412,pp_DT,3270,pp_PM,2179,pp_SN,1786,pp_IE,1174,pp_PL,1103,pp_HP,1019,pp_PC,946,pp_RG,808,pp_PS,800,pp_HA,589,pp_PA,378,pp_IN,318,pp_RO,162,pp_HD,37,pp_UO,28,pp_HS,6
SvB_BS_171,Allt jag inte minns,"Khemiri, Jonas Hassen",,M,no,PRESTIGE,both,sell,74350,pp_VB,14483,pp_PN,10060,pp_NN,9617,pp_MA,5787,pp_PP,5753,pp_AB,5523,pp_MI,3855,pp_KN,3470,pp_JJ,2855,pp_DT,2286,pp_SN,1723,pp_PM,1634,pp_PL,1482,pp_HP,1160,pp_PS,1017,pp_HA,936,pp_IE,725,pp_PC,575,pp_RG,398,pp_PA,351,pp_IN,344,pp_UO,185,pp_RO,95,pp_HD,33,pp_HS,3
SvB_BS_172,STHLM Delete,"Lapidus, Jens",,M,no,CRIME,both,both,163755,pp_VB,28575,pp_NN,22994,pp_PN,18087,pp_MA,15130,pp_PP,13375,pp_AB,12971,pp_MI,9549,pp_PM,6581,pp_JJ,6088,pp_DT,5700,pp_KN,5577,pp_PA,3660,pp_PL,2912,pp_SN,2236,pp_HP,2091,pp_PS,1904,pp_PC,1415,pp_RG,1383,pp_HA,1238,pp_IE,1163,pp_IN,641,pp_UO,273,pp_RO,145,pp_HD,58,pp_HS,9
SvB_BS_173,Det är något som inte stämmer,"Haag, Martina",,F,no,OTHER,both,both,45085,pp_VB,8408,pp_PN,5771,pp_NN,5718,pp_AB,4644,pp_MA,3750,pp_PP,3709,pp_MI,2268,pp_KN,2085,pp_JJ,1953,pp_DT,1505,pp_PL,1123,pp_SN,816,pp_PM,683,pp_PS,499,pp_HA,432,pp_HP,430,pp_IE,414,pp_IN,293,pp_PC,278,pp_RG,193,pp_RO,50,pp_UO,37,pp_HD,22,pp_PA,4
SvB_BS_174,Playground,"Kepler, Lars",,2,no,CRIME,hb,sell,117503,pp_VB,21869,pp_NN,17291,pp_PN,12022,pp_PP,10722,pp_MI,7931,pp_MA,7828,pp_AB,6710,pp_KN,5509,pp_JJ,4913,pp_PM,4394,pp_DT,4135,pp_PA,3450,pp_PL,2668,pp_SN,1728,pp_PS,1547,pp_PC,1366,pp_HA,962,pp_HP,931,pp_IE,856,pp_RG,311,pp_IN,222,pp_RO,70,pp_UO,57,pp_HD,8,pp_HS,3
SvB_BS_175,Järnblod,"Marklund, Liza",,F,no,CRIME,both,both,92618,pp_VB,16768,pp_NN,14077,pp_PN,9852,pp_PP,8199,pp_MI,7934,pp_MA,6597,pp_AB,6437,pp_JJ,3899,pp_PM,3591,pp_KN,3453,pp_DT,3126,pp_PL,2002,pp_SN,1112,pp_PS,1049,pp_HP,980,pp_PC,942,pp_IE,769,pp_HA,706,pp_RG,429,pp_IN,345,pp_PA,187,pp_UO,77,pp_RO,51,pp_HD,32,pp_HS,4
SvB_BS_176,Arvet efter dig,"Moyes, Jojo",,F,transl,OTHER,both,both,144920,pp_VB,26103,pp_PN,19647,pp_NN,17004,pp_MA,11460,pp_PP,11074,pp_AB,10616,pp_MI,9260,pp_JJ,5805,pp_KN,5684,pp_PA,4857,pp_DT,4821,pp_SN,3066,pp_PM,2805,pp_PL,2661,pp_PS,2475,pp_IE,1620,pp_HP,1533,pp_HA,1434,pp_PC,1167,pp_IN,926,pp_RG,587,pp_UO,175,pp_RO,98,pp_HD,29,pp_HS,13
SvB_BS_177,Björndansen,"Roslund, Anders",Stefan Thunberg,M,no,CRIME,hb,sell,216289,pp_VB,34979,pp_NN,32094,pp_PN,22539,pp_MA,19056,pp_AB,18310,pp_PP,17811,pp_MI,15307,pp_KN,10795,pp_JJ,9385,pp_DT,8529,pp_PM,5394,pp_PL,4460,pp_HP,4069,pp_SN,2798,pp_RG,2165,pp_HA,2129,pp_PC,1932,pp_PS,1815,pp_IE,1402,pp_IN,643,pp_RO,392,pp_UO,177,pp_PA,64,pp_HD,41,pp_HS,3
SvB_BS_178,Liv till varje pris,"Sandberg, Kristina",,F,no,PRESTIGE,hb,sell,177144,pp_VB,33213,pp_NN,23120,pp_AB,18878,pp_PN,17779,pp_PP,14106,pp_MA,12380,pp_MI,11847,pp_PM,8422,pp_JJ,7927,pp_KN,7438,pp_DT,4834,pp_SN,3691,pp_PL,3384,pp_IE,2083,pp_HA,1860,pp_PC,1587,pp_HP,1454,pp_IN,1367,pp_PS,1122,pp_RG,439,pp_HD,86,pp_RO,78,pp_UO,42,pp_PA,5,pp_HS,2
SvB_BS_179,Konsten att höra hjärtslag,"Sendker, Jan-Philipp",,M,transl,OTHER,pb,sell,85255,pp_VB,15092,pp_NN,13544,pp_PN,9514,pp_PP,8139,pp_MA,6360,pp_AB,6272,pp_KN,4322,pp_JJ,4068,pp_DT,3613,pp_PM,2902,pp_MI,2470,pp_SN,1422,pp_PS,1262,pp_PL,1254,pp_HP,1102,pp_HA,845,pp_PC,836,pp_PA,820,pp_IE,665,pp_RG,350,pp_UO,134,pp_RO,121,pp_IN,112,pp_HD,20,pp_HS,16
SvB_BS_180,Etthundra mil,"Moyes, Jojo",,F,transl,OTHER,pb,sell,130510,pp_VB,24294,pp_PN,16598,pp_NN,15820,pp_MA,10878,pp_PP,10144,pp_AB,9355,pp_MI,6850,pp_KN,5075,pp_PA,4852,pp_JJ,4789,pp_PM,4053,pp_DT,4047,pp_PL,2660,pp_SN,2637,pp_PS,1845,pp_HP,1381,pp_IE,1283,pp_HA,1123,pp_PC,1074,pp_RG,740,pp_IN,736,pp_UO,137,pp_RO,87,pp_HD,38,pp_HS,14
SvB_BS_181,Sista brevet från din älskade,"Moyes, Jojo",,F,transl,OTHER,pb,sell,147977,pp_VB,27451,pp_PN,19643,pp_NN,18193,pp_MA,11877,pp_PP,11663,pp_AB,10579,pp_MI,7984,pp_JJ,6310,pp_KN,5249,pp_DT,5010,pp_PA,4807,pp_PM,3419,pp_PL,2842,pp_SN,2820,pp_PS,2462,pp_HP,1625,pp_PC,1524,pp_IE,1520,pp_HA,1300,pp_IN,668,pp_RG,631,pp_UO,204,pp_RO,121,pp_HD,56,pp_HS,19
SvB_BS_182,Visning pågår,"Sarenbrant, Sofie",,F,no,CRIME,pb,sell,100940,pp_VB,19891,pp_NN,12013,pp_PN,11380,pp_AB,8741,pp_PP,8400,pp_MA,7427,pp_MI,4793,pp_KN,4033,pp_JJ,3811,pp_PM,3352,pp_DT,3088,pp_PA,2747,pp_PL,2155,pp_SN,2143,pp_IE,1668,pp_HP,1308,pp_HA,1229,pp_PS,1120,pp_PC,977,pp_IN,264,pp_RG,254,pp_RO,78,pp_HD,49,pp_UO,16,pp_HS,3
SvB_BS_183,Att föda ett barn,"Sandberg, Kristina",,F,no,OTHER,pb,sell,163580,pp_VB,30055,pp_NN,21956,pp_AB,17717,pp_PN,17576,pp_PP,11727,pp_MI,11644,pp_MA,9738,pp_KN,9302,pp_JJ,7875,pp_PM,4881,pp_DT,4562,pp_SN,3129,pp_PL,2828,pp_IN,1856,pp_HP,1714,pp_HA,1695,pp_IE,1676,pp_PC,1668,pp_PS,1375,pp_RG,379,pp_RO,83,pp_HD,75,pp_UO,48,pp_PA,12,pp_HS,9
SvB_BS_184,Lotus blues,"Ohlsson, Kristina",,F,no,CRIME,pb,sell,122129,pp_VB,24208,pp_PN,17240,pp_NN,13311,pp_MA,11418,pp_AB,10474,pp_PP,9293,pp_MI,5586,pp_JJ,4753,pp_PM,4474,pp_KN,4412,pp_DT,3775,pp_SN,2804,pp_PL,2045,pp_HP,1884,pp_PS,1708,pp_IE,1403,pp_HA,1313,pp_PC,866,pp_RG,433,pp_IN,390,pp_PA,141,pp_RO,122,pp_HD,51,pp_UO,24,pp_HS,1
SvB_BS_185,Offer utan ansikte,"Ahnhem, Stefan",,M,no,CRIME,pb,sell,197653,pp_VB,37133,pp_NN,24401,pp_PN,21655,pp_AB,17109,pp_PP,16550,pp_MA,14435,pp_KN,10165,pp_MI,8563,pp_JJ,7732,pp_DT,7409,pp_PM,6090,pp_PL,4538,pp_PA,4383,pp_SN,3671,pp_HP,2477,pp_IE,2225,pp_PS,2193,pp_HA,2143,pp_PC,1890,pp_RG,1053,pp_IN,919,pp_UO,609,pp_RO,219,pp_HD,70,pp_HS,21
SvB_BS_186,Öppnas i händelse av min död,"Moriarty, Liane",,F,transl,OTHER,pb,sell,125176,pp_VB,23476,pp_NN,14653,pp_PN,14381,pp_MA,9887,pp_PP,9671,pp_AB,9512,pp_MI,6828,pp_JJ,5860,pp_PM,5552,pp_KN,4999,pp_DT,4048,pp_PA,3799,pp_SN,2518,pp_PS,1982,pp_PL,1857,pp_IE,1339,pp_HP,1224,pp_PC,1203,pp_HA,1148,pp_IN,553,pp_RG,398,pp_UO,128,pp_RO,116,pp_HD,38,pp_HS,6
SvB_BS_187,Stoner,"Williams, John",,M,transl,OTHER,pb,sell,95737,pp_VB,16698,pp_NN,12949,pp_PN,10903,pp_PP,8406,pp_AB,6775,pp_MI,5606,pp_MA,5281,pp_KN,5113,pp_JJ,5080,pp_DT,3992,pp_PM,3098,pp_PA,2292,pp_SN,1850,pp_PL,1461,pp_HP,1301,pp_PS,1213,pp_PC,1146,pp_HA,860,pp_IE,858,pp_IN,323,pp_RG,320,pp_RO,129,pp_UO,53,pp_HD,17,pp_HS,13
SvB_BS_188,I skymningen sjunger koltrasten,"Olsson, Linda",,F,no,OTHER,pb,sell,68482,pp_VB,12362,pp_PN,9677,pp_NN,7995,pp_AB,6537,pp_MA,6080,pp_PP,5058,pp_KN,3345,pp_MI,3100,pp_JJ,2961,pp_DT,2493,pp_SN,1276,pp_PL,1248,pp_PM,1235,pp_PA,1110,pp_PS,955,pp_HA,696,pp_HP,620,pp_IE,618,pp_PC,601,pp_IN,279,pp_RG,133,pp_RO,78,pp_HD,20,pp_UO,4,pp_HS,1
SvB_BS_189,I maktens skugga,"Sten, Viveca",,F,no,CRIME,pb,sell,112349,pp_VB,21814,pp_NN,14678,pp_PN,11918,pp_PP,9720,pp_MA,8904,pp_AB,8517,pp_MI,5484,pp_PM,5263,pp_JJ,4514,pp_DT,3908,pp_KN,3675,pp_PA,3343,pp_PL,2517,pp_SN,1969,pp_HP,1349,pp_IE,1248,pp_HA,1010,pp_PC,942,pp_PS,932,pp_RG,291,pp_IN,207,pp_UO,70,pp_RO,47,pp_HD,24,pp_HS,5
SvB_BS_190,Jakthundarna,"Lier Horst, Jørn",,M,transl,CRIME,pb,sell,104653,pp_VB,19293,pp_NN,15628,pp_PN,11434,pp_PP,9999,pp_MA,8260,pp_AB,5613,pp_MI,5118,pp_JJ,4341,pp_KN,4339,pp_DT,4085,pp_PM,3935,pp_PA,2827,pp_PL,2346,pp_SN,1619,pp_HP,1389,pp_PC,1084,pp_IE,978,pp_HA,822,pp_RG,673,pp_PS,535,pp_IN,178,pp_RO,107,pp_HD,40,pp_UO,10
SvB_BS_191,Den stumma flickan,"Hjorth, Michael",Hans Rosenfeldt,M,no,CRIME,pb,sell,148534,pp_VB,27707,pp_NN,17645,pp_PN,17583,pp_AB,12806,pp_PP,12447,pp_MA,12222,pp_MI,6771,pp_KN,6250,pp_JJ,6041,pp_PM,5871,pp_DT,5296,pp_PA,3104,pp_PL,3041,pp_SN,2569,pp_HP,1815,pp_IE,1581,pp_PS,1520,pp_PC,1518,pp_HA,1438,pp_RG,666,pp_IN,406,pp_RO,149,pp_HD,43,pp_UO,39,pp_HS,6
SvB_BS_192,Tre minuter,"Roslund, Anders",Börge Hellström,M,no,CRIME,hb,sell,158479,pp_VB,24602,pp_NN,23795,pp_PN,15073,pp_PP,13527,pp_AB,13402,pp_MA,12589,pp_MI,11784,pp_JJ,7867,pp_KN,6946,pp_DT,6755,pp_PM,5495,pp_HP,2708,pp_PL,2708,pp_SN,2141,pp_PC,1908,pp_PS,1681,pp_HA,1587,pp_IE,1473,pp_RG,1466,pp_IN,463,pp_RO,262,pp_UO,127,pp_PA,75,pp_HD,36,pp_HS,9
SvB_BS_193,Kaninjägaren,"Kepler, Lars",,2,no,CRIME,both,both,154219,pp_VB,28491,pp_NN,25737,pp_PP,15326,pp_PN,14735,pp_MI,10534,pp_MA,9683,pp_AB,8753,pp_KN,7468,pp_JJ,6548,pp_DT,6067,pp_PM,5526,pp_PL,3968,pp_SN,2551,pp_PC,1963,pp_PS,1658,pp_HA,1264,pp_HP,1203,pp_IE,1112,pp_RG,665,pp_IN,397,pp_UO,377,pp_RO,134,pp_PA,28,pp_HD,26,pp_HS,5
SvB_BS_194,Kan man dö två gånger?,"Persson, Leif GW",,M,no,CRIME,both,both,148070,pp_VB,26200,pp_NN,18768,pp_PN,15665,pp_AB,13234,pp_PP,12961,pp_MA,10002,pp_MI,9407,pp_PM,7102,pp_JJ,6408,pp_DT,6222,pp_KN,5407,pp_HP,3175,pp_SN,2712,pp_PS,2242,pp_PL,2110,pp_HA,1620,pp_IE,1296,pp_PC,1256,pp_RG,1072,pp_IN,799,pp_RO,207,pp_PA,104,pp_UO,60,pp_HD,39,pp_HS,2
SvB_BS_195,Äkta amerikanska jeans,"Guillou, Jan",,M,no,OTHER,hb,sell,122560,pp_VB,21367,pp_NN,18346,pp_PN,12996,pp_AB,12631,pp_PP,11364,pp_MA,7127,pp_KN,6803,pp_JJ,6612,pp_DT,4843,pp_MI,4121,pp_PM,3674,pp_SN,2473,pp_PL,2272,pp_HP,1441,pp_IE,1426,pp_HA,1324,pp_PC,1099,pp_PS,1062,pp_RG,862,pp_RO,243,pp_PA,176,pp_IN,165,pp_UO,110,pp_HD,19,pp_HS,4
SvB_BS_196,Simma med de drunknade,"Mytting, Lars",,M,transl,OTHER,pb,sell,134051,pp_VB,23218,pp_NN,20373,pp_PN,14262,pp_PP,12178,pp_MA,11525,pp_AB,8780,pp_MI,7054,pp_JJ,5806,pp_KN,5674,pp_DT,5464,pp_PM,3702,pp_PA,3115,pp_PL,2893,pp_SN,2186,pp_HP,1388,pp_PC,1372,pp_HA,1258,pp_PS,998,pp_IE,956,pp_RG,883,pp_UO,413,pp_IN,385,pp_RO,148,pp_HD,20
SvB_BS_197,Ljuset vi inte ser,"Doerr, Anthony",,M,transl,OTHER,pb,sell,147079,pp_NN,27676,pp_VB,22569,pp_PP,14419,pp_PN,12263,pp_MA,10725,pp_MI,8647,pp_AB,7931,pp_JJ,7134,pp_DT,6788,pp_KN,6440,pp_PM,4999,pp_PL,2681,pp_PA,2672,pp_PS,2070,pp_PC,1885,pp_SN,1874,pp_HP,1724,pp_RG,1529,pp_HA,1236,pp_IE,1034,pp_RO,286,pp_UO,227,pp_IN,176,pp_HD,62,pp_HS,32
SvB_BS_198,Avdelning 73,"Sarenbrant, Sofie",,F,no,CRIME,pb,both,87216,pp_VB,17316,pp_NN,10494,pp_PN,9935,pp_AB,7467,pp_PP,7157,pp_MA,6389,pp_MI,4528,pp_JJ,3472,pp_KN,3246,pp_PM,2725,pp_DT,2651,pp_PA,2199,pp_SN,1924,pp_PL,1756,pp_IE,1426,pp_HP,1114,pp_HA,1037,pp_PS,955,pp_PC,884,pp_IN,262,pp_RG,180,pp_RO,50,pp_HD,37,pp_HS,6,pp_UO,6
SvB_BS_199,Det andra ansiktet,"Jungstedt, Mari",,F,no,CRIME,both,both,97141,pp_VB,17895,pp_NN,13771,pp_PN,10989,pp_PP,8649,pp_AB,7953,pp_MA,7894,pp_JJ,5009,pp_MI,4442,pp_KN,4300,pp_DT,3698,pp_PM,2961,pp_PL,1948,pp_SN,1568,pp_PC,1140,pp_HP,1126,pp_PS,1126,pp_IE,921,pp_HA,887,pp_IN,377,pp_RG,346,pp_RO,73,pp_UO,30,pp_HD,25,pp_PA,11,pp_HS,2
SvB_BS_200,Störst av allt,"Persson Giolito, Malin",,F,no,CRIME,both,both,122141,pp_VB,24039,pp_PN,16719,pp_NN,14598,pp_AB,9848,pp_PP,9627,pp_MA,8294,pp_MI,6609,pp_KN,5115,pp_JJ,4674,pp_PM,3538,pp_DT,3480,pp_SN,3358,pp_PA,2182,pp_PL,2016,pp_PS,1655,pp_HA,1528,pp_IE,1412,pp_HP,1216,pp_PC,1036,pp_RG,560,pp_IN,264,pp_UO,170,pp_RO,169,pp_HD,33,pp_HS,1
SvB_BS_201,Snövit ska dö,"Neuhaus, Nele",,F,transl,CRIME,pb,sell,159751,pp_VB,27387,pp_NN,21357,pp_PN,16262,pp_PP,14612,pp_AB,13315,pp_MA,11687,pp_MI,8983,pp_PM,7373,pp_JJ,6805,pp_KN,6336,pp_DT,5480,pp_PA,4748,pp_PL,2990,pp_PS,2500,pp_SN,2164,pp_HP,1885,pp_PC,1677,pp_HA,1317,pp_IE,1250,pp_RG,763,pp_IN,574,pp_RO,146,pp_UO,67,pp_HD,56,pp_HS,17
SvB_BS_202,Glöm mig,"Schulman, Alex",,M,no,OTHER,both,sell,57509,pp_VB,10475,pp_NN,8241,pp_PN,7831,pp_PP,4982,pp_MA,4958,pp_AB,4734,pp_MI,2934,pp_KN,2486,pp_JJ,1947,pp_DT,1755,pp_PL,1263,pp_PA,1154,pp_SN,864,pp_PS,660,pp_HA,618,pp_PM,610,pp_HP,562,pp_IE,441,pp_PC,356,pp_RG,291,pp_IN,255,pp_RO,47,pp_UO,34,pp_HD,11
SvB_BS_203,De oroliga,"Ullmann, Linn",,F,no,PRESTIGE,hb,sell,96332,pp_VB,17337,pp_NN,14387,pp_PN,12325,pp_PP,7853,pp_AB,6885,pp_MI,6504,pp_MA,6425,pp_KN,5123,pp_JJ,4688,pp_DT,3564,pp_SN,1710,pp_PM,1523,pp_PL,1431,pp_PS,1349,pp_HP,1011,pp_HA,880,pp_PC,786,pp_IE,777,pp_RG,712,pp_IN,491,pp_PA,258,pp_RO,153,pp_UO,131,pp_HD,28,pp_HS,1
SvB_BS_204,I varje ögonblick är vi fortfarande vid liv,"Malmquist, Tom",,M,no,PRESTIGE,pb,sell,84743,pp_VB,16335,pp_PN,12479,pp_NN,11211,pp_MI,7210,pp_PP,6939,pp_MA,5899,pp_AB,5474,pp_JJ,3321,pp_KN,3258,pp_PM,2594,pp_DT,2501,pp_PL,1481,pp_SN,1067,pp_IN,1048,pp_HP,776,pp_PS,737,pp_HA,650,pp_PC,571,pp_IE,511,pp_RG,498,pp_UO,75,pp_RO,56,pp_PA,38,pp_HD,14
SvB_BS_205,Kvinna inför rätta,"Doughty, Louise",,F,transl,CRIME,pb,sell,133095,pp_VB,23428,pp_NN,18280,pp_PN,17568,pp_PP,12323,pp_AB,9880,pp_MI,8794,pp_MA,7231,pp_JJ,6057,pp_KN,5430,pp_DT,5100,pp_SN,2790,pp_PL,2407,pp_PS,2257,pp_PA,2191,pp_PM,2153,pp_IE,1636,pp_HA,1511,pp_HP,1451,pp_PC,1431,pp_RG,520,pp_IN,395,pp_RO,135,pp_UO,76,pp_HD,38,pp_HS,13
SvB_BS_206,Tiggaren,"Sarenbrant, Sofie",,F,no,CRIME,both,both,93734,pp_VB,18482,pp_NN,11405,pp_PN,11133,pp_AB,8043,pp_PP,7951,pp_MA,6421,pp_MI,4602,pp_JJ,3730,pp_KN,3639,pp_PM,2970,pp_DT,2908,pp_SN,2137,pp_PA,2043,pp_PL,1825,pp_IE,1517,pp_HP,1213,pp_HA,1117,pp_PS,1063,pp_PC,838,pp_IN,235,pp_RG,209,pp_UO,142,pp_RO,65,pp_HD,44,pp_HS,2
SvB_BS_207,Bakom din rygg,"Sarenbrant, Sofie",,F,no,CRIME,both,both,88718,pp_VB,17630,pp_PN,10725,pp_NN,10011,pp_AB,7767,pp_PP,7173,pp_MA,6589,pp_MI,4123,pp_KN,3781,pp_JJ,3565,pp_PM,3558,pp_DT,2594,pp_SN,1958,pp_PL,1832,pp_PA,1548,pp_IE,1305,pp_PS,1173,pp_HP,1095,pp_HA,942,pp_PC,748,pp_IN,220,pp_RG,212,pp_RO,90,pp_UO,51,pp_HD,28
SvB_BS_208,1968,"Guillou, Jan",,M,no,OTHER,hb,sell,132947,pp_NN,22337,pp_VB,20123,pp_PP,12998,pp_AB,12245,pp_PN,10385,pp_JJ,8007,pp_MA,7415,pp_MI,7333,pp_KN,6214,pp_DT,6006,pp_PM,4759,pp_SN,2097,pp_PC,2019,pp_PL,1902,pp_PA,1862,pp_HP,1522,pp_IE,1513,pp_PS,1208,pp_HA,1143,pp_RG,904,pp_IN,477,pp_UO,217,pp_RO,191,pp_HD,61,pp_HS,9
SvB_BS_209,Slutet på sommaren,"Motte, Anders de la",,M,no,CRIME,pb,sell,114352,pp_VB,20009,pp_NN,17067,pp_PN,12167,pp_PP,9906,pp_AB,9598,pp_MA,9124,pp_MI,5806,pp_JJ,5087,pp_KN,4418,pp_DT,4234,pp_PM,3057,pp_PL,2503,pp_PA,2227,pp_SN,2033,pp_HP,1533,pp_PS,1312,pp_IE,1297,pp_PC,1007,pp_HA,968,pp_RG,503,pp_IN,268,pp_RO,103,pp_UO,75,pp_HD,35,pp_HS,15
SvB_BS_210,Arton grader minus,"Ahnhem, Stefan",,M,no,CRIME,pb,sell,173148,pp_VB,31182,pp_NN,21146,pp_PN,19260,pp_AB,16417,pp_PP,15318,pp_MA,11167,pp_KN,8679,pp_MI,7668,pp_JJ,6761,pp_DT,6488,pp_PM,4806,pp_PA,4177,pp_PL,3931,pp_SN,3634,pp_HP,2448,pp_IE,2126,pp_HA,1970,pp_PS,1847,pp_PC,1787,pp_RG,860,pp_IN,828,pp_UO,406,pp_RO,176,pp_HD,45,pp_HS,21
SvB_BS_211,Återstoden av dagen,"Ishiguro, Kazuo",,M,transl,PRESTIGE,hb,sell,84174,pp_VB,14745,pp_NN,12333,pp_PN,9223,pp_PP,7774,pp_AB,7597,pp_JJ,4285,pp_DT,4078,pp_MA,4014,pp_MI,3865,pp_KN,3217,pp_SN,2224,pp_PM,2152,pp_PA,1622,pp_PS,1331,pp_IE,1325,pp_HP,1141,pp_PL,937,pp_PC,872,pp_HA,822,pp_RG,216,pp_IN,190,pp_RO,93,pp_UO,64,pp_HD,42,pp_HS,12
SvB_BS_212,Ett litet liv,"Yanagihara, Hanya",,F,transl,PRESTIGE,pb,sell,350649,pp_VB,65099,pp_PN,45403,pp_NN,41642,pp_PP,28261,pp_MI,28187,pp_AB,25505,pp_KN,19002,pp_MA,15841,pp_JJ,14660,pp_DT,11405,pp_PM,10518,pp_PA,8883,pp_SN,7718,pp_PL,4714,pp_HP,4655,pp_HA,4287,pp_PS,4162,pp_IE,4078,pp_PC,3267,pp_RG,1476,pp_IN,903,pp_RO,557,pp_UO,241,pp_HD,102,pp_HS,83
SvB_BS_213,Hjärtats innersta röst,"Sendker, Jan-Philipp",,M,transl,OTHER,pb,sell,98865,pp_VB,17039,pp_NN,14242,pp_PN,12154,pp_MA,9010,pp_PP,8559,pp_AB,7559,pp_JJ,4551,pp_DT,4355,pp_MI,4066,pp_KN,3512,pp_PS,2031,pp_PA,1938,pp_PM,1665,pp_SN,1455,pp_PL,1385,pp_HP,1311,pp_HA,1054,pp_PC,1021,pp_IE,1007,pp_RG,393,pp_IN,235,pp_RO,158,pp_UO,86,pp_HD,48,pp_HS,31
SvB_BS_214,Vänd dig inte om,"Alsterdal, Tove",,F,no,CRIME,pb,sell,135315,pp_VB,25145,pp_NN,17940,pp_PN,15639,pp_AB,11813,pp_PP,11193,pp_MI,9424,pp_MA,8397,pp_DT,5388,pp_JJ,5228,pp_KN,5134,pp_PM,3773,pp_PA,3038,pp_PL,2532,pp_SN,2351,pp_HP,2124,pp_HA,1426,pp_IE,1212,pp_PS,1151,pp_PC,1140,pp_RG,517,pp_IN,357,pp_UO,227,pp_RO,127,pp_HD,30,pp_HS,9
SvB_BS_215,De kommer att drunkna i sina mödrars tårar,"Anyuru, Johannes",,M,no,PRESTIGE,hb,sell,73623,pp_VB,12652,pp_NN,11900,pp_PN,8229,pp_PP,7336,pp_MI,4741,pp_MA,4651,pp_AB,3996,pp_KN,3420,pp_DT,3073,pp_JJ,2976,pp_SN,1424,pp_PL,1353,pp_PM,1352,pp_HP,1308,pp_PA,1219,pp_PS,1194,pp_PC,980,pp_HA,739,pp_IE,627,pp_RG,200,pp_RO,83,pp_UO,74,pp_IN,71,pp_HS,14,pp_HD,11
SvB_BS_216,Björnstad,"Backman, Fredrik",,M,no,OTHER,pb,sell,140044,pp_VB,26186,pp_NN,20654,pp_PN,15841,pp_PP,12100,pp_AB,11482,pp_MA,10125,pp_MI,8325,pp_JJ,5804,pp_KN,5611,pp_DT,4951,pp_PM,4319,pp_SN,2834,pp_PS,2054,pp_PL,2049,pp_HA,1678,pp_HP,1569,pp_IE,1337,pp_PC,1008,pp_PA,806,pp_RG,679,pp_IN,354,pp_RO,166,pp_UO,70,pp_HD,38,pp_HS,4
SvB_BS_244,Min fantastiska väninna,"Ferrante, Elena",,F,transl,OTHER,both,sell,116120,pp_VB,21222,pp_PN,14736,pp_NN,14338,pp_PP,10307,pp_AB,9079,pp_KN,7144,pp_MI,6254,pp_JJ,6181,pp_MA,6085,pp_DT,3843,pp_PM,3150,pp_SN,2723,pp_PL,2085,pp_HP,1743,pp_PS,1618,pp_PA,1428,pp_IE,1216,pp_HA,1126,pp_PC,1063,pp_RG,351,pp_IN,234,pp_RO,126,pp_HD,33,pp_UO,31,pp_HS,4
SvB_BS_245,Hennes nya namn,"Ferrante, Elena",,F,transl,OTHER,hb,sell,174632,pp_VB,33635,pp_PN,23783,pp_NN,18874,pp_PP,14403,pp_AB,13924,pp_KN,10250,pp_MI,9824,pp_MA,9424,pp_JJ,8616,pp_DT,5267,pp_PM,4472,pp_SN,4310,pp_PL,3208,pp_PA,2983,pp_HP,2575,pp_PS,2437,pp_IE,2107,pp_HA,1815,pp_PC,1605,pp_IN,488,pp_RG,392,pp_RO,117,pp_UO,62,pp_HD,55,pp_HS,6
SvB_BS_246,Toner i natten,"Moyes, Jojo",,F,transl,OTHER,both,both,145235,pp_VB,28183,pp_PN,18188,pp_NN,17707,pp_PP,11388,pp_AB,10922,pp_MA,10717,pp_MI,8139,pp_JJ,6141,pp_KN,5267,pp_DT,4954,pp_PA,4632,pp_PM,3712,pp_SN,2887,pp_PL,2739,pp_PS,2015,pp_HP,1811,pp_IE,1782,pp_HA,1627,pp_PC,1278,pp_IN,504,pp_RG,396,pp_UO,101,pp_RO,86,pp_HD,44,pp_HS,15
SvB_BS_247,Kvinnan på tåget,"Hawkins, Paula",,F,transl,CRIME,pb,sell,121471,pp_VB,23644,pp_PN,19301,pp_NN,12965,pp_AB,9932,pp_PP,9771,pp_MA,8370,pp_MI,8217,pp_KN,4847,pp_JJ,4311,pp_DT,3561,pp_SN,2676,pp_PA,2386,pp_PM,2216,pp_PL,2213,pp_PS,1377,pp_IE,1343,pp_HA,1300,pp_HP,1115,pp_PC,989,pp_RG,477,pp_IN,312,pp_RO,101,pp_HD,24,pp_UO,16,pp_HS,7
SvB_BS_248,Det lilla bageriet på strandpromenaden,"Colgan, Jenny",,F,transl,OTHER,pb,sell,125881,pp_VB,22899,pp_PN,14352,pp_NN,14182,pp_AB,10392,pp_MI,9548,pp_PP,9221,pp_MA,8955,pp_JJ,5987,pp_KN,5358,pp_PA,4883,pp_DT,4093,pp_PM,3669,pp_PL,2576,pp_SN,1986,pp_IE,1417,pp_HP,1378,pp_PC,1214,pp_PS,1208,pp_HA,1022,pp_IN,946,pp_RG,268,pp_UO,208,pp_RO,81,pp_HD,28,pp_HS,10
SvB_BS_249,Mannen som sökte sin skugga,"Lagercrantz, David",,M,no,CRIME,hb,both,128431,pp_VB,22031,pp_NN,16008,pp_PN,14534,pp_AB,11116,pp_PP,10555,pp_MA,9358,pp_KN,7998,pp_MI,7275,pp_JJ,5684,pp_PM,5424,pp_DT,4535,pp_PA,2444,pp_PL,2113,pp_SN,1956,pp_PS,1687,pp_HP,1529,pp_PC,1268,pp_IE,990,pp_HA,906,pp_RG,436,pp_IN,301,pp_UO,149,pp_RO,99,pp_HD,31,pp_HS,4
SvB_BS_250,Begynnelse,"Brown, Dan",,M,transl,CRIME,both,sell,161846,pp_VB,27008,pp_NN,26454,pp_PP,15018,pp_PN,12881,pp_AB,10509,pp_MA,10375,pp_MI,8577,pp_JJ,8350,pp_PM,7502,pp_DT,7319,pp_KN,6076,pp_PA,5178,pp_SN,2766,pp_PC,2498,pp_PL,2385,pp_HP,2015,pp_PS,1901,pp_IE,1795,pp_HA,1443,pp_RG,744,pp_UO,447,pp_IN,377,pp_RO,162,pp_HD,37,pp_HS,29
SvB_BS_251,Häxan,"Läckberg, Camilla",,F,no,CRIME,both,both,242062,pp_VB,47233,pp_NN,29104,pp_PN,28484,pp_PP,19688,pp_AB,18596,pp_MA,18569,pp_MI,12796,pp_KN,11159,pp_PM,9704,pp_JJ,8968,pp_DT,7605,pp_PA,6108,pp_PL,4504,pp_SN,4373,pp_HP,3034,pp_PS,2715,pp_IE,2533,pp_HA,2456,pp_PC,1768,pp_IN,1374,pp_RG,637,pp_UO,380,pp_RO,176,pp_HD,86,pp_HS,12
SvB_BS_252,Det förlorade barnet,"Ferrante, Elena",,F,transl,PRESTIGE,hb,sell,175618,pp_VB,33988,pp_PN,24285,pp_NN,18854,pp_PP,14519,pp_AB,14189,pp_KN,9991,pp_MI,9635,pp_MA,8848,pp_JJ,8799,pp_DT,5639,pp_PM,4289,pp_SN,4251,pp_PA,3040,pp_PS,3003,pp_PL,2946,pp_HP,2490,pp_IE,2185,pp_HA,1936,pp_PC,1600,pp_RG,457,pp_IN,378,pp_RO,132,pp_UO,84,pp_HD,68,pp_HS,12
SvB_BS_253,"Den som stannar, den som går","Ferrante, Elena",,F,transl,OTHER,hb,sell,153346,pp_VB,29429,pp_PN,20938,pp_NN,16776,pp_PP,12650,pp_AB,12088,pp_MI,9226,pp_KN,8823,pp_MA,7967,pp_JJ,7446,pp_DT,4763,pp_PM,3802,pp_SN,3604,pp_PA,2845,pp_PL,2478,pp_PS,2383,pp_HP,2311,pp_IE,1809,pp_HA,1517,pp_PC,1389,pp_IN,477,pp_RG,373,pp_RO,116,pp_HD,86,pp_UO,45,pp_HS,5
SvB_BS_254,Top Dogg,"Lapidus, Jens",,M,no,CRIME,hb,both,173283,pp_VB,30785,pp_NN,22925,pp_PN,19135,pp_MA,14120,pp_AB,14088,pp_PP,13211,pp_MI,10466,pp_PM,8137,pp_KN,6549,pp_JJ,6532,pp_DT,5571,pp_PA,5439,pp_PL,3216,pp_SN,2457,pp_HP,2315,pp_PS,1808,pp_HA,1506,pp_RG,1318,pp_PC,1274,pp_IE,1160,pp_IN,692,pp_UO,358,pp_RO,130,pp_HD,78,pp_HS,13
SvB_BS_255,Törst,"Nesbø, Jo",,M,transl,CRIME,hb,both,185669,pp_VB,32603,pp_NN,24054,pp_PN,19608,pp_MA,15084,pp_PP,14575,pp_AB,12476,pp_MI,12361,pp_PM,7969,pp_KN,7635,pp_PA,7151,pp_JJ,6858,pp_DT,6347,pp_SN,4280,pp_PL,3187,pp_HP,2285,pp_PC,1646,pp_IE,1640,pp_HA,1533,pp_PS,1490,pp_IN,1217,pp_RG,963,pp_UO,437,pp_RO,228,pp_HD,41,pp_HS,1
SvB_BS_256,Never let me go,"Ishiguro, Kazuo",,M,transl,PRESTIGE,hb,sell,110063,pp_VB,20642,pp_PN,15974,pp_NN,11529,pp_AB,11270,pp_PP,9155,pp_MA,5994,pp_MI,5712,pp_KN,5559,pp_JJ,4341,pp_DT,4253,pp_SN,2956,pp_PM,2534,pp_PL,1760,pp_PA,1704,pp_HA,1538,pp_HP,1374,pp_IE,1086,pp_PC,913,pp_PS,911,pp_RG,351,pp_IN,259,pp_RO,132,pp_UO,86,pp_HD,27,pp_HS,3
SvB_BS_257,Det förlovade landet,"Jungstedt, Mari",,F,no,CRIME,both,both,96688,pp_VB,17650,pp_NN,14553,pp_PN,10019,pp_PP,9193,pp_AB,7727,pp_MA,7378,pp_JJ,4690,pp_MI,4488,pp_KN,4226,pp_DT,3836,pp_PM,3321,pp_PL,2049,pp_SN,1492,pp_HP,1269,pp_PC,1090,pp_PS,1054,pp_IE,939,pp_HA,926,pp_IN,341,pp_RG,284,pp_RO,84,pp_UO,42,pp_HD,30,pp_HS,4,pp_PA,3
SvB_BS_258,Selfies,"Adler-Olsen, Jussi",,M,transl,CRIME,hb,both,173696,pp_VB,29257,pp_NN,22265,pp_PN,19820,pp_AB,16894,pp_PP,15205,pp_MA,11314,pp_MI,9628,pp_KN,7447,pp_JJ,7078,pp_PM,6353,pp_DT,6195,pp_PA,3872,pp_SN,3238,pp_PL,3107,pp_HP,2460,pp_PS,1941,pp_PC,1912,pp_HA,1810,pp_IE,1620,pp_RG,1084,pp_IN,863,pp_RO,152,pp_UO,92,pp_HD,80,pp_HS,9
SvB_BS_259,Sommar på strandpromenaden,"Colgan, Jenny",,F,transl,OTHER,pb,sell,121523,pp_VB,22049,pp_PN,13781,pp_NN,13328,pp_AB,10198,pp_MI,9332,pp_PP,8832,pp_MA,8736,pp_JJ,5614,pp_KN,5128,pp_PA,4881,pp_PM,3924,pp_DT,3832,pp_PL,2506,pp_SN,2044,pp_HP,1385,pp_IE,1333,pp_PS,1103,pp_PC,1081,pp_HA,994,pp_IN,890,pp_RG,289,pp_UO,140,pp_RO,77,pp_HD,40,pp_HS,6
SvB_BS_260,Jul i det lilla bageriet på strandpromenaden,"Colgan, Jenny",,F,transl,OTHER,pb,sell,88438,pp_VB,16202,pp_PN,10141,pp_NN,9410,pp_AB,7895,pp_MI,6530,pp_MA,6444,pp_PP,6227,pp_JJ,4177,pp_KN,3916,pp_PA,3308,pp_PM,2763,pp_DT,2601,pp_SN,1584,pp_PL,1522,pp_HP,1121,pp_IE,1007,pp_PS,946,pp_IN,794,pp_HA,755,pp_PC,746,pp_RG,196,pp_UO,79,pp_RO,45,pp_HD,24,pp_HS,5
SvB_BS_261,Lazarus,"Kepler, Lars",,2,no,CRIME,hb,both,148300,pp_VB,28094,pp_NN,24627,pp_PN,14804,pp_PP,14473,pp_MA,9955,pp_MI,9432,pp_AB,8283,pp_KN,6911,pp_JJ,6613,pp_DT,5785,pp_PM,5180,pp_PL,3601,pp_SN,2555,pp_PC,1680,pp_PS,1661,pp_HA,1198,pp_HP,1168,pp_IE,1145,pp_RG,589,pp_IN,303,pp_RO,137,pp_PA,47,pp_UO,34,pp_HD,23,pp_HS,2
SvB_BS_262,Till minne av en villkorslös kärlek,"Gardell, Jonas",,M,no,OTHER,hb,sell,143256,pp_VB,25112,pp_NN,21311,pp_PN,14266,pp_AB,13524,pp_PP,13003,pp_MA,8877,pp_KN,7329,pp_MI,6883,pp_JJ,6527,pp_DT,5663,pp_PM,4435,pp_SN,2802,pp_HP,2272,pp_PL,2246,pp_PS,2053,pp_HA,1759,pp_PC,1606,pp_IE,1554,pp_RG,697,pp_PA,553,pp_IN,361,pp_RO,204,pp_UO,158,pp_HD,49,pp_HS,12
SvB_BS_263,Bränn alla mina brev,"Schulman, Alex",,M,no,OTHER,both,both,58934,pp_VB,10290,pp_NN,8538,pp_PN,7649,pp_PP,5497,pp_MA,4331,pp_AB,4120,pp_MI,3233,pp_KN,2487,pp_DT,2352,pp_JJ,2344,pp_PM,1202,pp_PL,1114,pp_PA,1032,pp_PS,896,pp_SN,856,pp_HP,804,pp_HA,657,pp_PC,523,pp_IE,416,pp_RG,342,pp_IN,121,pp_RO,81,pp_UO,27,pp_HD,16,pp_HS,6
SvB_BS_264,De som dödar drömmar sover aldrig,"Guillou, Jan",,M,no,OTHER,hb,sell,142167,pp_NN,23876,pp_VB,21051,pp_PP,14381,pp_AB,13241,pp_PN,10585,pp_JJ,8682,pp_MA,7596,pp_MI,7291,pp_DT,6765,pp_KN,6641,pp_PM,5995,pp_PC,2315,pp_SN,2233,pp_PA,2032,pp_PL,1864,pp_HP,1814,pp_IE,1596,pp_PS,1293,pp_HA,1128,pp_RG,858,pp_IN,407,pp_UO,257,pp_RO,209,pp_HD,51,pp_HS,6
SvB_BS_265,En andra chans,"Moyes, Jojo",,F,transl,OTHER,both,both,164254,pp_VB,29835,pp_PN,22102,pp_NN,19348,pp_PP,13553,pp_AB,12329,pp_MA,12273,pp_MI,8432,pp_KN,7076,pp_JJ,6961,pp_DT,5754,pp_PA,4666,pp_PM,4165,pp_SN,3537,pp_PL,3009,pp_PS,2454,pp_IE,1994,pp_HP,1820,pp_HA,1611,pp_PC,1408,pp_IN,884,pp_RG,678,pp_RO,142,pp_UO,142,pp_HD,61,pp_HS,20
SvB_BS_266,Ett mörker mitt ibland oss,"Jungstedt, Mari",,F,no,CRIME,both,both,81800,pp_VB,15342,pp_NN,11429,pp_PN,8938,pp_PP,7346,pp_AB,6749,pp_MA,6501,pp_MI,4096,pp_KN,3714,pp_JJ,3694,pp_DT,3157,pp_PM,2980,pp_PL,1728,pp_SN,1264,pp_HP,1087,pp_PC,829,pp_HA,803,pp_IE,687,pp_PS,667,pp_IN,385,pp_RG,268,pp_RO,67,pp_HD,31,pp_UO,30,pp_HS,5,pp_PA,3
SvB_BS_267,I fel sällskap,"Sten, Viveca",,F,no,CRIME,hb,sell,124665,pp_VB,24755,pp_NN,16051,pp_PN,13901,pp_MA,10430,pp_PP,10409,pp_AB,9454,pp_MI,5639,pp_PM,5332,pp_JJ,5000,pp_DT,3915,pp_KN,3870,pp_PA,3628,pp_PL,2850,pp_SN,2243,pp_PS,1560,pp_IE,1509,pp_HA,1205,pp_HP,1170,pp_PC,1101,pp_RG,331,pp_IN,180,pp_RO,85,pp_HD,24,pp_UO,20,pp_HS,3
SvB_BS_268,Syndabocken,"Sarenbrant, Sofie",,F,no,CRIME,both,both,89297,pp_VB,17414,pp_NN,10813,pp_PN,10591,pp_MA,7690,pp_AB,7040,pp_PP,6827,pp_MI,4979,pp_KN,3397,pp_JJ,3358,pp_PM,2894,pp_PA,2734,pp_DT,2695,pp_PL,1784,pp_SN,1551,pp_IE,1072,pp_HP,1051,pp_HA,987,pp_PS,877,pp_PC,776,pp_IN,376,pp_RG,263,pp_RO,71,pp_HD,43,pp_UO,13,pp_HS,1
SvB_BS_269,En högre rättvisa,"Hjorth, Michael",Hans Rosenfeldt,M,no,CRIME,hb,both,136560,pp_VB,25401,pp_PN,17141,pp_NN,15157,pp_PP,11291,pp_AB,11212,pp_MA,10310,pp_MI,8246,pp_JJ,5305,pp_KN,5213,pp_PM,4918,pp_DT,4817,pp_PA,3043,pp_SN,3004,pp_PL,2738,pp_HP,1716,pp_IE,1628,pp_HA,1408,pp_PC,1344,pp_PS,1319,pp_RG,628,pp_IN,462,pp_RO,157,pp_UO,66,pp_HD,34,pp_HS,2
SvB_BS_270,De vänsterhäntas förening,"Nesser, Håkan",,M,no,CRIME,both,sell,156902,pp_VB,25544,pp_NN,19655,pp_PN,15984,pp_AB,13806,pp_PP,12170,pp_MA,11491,pp_MI,10760,pp_KN,7123,pp_DT,6961,pp_JJ,6394,pp_PM,6309,pp_PA,5135,pp_SN,2847,pp_PL,2355,pp_HP,2028,pp_RG,1486,pp_PC,1459,pp_PS,1444,pp_IE,1300,pp_HA,1285,pp_IN,936,pp_RO,214,pp_UO,159,pp_HD,53,pp_HS,4
SvB_BS_271,Tre timmar,"Roslund, Anders",,M,no,CRIME,both,sell,121315,pp_VB,19877,pp_NN,17369,pp_PN,12355,pp_PP,10594,pp_AB,10564,pp_MA,9403,pp_MI,8127,pp_JJ,5609,pp_KN,5430,pp_DT,4799,pp_PM,3629,pp_HP,2690,pp_PL,2240,pp_SN,1891,pp_HA,1403,pp_PS,1345,pp_IE,1299,pp_PC,1132,pp_RG,851,pp_IN,342,pp_RO,190,pp_UO,77,pp_PA,54,pp_HD,37,pp_HS,8
SvB_BS_272,Vardagar,"Lundell, Ulf",,M,no,OTHER,hb,sell,114254,pp_NN,18800,pp_VB,18637,pp_AB,11799,pp_PN,10211,pp_PP,9549,pp_MA,7006,pp_JJ,6261,pp_MI,5840,pp_KN,5041,pp_PM,4927,pp_DT,4191,pp_PL,1644,pp_SN,1513,pp_RG,1508,pp_HP,1439,pp_PC,1298,pp_HA,919,pp_PS,916,pp_IE,904,pp_UO,615,pp_PA,560,pp_IN,494,pp_RO,105,pp_HD,72,pp_HS,5
SvB_BS_273,1793,"Natt och Dag, Niklas",,M,no,CRIME,pb,sell,127147,pp_NN,23035,pp_VB,21408,pp_PP,13223,pp_PN,11962,pp_MA,8033,pp_AB,7938,pp_MI,5996,pp_JJ,5741,pp_DT,5349,pp_KN,5331,pp_PM,3863,pp_PS,3079,pp_IE,1975,pp_SN,1966,pp_HP,1614,pp_PC,1608,pp_PL,1597,pp_PA,1431,pp_HA,1230,pp_RG,353,pp_IN,154,pp_RO,144,pp_HS,56,pp_UO,38,pp_HD,23
SvB_BS_274,Den lilla bokhandeln runt hörnet,"Colgan, Jenny",,F,transl,OTHER,pb,sell,105202,pp_VB,19086,pp_PN,12334,pp_NN,11346,pp_AB,9382,pp_PP,7808,pp_MA,7502,pp_MI,7198,pp_JJ,5036,pp_KN,4788,pp_PA,3867,pp_DT,3319,pp_PM,3051,pp_PL,2174,pp_SN,1875,pp_HP,1363,pp_IE,1176,pp_HA,940,pp_PC,933,pp_PS,894,pp_IN,745,pp_RG,228,pp_UO,79,pp_RO,50,pp_HD,24,pp_HS,4
SvB_BS_275,Silvervägen,"Jackson, Stina",,F,no,CRIME,pb,both,88033,pp_VB,17158,pp_NN,13085,pp_PN,10835,pp_PP,8154,pp_MA,7407,pp_AB,5668,pp_MI,4113,pp_KN,3933,pp_JJ,3523,pp_DT,2835,pp_PM,2541,pp_PL,1851,pp_SN,1664,pp_HA,1129,pp_HP,1084,pp_PS,918,pp_PC,850,pp_IE,803,pp_RG,214,pp_IN,194,pp_RO,48,pp_HD,17,pp_PA,5,pp_UO,4
SvB_BS_276,Bara ett barn,"Persson Giolito, Malin",,F,no,CRIME,pb,sell,96897,pp_VB,18809,pp_NN,12839,pp_PN,11357,pp_AB,8708,pp_PP,7951,pp_MA,7590,pp_MI,4367,pp_JJ,4178,pp_KN,3880,pp_DT,3282,pp_PM,2987,pp_SN,1985,pp_PL,1789,pp_PA,1285,pp_HP,1160,pp_IE,1060,pp_PS,1045,pp_PC,885,pp_HA,831,pp_RG,421,pp_IN,321,pp_RO,77,pp_UO,64,pp_HD,25,pp_HS,1
SvB_BS_277,Ensam i Paris och andra historier,"Moyes, Jojo",,F,transl,OTHER,pb,sell,86732,pp_VB,15953,pp_PN,11113,pp_NN,10278,pp_MA,7281,pp_PP,6897,pp_AB,6328,pp_MI,4979,pp_JJ,3383,pp_PA,3134,pp_KN,3065,pp_DT,2936,pp_PM,2241,pp_PL,1726,pp_SN,1583,pp_PS,1300,pp_IE,929,pp_HP,917,pp_HA,876,pp_PC,628,pp_IN,526,pp_RG,426,pp_UO,137,pp_RO,60,pp_HD,25,pp_HS,11
SvB_BS_278,Husdjuret,"Grebe, Camilla",,F,no,CRIME,pb,sell,117582,pp_VB,21358,pp_NN,15975,pp_PN,13520,pp_PP,10275,pp_MA,9688,pp_AB,9506,pp_MI,6653,pp_KN,5793,pp_JJ,5352,pp_DT,4110,pp_PM,3724,pp_SN,2367,pp_PL,2310,pp_HP,1551,pp_PS,1180,pp_HA,1112,pp_PC,1074,pp_IE,872,pp_RG,429,pp_IN,403,pp_PA,188,pp_RO,86,pp_UO,34,pp_HD,19,pp_HS,3
SvB_BS_279,Den tyska flickan,"Correa, Armando Lucas",,M,transl,OTHER,pb,sell,105946,pp_VB,20149,pp_NN,15348,pp_PN,13097,pp_PP,9668,pp_AB,7126,pp_MA,6961,pp_MI,5223,pp_JJ,4606,pp_DT,4178,pp_KN,4056,pp_PM,2585,pp_SN,2167,pp_PS,1892,pp_PL,1851,pp_IE,1515,pp_HP,1484,pp_PA,1178,pp_PC,1078,pp_HA,978,pp_RG,383,pp_RO,125,pp_UO,124,pp_IN,107,pp_HD,43,pp_HS,24
SvB_BS_280,Strandcaféet,"Diamond, Lucy",,F,transl,OTHER,pb,sell,124031,pp_VB,23696,pp_PN,15975,pp_NN,13170,pp_AB,10483,pp_PP,8882,pp_MA,8681,pp_MI,8153,pp_KN,6148,pp_JJ,5410,pp_PA,4633,pp_DT,3389,pp_PM,2918,pp_SN,2591,pp_PL,2285,pp_IE,1228,pp_HA,1214,pp_IN,1209,pp_HP,1199,pp_PS,1070,pp_PC,1034,pp_RG,352,pp_UO,146,pp_RO,94,pp_HD,69,pp_HS,2
SvB_BS_281,Kvinnan i fönstret,"Finn, A.J.",,M,transl,CRIME,pb,sell,122517,pp_VB,20970,pp_PN,16245,pp_NN,15911,pp_MA,12226,pp_MI,9595,pp_PP,9572,pp_AB,8184,pp_PA,4900,pp_JJ,4017,pp_KN,3851,pp_DT,3536,pp_PL,2576,pp_PM,2229,pp_SN,1678,pp_PS,1592,pp_HP,1273,pp_HA,988,pp_PC,881,pp_IN,645,pp_RG,618,pp_IE,610,pp_UO,263,pp_RO,118,pp_HD,34,pp_HS,5
SvB_BS_282,Blodlokan,"Boije af Gennäs, Louise",,F,no,CRIME,pb,sell,146807,pp_VB,25113,pp_PN,17955,pp_NN,17809,pp_PP,12549,pp_AB,11796,pp_MA,10868,pp_MI,9744,pp_KN,6599,pp_JJ,5986,pp_PA,5866,pp_PM,4593,pp_DT,4349,pp_PL,2568,pp_SN,2054,pp_PS,2049,pp_HP,1669,pp_PC,1355,pp_HA,1330,pp_IE,1076,pp_RG,593,pp_IN,473,pp_UO,276,pp_RO,81,pp_HD,42,pp_HS,14
SvB_BS_283,Syndafloder,"Ohlsson, Kristina",,F,no,CRIME,pb,both,118170,pp_VB,24269,pp_PN,14551,pp_NN,13062,pp_MA,10808,pp_AB,10004,pp_PP,8503,pp_MI,7006,pp_PM,5693,pp_JJ,4194,pp_KN,4093,pp_DT,3580,pp_SN,2473,pp_HP,2082,pp_PL,1924,pp_HA,1327,pp_IE,1274,pp_PS,1251,pp_PC,899,pp_IN,437,pp_RG,326,pp_PA,162,pp_UO,100,pp_RO,92,pp_HD,58,pp_HS,2
SvB_BS_284,Höstdåd,"Motte, Anders de la",,M,no,CRIME,pb,sell,151385,pp_VB,25816,pp_NN,21354,pp_PN,14987,pp_PP,12950,pp_AB,12365,pp_MA,11316,pp_MI,7975,pp_JJ,6588,pp_KN,6559,pp_PM,6343,pp_DT,5688,pp_PA,3954,pp_PL,3299,pp_SN,2505,pp_PS,1787,pp_IE,1784,pp_HP,1733,pp_PC,1367,pp_HA,1276,pp_RG,767,pp_IN,556,pp_UO,207,pp_RO,134,pp_HD,50,pp_HS,25
SvB_BS_285,Pappas pojke,"Schepp, Emelie",,F,no,CRIME,pb,both,109164,pp_VB,21930,pp_PN,13842,pp_NN,12244,pp_MA,9220,pp_MI,9049,pp_PP,8880,pp_AB,7814,pp_PM,4935,pp_KN,4365,pp_JJ,3317,pp_DT,2906,pp_PL,2253,pp_SN,1667,pp_HP,1458,pp_HA,1180,pp_PS,1172,pp_IE,961,pp_PC,909,pp_IN,639,pp_RG,286,pp_RO,47,pp_PA,41,pp_HD,32,pp_UO,13,pp_HS,4
SvB_BS_286,Hon som måste dö,"Lagercrantz, David",,M,no,CRIME,hb,both,112411,pp_VB,18755,pp_PN,13430,pp_NN,12816,pp_AB,10124,pp_PP,9020,pp_MI,8343,pp_MA,7406,pp_KN,7287,pp_JJ,4286,pp_PM,3998,pp_DT,3846,pp_PA,2770,pp_PL,1983,pp_SN,1870,pp_HP,1444,pp_PS,1276,pp_PC,991,pp_HA,833,pp_IE,826,pp_RG,384,pp_IN,363,pp_UO,241,pp_RO,63,pp_HD,55,pp_HS,1
SvB_BS_287,En bur av guld,"Läckberg, Camilla",,F,no,CRIME,hb,both,102318,pp_VB,19215,pp_NN,13037,pp_PN,12183,pp_MA,9239,pp_PP,8476,pp_AB,7046,pp_MI,5050,pp_PM,4163,pp_JJ,4060,pp_KN,3980,pp_DT,3374,pp_PL,2188,pp_PA,2181,pp_SN,1665,pp_PS,1475,pp_HP,1125,pp_IE,1019,pp_HA,985,pp_PC,925,pp_IN,372,pp_RG,360,pp_UO,99,pp_RO,72,pp_HD,22,pp_HS,7
SvB_BS_288,1794,"Natt och Dag, Niklas",,M,no,CRIME,hb,sell,140076,pp_NN,24351,pp_VB,23419,pp_PN,14039,pp_PP,13988,pp_AB,9698,pp_MA,8314,pp_MI,7058,pp_JJ,6515,pp_KN,6042,pp_DT,5787,pp_PS,3606,pp_PM,3410,pp_IE,2188,pp_SN,2101,pp_HP,2004,pp_PC,1869,pp_PA,1733,pp_PL,1601,pp_HA,1461,pp_RG,436,pp_RO,163,pp_IN,151,pp_HS,78,pp_UO,33,pp_HD,31
SvB_BS_289,Den andra dödssynden,"Guillou, Jan",,M,no,OTHER,hb,sell,127869,pp_NN,21712,pp_VB,18844,pp_PP,12791,pp_AB,12137,pp_PN,9044,pp_JJ,7705,pp_MA,7280,pp_MI,6480,pp_DT,5924,pp_KN,5871,pp_PM,4947,pp_PC,2112,pp_SN,2063,pp_PA,1992,pp_PL,1624,pp_HP,1558,pp_IE,1497,pp_PS,1210,pp_RG,1063,pp_HA,1060,pp_IN,434,pp_UO,276,pp_RO,190,pp_HD,47,pp_HS,8
SvB_BS_290,Jag ser dig,"Jungstedt, Mari",,F,no,CRIME,hb,sell,72732,pp_VB,13843,pp_NN,10161,pp_PN,7929,pp_PP,6650,pp_AB,6051,pp_MA,5487,pp_MI,3703,pp_KN,3270,pp_JJ,3188,pp_DT,2712,pp_PM,2650,pp_PL,1539,pp_SN,1262,pp_HP,960,pp_PC,717,pp_IE,704,pp_PS,704,pp_HA,634,pp_IN,261,pp_RG,228,pp_RO,40,pp_HD,17,pp_UO,15,pp_HS,5,pp_PA,2
SvB_BS_291,Kniv,"Nesbø, Jo",,M,transl,CRIME,hb,sell,183331,pp_VB,32080,pp_NN,24848,pp_PN,19364,pp_PP,15362,pp_MA,14220,pp_AB,12365,pp_MI,11857,pp_KN,7750,pp_JJ,7410,pp_DT,6993,pp_PM,6606,pp_PA,5478,pp_SN,4342,pp_PL,3044,pp_HP,2489,pp_PC,1782,pp_HA,1642,pp_IE,1597,pp_PS,1591,pp_RG,960,pp_IN,940,pp_UO,402,pp_RO,178,pp_HD,27,pp_HS,4
SvB_BS_292,Broder Jakob,"Schepp, Emelie",,F,no,CRIME,hb,both,110071,pp_VB,22166,pp_PN,13834,pp_NN,12385,pp_MI,9074,pp_PP,9069,pp_MA,8423,pp_AB,7804,pp_PM,4761,pp_KN,4579,pp_JJ,3441,pp_DT,3012,pp_PL,2259,pp_SN,2121,pp_HP,1674,pp_HA,1241,pp_PS,1225,pp_IE,1051,pp_PC,841,pp_IN,630,pp_RG,317,pp_HD,51,pp_RO,47,pp_PA,44,pp_UO,15,pp_HS,7
SvB_BS_293,Löparna,"Tokarczuk, Olga",,F,transl,PRESTIGE,hb,sell,123865,pp_NN,22820,pp_VB,18471,pp_PP,13289,pp_PN,11540,pp_AB,8867,pp_MI,8468,pp_JJ,7697,pp_MA,6341,pp_DT,6149,pp_KN,5030,pp_PC,2285,pp_PL,2063,pp_HP,1835,pp_PS,1770,pp_SN,1731,pp_PM,1533,pp_IE,1361,pp_HA,1013,pp_PA,521,pp_RG,508,pp_UO,231,pp_RO,136,pp_IN,119,pp_HD,47,pp_HS,40
SvB_BS_294,Bergens stjärnor,"Moyes, Jojo",,F,transl,OTHER,hb,sell,143607,pp_VB,25537,pp_NN,18992,pp_PN,15967,pp_PP,12447,pp_AB,10863,pp_MA,9459,pp_MI,7707,pp_KN,6390,pp_JJ,5969,pp_PM,5342,pp_DT,5201,pp_PA,3815,pp_SN,3090,pp_PL,2858,pp_PS,2062,pp_IE,1809,pp_HP,1808,pp_HA,1480,pp_PC,1385,pp_RG,536,pp_IN,525,pp_UO,215,pp_RO,92,pp_HD,37,pp_HS,21
SvB_BS_295,Skamvrån,"Sarenbrant, Sofie",,F,no,CRIME,hb,both,99834,pp_VB,19678,pp_NN,12180,pp_PN,11347,pp_MA,8421,pp_PP,7942,pp_AB,7371,pp_MI,5316,pp_KN,3960,pp_JJ,3863,pp_PM,3825,pp_DT,3198,pp_PA,2988,pp_PL,1960,pp_SN,1767,pp_IE,1259,pp_HP,1146,pp_HA,1021,pp_PS,998,pp_PC,840,pp_IN,373,pp_RG,252,pp_RO,69,pp_HD,39,pp_UO,16,pp_HS,5
SvB_BS_296,Folk med ångest,"Backman, Fredrik",,M,no,OTHER,hb,sell,104799,pp_VB,19300,pp_NN,13428,pp_PN,12129,pp_AB,10302,pp_MA,7949,pp_PP,7678,pp_MI,6628,pp_JJ,4222,pp_KN,3979,pp_DT,3601,pp_PM,2749,pp_PA,2610,pp_SN,2415,pp_PL,1410,pp_HP,1195,pp_PS,1129,pp_IE,1081,pp_HA,1052,pp_PC,757,pp_IN,613,pp_RG,312,pp_UO,125,pp_RO,101,pp_HD,28,pp_HS,6
SvB_BS_297,I hemlighet begravd,"Sten, Viveca",,F,no,CRIME,hb,both,110191,pp_VB,21801,pp_NN,13814,pp_PN,12569,pp_MA,9506,pp_PP,9188,pp_AB,8670,pp_MI,4879,pp_PM,4879,pp_JJ,4589,pp_DT,3739,pp_KN,3350,pp_PA,2839,pp_PL,2279,pp_SN,2059,pp_IE,1310,pp_PS,1122,pp_HA,1083,pp_HP,1022,pp_PC,884,pp_RG,350,pp_IN,127,pp_RO,86,pp_UO,26,pp_HD,18,pp_HS,2
SvB_BS_298,Hundraettåringen som tänkte att han tänkte för mycket,"Jonasson, Jonas",,M,no,OTHER,hb,sell,106724,pp_VB,18074,pp_NN,16527,pp_PP,10310,pp_PN,9438,pp_AB,9064,pp_MA,8118,pp_MI,5357,pp_JJ,5268,pp_PM,4984,pp_DT,4310,pp_KN,4072,pp_SN,2160,pp_IE,1450,pp_PL,1449,pp_PC,1262,pp_HP,1209,pp_PS,978,pp_RG,937,pp_HA,805,pp_IN,441,pp_PA,238,pp_RO,177,pp_HD,49,pp_UO,45,pp_HS,2
SvB_BS_299,Jamåhonleva,"Roslund, Anders",,M,no,CRIME,hb,sell,137549,pp_VB,22457,pp_NN,19196,pp_PN,14691,pp_AB,12047,pp_PP,11547,pp_MA,11419,pp_MI,8727,pp_JJ,6555,pp_KN,6222,pp_DT,5459,pp_PM,3857,pp_HP,2725,pp_PL,2563,pp_SN,2215,pp_PS,1735,pp_HA,1529,pp_PC,1448,pp_IE,1251,pp_RG,984,pp_IN,406,pp_RO,234,pp_PA,164,pp_UO,53,pp_HD,52,pp_HS,13
SvB_BS_300,Jag for ner till bror,"Smirnoff, Karin",,F,no,PRESTIGE,pb,sell,81507,pp_VB,16787,pp_NN,12436,pp_PN,11467,pp_MA,9066,pp_PP,6966,pp_AB,6017,pp_KN,3741,pp_JJ,3145,pp_DT,2686,pp_PL,1825,pp_PM,1233,pp_SN,1225,pp_PS,1140,pp_HP,958,pp_HA,747,pp_IE,702,pp_PC,664,pp_IN,327,pp_RG,222,pp_UO,65,pp_RO,64,pp_HD,16,pp_HS,6,pp_PA,2
SvB_BS_301,En helt vanlig familj,"Edvardsson, Mattias",,M,no,CRIME,pb,both,128465,pp_VB,23507,pp_PN,16271,pp_NN,16150,pp_MA,11350,pp_PP,10520,pp_AB,9629,pp_MI,6266,pp_KN,5050,pp_JJ,4963,pp_PM,4322,pp_DT,4129,pp_PA,3831,pp_SN,2314,pp_PL,2270,pp_PS,1882,pp_HP,1623,pp_IE,1174,pp_HA,1141,pp_PC,1084,pp_RG,448,pp_IN,313,pp_RO,87,pp_UO,87,pp_HD,51,pp_HS,3
SvB_BS_302,Bokhandeln på Riverside Drive,"Skybäck, Frida",,F,no,OTHER,pb,sell,142887,pp_VB,28003,pp_PN,17029,pp_NN,15917,pp_AB,12750,pp_PP,11157,pp_MA,10971,pp_PM,6598,pp_MI,6245,pp_KN,5600,pp_JJ,5512,pp_DT,4545,pp_PA,3498,pp_PL,3067,pp_SN,2678,pp_PS,1752,pp_HA,1748,pp_HP,1694,pp_IE,1627,pp_PC,1126,pp_IN,774,pp_RG,352,pp_UO,90,pp_RO,84,pp_HD,64,pp_HS,6
SvB_BS_303,Tatueraren i Auschwitz,"Morris, Heather",,F,transl,OTHER,pb,sell,70706,pp_VB,13286,pp_NN,9349,pp_PN,8264,pp_PP,6100,pp_MA,5796,pp_AB,4503,pp_MI,3475,pp_KN,2844,pp_JJ,2706,pp_PM,2510,pp_DT,2404,pp_PA,1988,pp_PL,1713,pp_PS,975,pp_SN,934,pp_HP,913,pp_IE,826,pp_HA,759,pp_PC,616,pp_RG,342,pp_IN,286,pp_RO,60,pp_UO,29,pp_HD,21,pp_HS,7
SvB_BS_304,Sommar på den lilla ön i havet,"Colgan, Jenny",,F,transl,OTHER,pb,sell,114911,pp_VB,20566,pp_PN,13261,pp_NN,12308,pp_AB,9659,pp_MI,9174,pp_MA,8638,pp_PP,8442,pp_JJ,5309,pp_KN,4914,pp_PA,4160,pp_PM,3719,pp_DT,3390,pp_PL,2111,pp_SN,1891,pp_HP,1442,pp_IE,1249,pp_PS,1233,pp_PC,1031,pp_HA,1009,pp_IN,916,pp_RG,219,pp_UO,164,pp_RO,69,pp_HD,28,pp_HS,9
SvB_BS_305,Det som göms i snö,"Gerhardsen, Carin",,F,no,CRIME,pb,both,104272,pp_VB,19281,pp_NN,13819,pp_PN,12085,pp_AB,9849,pp_PP,9498,pp_MA,6656,pp_MI,6132,pp_KN,4913,pp_JJ,4492,pp_DT,3987,pp_PM,2701,pp_SN,2047,pp_PL,1844,pp_HP,1568,pp_IE,1317,pp_PC,1192,pp_PS,1121,pp_HA,999,pp_RG,382,pp_IN,214,pp_RO,71,pp_PA,55,pp_HD,31,pp_UO,10,pp_HS,8
SvB_BS_306,Motiv X,"Ahnhem, Stefan",,M,no,CRIME,pb,sell,159329,pp_VB,28348,pp_NN,19776,pp_PN,17877,pp_AB,15635,pp_PP,14287,pp_MA,10322,pp_KN,7743,pp_MI,6675,pp_JJ,6370,pp_DT,6314,pp_PM,3837,pp_PA,3697,pp_PL,3369,pp_SN,3207,pp_HP,2344,pp_IE,2146,pp_HA,1859,pp_PC,1695,pp_PS,1640,pp_RG,891,pp_IN,712,pp_UO,347,pp_RO,186,pp_HD,35,pp_HS,17
SvB_BS_307,Arv och miljö,"Hjorth, Vigdis",,F,transl,PRESTIGE,pb,sell,85520,pp_VB,17524,pp_NN,11399,pp_PN,11150,pp_PP,7653,pp_MI,6216,pp_AB,5920,pp_KN,4589,pp_JJ,3934,pp_MA,3552,pp_DT,2500,pp_SN,2427,pp_PM,1763,pp_PL,1231,pp_HP,1054,pp_PS,1017,pp_HA,1008,pp_IE,975,pp_PC,911,pp_RG,369,pp_IN,117,pp_RO,107,pp_UO,45,pp_HD,30,pp_PA,27,pp_HS,2
SvB_BS_308,På egen hand,"Keyes, Marian",,M,transl,OTHER,pb,sell,220717,pp_VB,37820,pp_PN,26875,pp_NN,24270,pp_AB,19274,pp_MA,16816,pp_MI,16298,pp_PP,15226,pp_JJ,10401,pp_PA,9604,pp_KN,8807,pp_DT,7076,pp_PM,6248,pp_SN,3462,pp_PL,3427,pp_PS,3337,pp_IE,2694,pp_PC,2235,pp_HP,1905,pp_HA,1586,pp_IN,1525,pp_RG,1153,pp_UO,414,pp_RO,156,pp_HD,100,pp_HS,8
bstream_001,Alla kan se dig,"Jansson, Anna",,F,no,CRIME,no,strm,95994,pp_VB,19328,pp_NN,13165,pp_PN,11641,pp_PP,8234,pp_MA,8133,pp_AB,6146,pp_JJ,4014,pp_PM,3851,pp_KN,3599,pp_DT,3194,pp_MI,3118,pp_SN,1943,pp_PA,1913,pp_PL,1796,pp_PS,1140,pp_HA,1091,pp_HP,1071,pp_IE,1068,pp_PC,998,pp_RG,268,pp_IN,180,pp_RO,52,pp_HD,28,pp_UO,22,pp_HS,1
bstream_002,"Falleri, fallera, falleralla","Gerhardsen, Carin",,F,no,CRIME,no,strm,135541,pp_VB,23300,pp_NN,18997,pp_PN,14015,pp_PP,13065,pp_AB,11784,pp_MA,8645,pp_MI,8635,pp_KN,6415,pp_JJ,6099,pp_DT,5639,pp_PM,4866,pp_SN,2348,pp_PL,2340,pp_HP,2145,pp_PC,1748,pp_IE,1534,pp_PS,1491,pp_HA,1168,pp_RG,589,pp_IN,291,pp_UO,137,pp_RO,116,pp_PA,113,pp_HD,45,pp_HS,16
bstream_003,Hämnaren,"Buthler, Dan",Dag Öhrlund,M,no,CRIME,no,strm,113709,pp_VB,20224,pp_NN,16859,pp_PN,10860,pp_PP,10551,pp_AB,8958,pp_MA,7358,pp_KN,5286,pp_MI,5250,pp_JJ,5217,pp_PM,5050,pp_DT,4522,pp_PL,2280,pp_SN,2177,pp_PA,1584,pp_PS,1501,pp_HA,1247,pp_PC,1228,pp_IE,1204,pp_HP,1169,pp_RG,503,pp_IN,431,pp_UO,98,pp_RO,85,pp_HD,62,pp_HS,5
bstream_004,Vita spår,"Schepp, Emelie",,F,no,CRIME,no,strm,110137,pp_VB,21104,pp_NN,14413,pp_PN,12588,pp_MA,9558,pp_PP,9140,pp_MI,8603,pp_AB,8298,pp_KN,4599,pp_JJ,3950,pp_PM,3828,pp_DT,3381,pp_PL,2310,pp_SN,1501,pp_HP,1305,pp_PS,1249,pp_PC,1038,pp_IE,964,pp_HA,943,pp_IN,632,pp_RG,495,pp_PA,86,pp_RO,78,pp_UO,51,pp_HD,19,pp_HS,4
bstream_005,Dominodöden,"Moström, Jonas",,M,no,CRIME,no,strm,91380,pp_VB,16608,pp_NN,12830,pp_PN,8930,pp_PP,8028,pp_MA,6369,pp_MI,5540,pp_AB,5528,pp_PM,5033,pp_KN,4430,pp_PA,3201,pp_DT,3041,pp_JJ,3033,pp_PL,1602,pp_SN,1583,pp_HA,1027,pp_HP,992,pp_PC,899,pp_PS,840,pp_IE,715,pp_RG,566,pp_IN,434,pp_RO,73,pp_UO,49,pp_HD,26,pp_HS,3
bstream_006,Den gränslöse,"Adler-Olsen, Jussi",,M,transl,CRIME,no,strm,189284,pp_VB,31590,pp_NN,24236,pp_PN,21850,pp_AB,18298,pp_PP,16438,pp_MA,12742,pp_MI,10953,pp_KN,8019,pp_JJ,7877,pp_DT,7123,pp_PM,6481,pp_PA,4424,pp_SN,3379,pp_PL,3090,pp_HP,2705,pp_PS,2108,pp_PC,1980,pp_HA,1872,pp_IE,1752,pp_IN,1036,pp_RG,931,pp_RO,196,pp_UO,113,pp_HD,75,pp_HS,16
bstream_007,Skymningsflickan,"Wennstam, Katarina",,F,no,CRIME,no,strm,115202,pp_VB,20261,pp_NN,15401,pp_PN,12869,pp_PP,10100,pp_AB,9650,pp_MA,9296,pp_MI,5510,pp_JJ,4934,pp_KN,4834,pp_DT,4104,pp_PM,3728,pp_PA,2523,pp_SN,2146,pp_PL,2088,pp_HP,1661,pp_PS,1379,pp_PC,1206,pp_HA,1177,pp_IE,1057,pp_RG,534,pp_IN,495,pp_UO,131,pp_RO,74,pp_HD,37,pp_HS,7
bstream_008,En mörkare himmel : Gran Canaria,"Jungstedt, Mari",Ruben Eliassen,2,no,CRIME,no,strm,106662,pp_VB,20607,pp_NN,15247,pp_PN,13075,pp_PP,9859,pp_MA,7890,pp_AB,7884,pp_MI,5520,pp_JJ,4573,pp_KN,4448,pp_DT,3957,pp_PM,2990,pp_PL,2417,pp_SN,1852,pp_HP,1406,pp_PS,1164,pp_PC,1163,pp_HA,1034,pp_IE,890,pp_RG,276,pp_IN,252,pp_RO,63,pp_UO,51,pp_HD,31,pp_PA,10,pp_HS,3
bstream_009,I sanningens namn,"Sten, Viveca",,F,no,CRIME,no,strm,117406,pp_VB,22825,pp_NN,15982,pp_PN,12144,pp_PP,10057,pp_MA,9990,pp_AB,8672,pp_MI,5723,pp_PM,5669,pp_JJ,4473,pp_DT,4033,pp_KN,3507,pp_PA,3386,pp_PL,2722,pp_SN,1922,pp_HA,1232,pp_HP,1170,pp_IE,1169,pp_PC,980,pp_PS,866,pp_RG,549,pp_IN,178,pp_RO,104,pp_HD,29,pp_UO,21,pp_HS,3
bstream_010,Rädslans fångar,"Jansson, Anna",,F,no,CRIME,no,strm,105597,pp_VB,21269,pp_NN,14568,pp_PN,12405,pp_PP,9323,pp_MA,8794,pp_AB,6763,pp_PM,4445,pp_JJ,4117,pp_KN,4115,pp_MI,3574,pp_DT,3409,pp_PA,2260,pp_PL,1996,pp_SN,1969,pp_HP,1245,pp_PS,1235,pp_IE,1173,pp_HA,1148,pp_PC,1063,pp_RG,383,pp_IN,238,pp_RO,48,pp_HD,36,pp_UO,17,pp_HS,4
bstream_011,Kärlek sökes,"Hjulström, Carin",,F,no,OTHER,no,strm,129302,pp_VB,23801,pp_NN,15814,pp_PN,14204,pp_AB,12002,pp_MA,11242,pp_PP,9809,pp_MI,7858,pp_JJ,6263,pp_KN,6078,pp_PM,4696,pp_DT,4454,pp_SN,2281,pp_PL,2149,pp_HP,1414,pp_IE,1339,pp_HA,1233,pp_PC,1174,pp_PS,1100,pp_IN,1007,pp_RG,567,pp_PA,359,pp_UO,302,pp_RO,99,pp_HD,55,pp_HS,2
bstream_012,Där inga ögon ser,"Öhrlund, Dag",,M,no,CRIME,no,strm,89169,pp_VB,15930,pp_NN,11709,pp_PN,9237,pp_AB,7302,pp_PP,7220,pp_MA,6755,pp_MI,5184,pp_KN,4094,pp_PM,3851,pp_JJ,3526,pp_DT,3315,pp_PA,2227,pp_PL,1866,pp_SN,1636,pp_HA,932,pp_HP,896,pp_PC,796,pp_PS,793,pp_IE,715,pp_IN,614,pp_RG,439,pp_RO,48,pp_UO,43,pp_HD,36,pp_HS,5
bstream_013,Motvind,"Buthler, Dan",Dag Öhrlund,M,no,CRIME,no,strm,116290,pp_VB,21148,pp_NN,16551,pp_PN,11433,pp_PP,10395,pp_AB,9544,pp_MA,7666,pp_KN,5395,pp_MI,5348,pp_JJ,5173,pp_PM,5025,pp_DT,4632,pp_SN,2387,pp_PL,2318,pp_PA,1730,pp_PS,1396,pp_HP,1274,pp_PC,1224,pp_IE,1204,pp_HA,1194,pp_RG,548,pp_IN,529,pp_RO,60,pp_HD,56,pp_UO,50,pp_HS,10
bstream_014,På sex meters djup,"Rudberg, Denise",,F,no,CRIME,no,strm,79910,pp_VB,15301,pp_NN,9977,pp_PN,9095,pp_AB,7347,pp_PP,6678,pp_MA,6279,pp_JJ,3660,pp_KN,3257,pp_PM,3219,pp_DT,3137,pp_MI,3038,pp_SN,1747,pp_PL,1697,pp_PS,1091,pp_HP,1043,pp_IE,1019,pp_PC,875,pp_HA,728,pp_RG,279,pp_IN,242,pp_PA,71,pp_RO,57,pp_UO,37,pp_HD,35,pp_HS,1
bstream_015,Prio ett,"Schepp, Emelie",,F,no,CRIME,no,strm,117096,pp_VB,22942,pp_PN,14555,pp_NN,14300,pp_MA,9814,pp_MI,9473,pp_PP,9379,pp_AB,8687,pp_KN,5092,pp_PM,4101,pp_JJ,3987,pp_DT,3383,pp_PL,2223,pp_SN,1902,pp_HP,1397,pp_PS,1298,pp_HA,1118,pp_PC,1013,pp_IE,1002,pp_IN,762,pp_RG,460,pp_RO,80,pp_HD,47,pp_PA,40,pp_UO,35,pp_HS,6
bstream_016,Svart stjärna - S1E1,"Ersgård, Jesper",Joakim Ersgård,M,no,OTHER,no,strm,14788,pp_VB,2665,pp_NN,2012,pp_PN,1550,pp_AB,1395,pp_PP,1277,pp_MA,1275,pp_MI,708,pp_JJ,647,pp_PM,622,pp_DT,612,pp_KN,610,pp_PL,266,pp_SN,240,pp_HP,198,pp_PS,146,pp_PC,144,pp_HA,124,pp_IE,109,pp_RG,89,pp_IN,51,pp_PA,24,pp_RO,14,pp_HD,7,pp_UO,3
bstream_017,Mordbrännaren,"Kant, Johan",Anders Gustafson,M,no,CRIME,no,strm,99840,pp_VB,19336,pp_NN,14531,pp_PN,9789,pp_PP,8947,pp_MA,8185,pp_AB,6925,pp_PM,5340,pp_MI,4718,pp_KN,4246,pp_JJ,3848,pp_DT,3572,pp_PL,2184,pp_SN,1782,pp_HP,1136,pp_IE,1064,pp_PC,1047,pp_PS,1037,pp_HA,999,pp_RG,528,pp_IN,402,pp_RO,70,pp_PA,59,pp_HD,58,pp_UO,35,pp_HS,2
bstream_018,Midnattsflickor,"Moström, Jonas",,M,no,CRIME,no,strm,112451,pp_VB,20206,pp_NN,16211,pp_PN,11222,pp_PP,9984,pp_MA,8162,pp_AB,6988,pp_MI,6811,pp_PM,5193,pp_KN,5192,pp_JJ,4185,pp_DT,3754,pp_PA,3577,pp_PL,2157,pp_SN,1867,pp_HP,1229,pp_PC,1219,pp_HA,1070,pp_PS,1070,pp_IE,846,pp_RG,749,pp_IN,472,pp_RO,136,pp_UO,123,pp_HD,21,pp_HS,7
bstream_019,När livet börjar om,"Dillon, Lucy",,F,transl,OTHER,no,strm,167324,pp_VB,30758,pp_PN,20218,pp_NN,19001,pp_AB,14390,pp_PP,13175,pp_MA,11442,pp_MI,9413,pp_JJ,7625,pp_KN,7364,pp_PM,5910,pp_DT,5614,pp_PA,5367,pp_SN,3292,pp_PL,2904,pp_PS,2092,pp_IE,1944,pp_HP,1821,pp_HA,1781,pp_PC,1517,pp_IN,890,pp_RG,521,pp_RO,126,pp_UO,94,pp_HD,50,pp_HS,15
bstream_020,Välkommen hem,"Schulman, Ninni",,F,no,CRIME,no,strm,140703,pp_VB,26815,pp_PN,16591,pp_NN,15652,pp_AB,12544,pp_MA,11282,pp_PP,11126,pp_MI,8273,pp_PM,5666,pp_KN,5592,pp_JJ,4991,pp_PA,4642,pp_DT,4151,pp_PL,3160,pp_SN,2289,pp_HP,1692,pp_HA,1660,pp_IE,1275,pp_PC,1003,pp_PS,944,pp_IN,763,pp_RG,382,pp_RO,87,pp_UO,75,pp_HD,46,pp_HS,2
bstream_021,Sov du lilla videung,"Börjlind, Rolf",Cilla Börjlind,2,no,CRIME,no,strm,140501,pp_VB,26290,pp_NN,18878,pp_PN,15867,pp_MA,12928,pp_PP,12197,pp_AB,10899,pp_MI,7415,pp_KN,5927,pp_JJ,5623,pp_PM,5523,pp_DT,5509,pp_PL,3646,pp_SN,1702,pp_HP,1654,pp_HA,1592,pp_PC,1294,pp_PS,1223,pp_IE,988,pp_IN,621,pp_RG,370,pp_PA,160,pp_RO,117,pp_HD,51,pp_UO,25,pp_HS,2
bstream_022,Den hemliga kvinnan,"Ekberg, Anna",,F,no,CRIME,no,strm,138889,pp_VB,25389,pp_NN,17929,pp_PN,16937,pp_MA,12515,pp_PP,11172,pp_AB,10606,pp_MI,10277,pp_JJ,6126,pp_DT,5319,pp_PM,5251,pp_KN,4237,pp_PL,2919,pp_HP,1891,pp_SN,1861,pp_PS,1779,pp_PC,1386,pp_HA,1184,pp_IE,1087,pp_RG,458,pp_IN,337,pp_RO,110,pp_PA,53,pp_UO,42,pp_HD,20,pp_HS,4
bstream_023,Det du inte vet,"Jansson, Anna",,F,no,CRIME,no,strm,101584,pp_VB,20387,pp_NN,13520,pp_PN,11702,pp_MA,8950,pp_PP,8941,pp_AB,6599,pp_PM,5081,pp_JJ,3800,pp_KN,3712,pp_MI,3527,pp_DT,3217,pp_PA,2298,pp_SN,1985,pp_PL,1971,pp_HP,1119,pp_IE,1075,pp_PC,1055,pp_HA,1016,pp_PS,966,pp_RG,318,pp_IN,245,pp_RO,41,pp_HD,28,pp_UO,24,pp_HS,7
bstream_024,Tryggare kan ingen vara,"Öhrlund, Dag",,M,no,CRIME,no,strm,122989,pp_VB,22033,pp_NN,16436,pp_PN,12714,pp_AB,10136,pp_PP,9967,pp_MA,9275,pp_MI,6916,pp_KN,5669,pp_JJ,4927,pp_PM,4752,pp_DT,4606,pp_PA,3287,pp_PL,2373,pp_SN,2252,pp_HP,1357,pp_HA,1251,pp_IE,1137,pp_PC,1130,pp_PS,1075,pp_IN,814,pp_RG,614,pp_UO,116,pp_HD,73,pp_RO,71,pp_HS,8
bstream_025,Uppståndelsen,"Buthler, Dan",Dag Öhrlund,M,no,CRIME,no,strm,101596,pp_VB,18024,pp_NN,15153,pp_PN,9727,pp_PP,9051,pp_AB,7787,pp_MA,6745,pp_KN,4812,pp_PM,4703,pp_MI,4659,pp_JJ,4650,pp_DT,4184,pp_PL,1966,pp_SN,1867,pp_PA,1512,pp_PS,1261,pp_PC,1149,pp_IE,1102,pp_HA,1061,pp_HP,939,pp_RG,559,pp_IN,459,pp_UO,92,pp_RO,74,pp_HD,51,pp_HS,9
bstream_026,De sju som såg,"Rudberg, Denise",,F,no,CRIME,no,strm,79252,pp_VB,15232,pp_PN,9453,pp_NN,9341,pp_AB,7917,pp_PP,6326,pp_MA,6148,pp_JJ,3562,pp_KN,3289,pp_MI,3267,pp_PM,3001,pp_DT,2966,pp_SN,1881,pp_PL,1615,pp_IE,1068,pp_PS,984,pp_HP,884,pp_HA,743,pp_PC,733,pp_IN,353,pp_RG,352,pp_RO,68,pp_PA,33,pp_HD,18,pp_UO,14,pp_HS,4
bstream_027,Trogen intill döden,"Moström, Jonas",,M,no,CRIME,no,strm,118611,pp_VB,21290,pp_NN,17057,pp_PN,11706,pp_PP,10546,pp_MA,8512,pp_AB,7679,pp_MI,6961,pp_PM,5799,pp_KN,5518,pp_JJ,4207,pp_PA,4101,pp_DT,3984,pp_SN,2046,pp_PL,2033,pp_HP,1348,pp_HA,1160,pp_PC,1106,pp_PS,1101,pp_IE,927,pp_RG,839,pp_IN,466,pp_RO,96,pp_UO,89,pp_HD,36,pp_HS,4
bstream_028,Prästens lilla flicka,"Casserfelt, Susan",,F,no,CRIME,no,strm,108609,pp_VB,20069,pp_NN,16153,pp_PN,10584,pp_PP,9922,pp_MA,9593,pp_AB,7820,pp_PM,4965,pp_MI,4683,pp_JJ,4059,pp_KN,3701,pp_DT,3386,pp_PA,2593,pp_PL,2377,pp_SN,1800,pp_HP,1288,pp_PC,1084,pp_IE,1075,pp_HA,1054,pp_PS,999,pp_RG,491,pp_IN,445,pp_UO,336,pp_RO,86,pp_HD,41,pp_HS,5
bstream_029,Den tatuerade cirkeln,"Casserfelt, Susan",,F,no,CRIME,no,strm,143079,pp_VB,25452,pp_NN,20844,pp_PN,14233,pp_PP,12725,pp_MA,12152,pp_AB,10171,pp_MI,7228,pp_JJ,5850,pp_KN,5217,pp_DT,5034,pp_PM,4999,pp_PA,4544,pp_PL,3254,pp_SN,2344,pp_HP,1693,pp_IE,1499,pp_HA,1462,pp_PC,1400,pp_PS,1335,pp_IN,633,pp_RG,627,pp_UO,207,pp_RO,107,pp_HD,65,pp_HS,4
bstream_030,Kvinnan på bänken,"Jansson, Anna",,F,no,CRIME,no,strm,92295,pp_VB,18131,pp_NN,12119,pp_PN,11379,pp_MA,8159,pp_PP,7699,pp_AB,6314,pp_JJ,3659,pp_PM,3575,pp_MI,3497,pp_KN,3431,pp_DT,3009,pp_PA,2423,pp_SN,1716,pp_PL,1648,pp_PS,1079,pp_HP,1074,pp_HA,1000,pp_PC,936,pp_IE,840,pp_RG,245,pp_IN,237,pp_RO,49,pp_UO,49,pp_HD,26,pp_HS,1
bstream_031,Bakom stängda dörrar,"Paris, B.A.",,F,transl,CRIME,no,strm,97928,pp_VB,20095,pp_PN,14959,pp_NN,9420,pp_PP,7835,pp_AB,7717,pp_MI,5856,pp_MA,5325,pp_KN,3940,pp_SN,3334,pp_JJ,3071,pp_PA,2940,pp_PM,2595,pp_DT,2484,pp_PL,1999,pp_IE,1483,pp_HA,1416,pp_PS,1116,pp_HP,896,pp_PC,728,pp_IN,333,pp_RG,256,pp_RO,80,pp_HD,28,pp_UO,19,pp_HS,3
bstream_033,5:e Moseboken,"Larsson, Christina",,F,no,CRIME,no,strm,110332,pp_VB,20781,pp_NN,14046,pp_PN,12676,pp_PP,9724,pp_AB,8683,pp_MA,7271,pp_KN,5096,pp_MI,4703,pp_PM,4439,pp_JJ,4093,pp_DT,3779,pp_PA,3230,pp_PL,2256,pp_SN,2054,pp_HP,1734,pp_PS,1089,pp_IE,1040,pp_PC,1015,pp_HA,1011,pp_RG,866,pp_IN,552,pp_RO,121,pp_HD,56,pp_UO,15,pp_HS,2
bstream_034,Nådastöten,"Larsson, Christina",,F,no,CRIME,no,strm,105602,pp_VB,19462,pp_NN,13855,pp_PN,11970,pp_PP,9324,pp_AB,8028,pp_MA,7886,pp_KN,4909,pp_MI,4690,pp_PM,4302,pp_JJ,3570,pp_DT,3272,pp_PA,3112,pp_PL,2108,pp_SN,1951,pp_HP,1597,pp_IE,1191,pp_PS,1114,pp_PC,1079,pp_HA,1012,pp_RG,543,pp_IN,489,pp_RO,61,pp_HD,38,pp_UO,26,pp_HS,13
bstream_035,Se till mig som liten är,"Öhrlund, Dag",,M,no,CRIME,no,strm,140466,pp_VB,25259,pp_NN,18440,pp_PN,14784,pp_AB,11645,pp_PP,11265,pp_MA,10569,pp_MI,8436,pp_KN,6483,pp_JJ,5518,pp_DT,5209,pp_PM,4952,pp_PA,3909,pp_PL,2711,pp_SN,2627,pp_HP,1486,pp_HA,1373,pp_PC,1335,pp_IE,1217,pp_PS,1156,pp_IN,1051,pp_RG,719,pp_UO,155,pp_RO,93,pp_HD,69,pp_HS,5
bstream_036,Domaren,"Öhrlund, Dag",,M,no,CRIME,no,strm,107750,pp_VB,19795,pp_NN,15161,pp_PN,11306,pp_PP,8901,pp_AB,8752,pp_MA,7893,pp_MI,5786,pp_KN,5236,pp_JJ,4724,pp_DT,4052,pp_PM,3249,pp_PL,2136,pp_SN,1954,pp_PA,1765,pp_PS,1278,pp_HA,1170,pp_HP,1130,pp_PC,1105,pp_IE,1060,pp_IN,641,pp_RG,474,pp_RO,65,pp_HD,57,pp_UO,54,pp_HS,6
bstream_037,Hämndens pris,"Lewin, Erik",,M,no,CRIME,no,strm,119228,pp_VB,23463,pp_NN,17724,pp_PN,11680,pp_PP,10671,pp_AB,9355,pp_MA,8056,pp_KN,5287,pp_JJ,5098,pp_MI,4576,pp_DT,4444,pp_PM,4056,pp_PL,2550,pp_SN,2397,pp_HP,1950,pp_IE,1577,pp_PS,1402,pp_PC,1305,pp_PA,1155,pp_HA,1153,pp_RG,662,pp_IN,277,pp_UO,235,pp_RO,102,pp_HD,46,pp_HS,7
bstream_038,Änglabarnet,"Kant, Johan",Anders Gustafson,M,no,CRIME,no,strm,26115,pp_VB,4775,pp_NN,4107,pp_PP,2453,pp_PN,2214,pp_MA,1892,pp_AB,1755,pp_PM,1341,pp_KN,1192,pp_MI,1184,pp_JJ,1078,pp_DT,1002,pp_PA,522,pp_PL,522,pp_SN,389,pp_PC,323,pp_HP,272,pp_PS,271,pp_IE,249,pp_HA,243,pp_RG,183,pp_IN,85,pp_RO,32,pp_UO,17,pp_HD,13,pp_HS,1
bstream_039,Skuggorna ruva,"Moström, Jonas",,M,no,CRIME,no,strm,120139,pp_VB,22578,pp_NN,15576,pp_PN,12873,pp_PP,10283,pp_MA,9124,pp_AB,7563,pp_MI,6705,pp_PM,6090,pp_KN,5448,pp_PA,4370,pp_DT,3899,pp_JJ,3850,pp_SN,2282,pp_PL,2248,pp_HP,1522,pp_HA,1262,pp_PC,1170,pp_IE,941,pp_PS,894,pp_RG,719,pp_IN,509,pp_RO,114,pp_UO,78,pp_HD,36,pp_HS,5
bstream_040,Ondskans ansikte,"Ahlstedt, Mats",,M,no,CRIME,no,strm,96575,pp_VB,18390,pp_NN,14057,pp_PN,11154,pp_PP,8948,pp_MA,7618,pp_AB,7164,pp_MI,4686,pp_JJ,3841,pp_KN,3752,pp_DT,3560,pp_PM,3541,pp_PL,2018,pp_SN,1730,pp_HP,1212,pp_PS,1124,pp_PC,1087,pp_HA,1012,pp_IE,977,pp_RG,356,pp_IN,197,pp_RO,93,pp_HD,35,pp_UO,11,pp_HS,6,pp_PA,6
bstream_042,Mitt hjärta är ditt,"Jansson, Anna",,F,no,CRIME,no,strm,107968,pp_VB,21318,pp_NN,14461,pp_PN,12893,pp_MA,9235,pp_PP,8947,pp_AB,7086,pp_KN,4274,pp_MI,4133,pp_JJ,4111,pp_PM,4103,pp_DT,3705,pp_PA,2942,pp_SN,2086,pp_PL,2040,pp_HP,1266,pp_PS,1185,pp_HA,1127,pp_PC,1069,pp_IE,1045,pp_RG,438,pp_IN,302,pp_UO,102,pp_RO,55,pp_HD,43,pp_HS,2
bstream_043,Dotter saknad,"Jansson, Anna",,F,no,CRIME,no,strm,121389,pp_VB,24213,pp_NN,15616,pp_PN,14896,pp_PP,10308,pp_MA,9985,pp_AB,8256,pp_KN,5061,pp_PM,4880,pp_JJ,4777,pp_MI,4241,pp_DT,3975,pp_PA,2796,pp_PL,2466,pp_SN,2413,pp_HA,1444,pp_PS,1421,pp_HP,1318,pp_PC,1256,pp_IE,1190,pp_RG,412,pp_IN,350,pp_RO,58,pp_HD,31,pp_UO,22,pp_HS,4
bstream_044,Ingen lämnas kvar,"Öhrlund, Dag",,M,no,CRIME,no,strm,123545,pp_VB,21953,pp_NN,15499,pp_PN,13436,pp_AB,10710,pp_PP,9674,pp_MA,9364,pp_MI,7645,pp_KN,5843,pp_JJ,4787,pp_PM,4766,pp_DT,4503,pp_PA,3310,pp_PL,2370,pp_SN,2195,pp_HP,1306,pp_HA,1228,pp_PS,1062,pp_PC,1040,pp_IE,1011,pp_IN,958,pp_RG,613,pp_UO,131,pp_RO,92,pp_HD,46,pp_HS,3
bstream_045,Under nio nätter,"Rudberg, Denise",,F,no,CRIME,no,strm,74164,pp_VB,13961,pp_NN,9146,pp_PN,9014,pp_AB,6737,pp_PP,5977,pp_MA,5821,pp_MI,3549,pp_KN,3280,pp_JJ,3083,pp_PM,2779,pp_DT,2714,pp_PL,1583,pp_SN,1575,pp_PS,1084,pp_HP,908,pp_IE,810,pp_PC,702,pp_HA,680,pp_IN,311,pp_RG,279,pp_PA,61,pp_UO,44,pp_RO,40,pp_HD,24,pp_HS,2
bstream_046,Snödrev,"Tursten, Helene",,F,no,CRIME,no,strm,117697,pp_VB,21291,pp_NN,16949,pp_PN,12450,pp_PP,10618,pp_MA,9730,pp_AB,8892,pp_MI,5905,pp_JJ,5472,pp_DT,4768,pp_KN,4754,pp_PM,4406,pp_PL,2454,pp_SN,2113,pp_HP,1525,pp_PC,1513,pp_PS,1231,pp_IE,1109,pp_HA,1052,pp_RG,698,pp_IN,478,pp_RO,105,pp_PA,89,pp_UO,70,pp_HD,23,pp_HS,2
bstream_047,Offer 2117,"Adler-Olsen, Jussi",,M,transl,CRIME,no,strm,170118,pp_VB,29973,pp_NN,22405,pp_PN,19165,pp_AB,15346,pp_PP,15083,pp_MA,10596,pp_MI,9540,pp_KN,7817,pp_JJ,6679,pp_DT,6144,pp_PM,5545,pp_PA,3678,pp_SN,3275,pp_PL,2778,pp_HP,2636,pp_PS,2207,pp_PC,1903,pp_HA,1745,pp_IE,1435,pp_RG,922,pp_IN,734,pp_UO,247,pp_RO,169,pp_HD,83,pp_HS,13
bstream_048,Sista färjan från Ystad,"Alfredsson, Karin",,F,no,CRIME,no,strm,50279,pp_VB,9133,pp_NN,7319,pp_PN,4798,pp_PP,4160,pp_AB,3949,pp_MA,3905,pp_MI,3058,pp_PM,2280,pp_KN,2267,pp_JJ,2195,pp_DT,1912,pp_PL,1026,pp_SN,821,pp_PS,556,pp_HP,526,pp_HA,516,pp_IE,516,pp_PC,482,pp_RG,263,pp_IN,249,pp_PA,196,pp_UO,87,pp_RO,44,pp_HD,19,pp_HS,2
bstream_049,Trojanen,"Ahlstedt, Mats",,M,no,CRIME,no,strm,98414,pp_VB,18504,pp_NN,13885,pp_PN,11414,pp_PP,9076,pp_MA,7770,pp_AB,7355,pp_MI,4916,pp_PM,4008,pp_KN,3988,pp_JJ,3893,pp_DT,3570,pp_PL,1966,pp_SN,1936,pp_HP,1338,pp_PC,1055,pp_IE,1034,pp_PS,1018,pp_HA,905,pp_RG,345,pp_IN,240,pp_RO,86,pp_HD,50,pp_PA,29,pp_UO,28,pp_HS,5
bstream_050,Morden på Mörkö,"Karlsson, Samuel",,M,no,CRIME,no,strm,104468,pp_VB,19917,pp_NN,14592,pp_PN,11937,pp_PP,9585,pp_MA,8646,pp_AB,6412,pp_KN,4861,pp_DT,4340,pp_JJ,4201,pp_PM,3479,pp_MI,3416,pp_PA,2696,pp_PL,2603,pp_HP,1632,pp_SN,1339,pp_IE,1080,pp_PC,1059,pp_HA,971,pp_PS,940,pp_RG,337,pp_IN,334,pp_RO,40,pp_HD,24,pp_UO,22,pp_HS,5
bstream_051,Allt jag fått lära mig,"Westover, Tara",,F,transl,OTHER,no,strm,134098,pp_VB,25441,pp_NN,20506,pp_PN,16501,pp_PP,11946,pp_MA,8225,pp_AB,7897,pp_MI,7294,pp_KN,5571,pp_JJ,5479,pp_DT,5419,pp_SN,2866,pp_PL,2840,pp_PS,2588,pp_PM,2554,pp_PA,1928,pp_IE,1704,pp_HA,1562,pp_HP,1475,pp_PC,1243,pp_RG,575,pp_RO,217,pp_IN,114,pp_UO,93,pp_HD,35,pp_HS,25
